year_month,platform_id,seller_id,seller_gmv_target,order_target
2025-01,P01,S0001,672.51,28
2025-01,P01,S0002,151.78,10
2025-01,P01,S0003,387.59,10
2025-01,P01,S0004,60.61,10
2025-01,P01,S0005,682.27,24
2025-01,P01,S0006,331.93,11
2025-01,P01,S0007,187.81,10
2025-01,P01,S0008,7.21,10
2025-01,P01,S0009,2806.26,88
2025-01,P01,S0010,24.57,10
2025-01,P01,S0011,9091.48,504
2025-01,P01,S0012,290.49,10
2025-01,P01,S0013,2119.8,98
2025-01,P01,S0014,38.13,10
2025-01,P01,S0015,227.07,10
2025-01,P01,S0017,2117.81,86
2025-01,P01,S0018,1488.3,64
2025-01,P01,S0019,5115.18,162
2025-01,P01,S0020,1631.59,75
2025-01,P01,S0021,734.11,26
2025-01,P01,S0022,652.62,20
2025-01,P01,S0023,1070.2,45
2025-01,P01,S0024,4223.38,191
2025-01,P01,S0025,25.81,10
2025-01,P01,S0026,447.1,14
2025-01,P01,S0027,1867.06,69
2025-01,P01,S0028,114.05,10
2025-01,P01,S0029,237.58,10
2025-01,P01,S0030,213.54,10
2025-01,P01,S0031,6564.17,153
2025-01,P01,S0032,166.23,10
2025-01,P01,S0033,2336.63,84
2025-01,P01,S0034,349.97,15
2025-01,P01,S0035,6944.13,354
2025-01,P01,S0036,2494.5,77
2025-01,P01,S0037,281.06,10
2025-01,P01,S0038,687.38,27
2025-01,P01,S0039,22385.09,844
2025-01,P01,S0040,586.89,22
2025-01,P01,S0041,454.88,14
2025-01,P01,S0042,566.76,23
2025-01,P01,S0043,564.89,24
2025-01,P01,S0044,161.69,10
2025-01,P01,S0045,464.36,15
2025-01,P01,S0046,2166.14,64
2025-01,P01,S0047,241.34,10
2025-01,P01,S0048,3718.02,145
2025-01,P01,S0049,9035.21,309
2025-01,P01,S0050,1107.93,45
2025-01,P02,S0051,2350.07,69
2025-01,P02,S0052,2343.52,99
2025-01,P02,S0053,579.9,21
2025-01,P02,S0054,167.04,10
2025-01,P02,S0055,2053.79,59
2025-01,P02,S0056,579.12,19
2025-01,P02,S0057,785.75,25
2025-01,P02,S0058,0.0,10
2025-01,P02,S0059,859.31,30
2025-01,P02,S0060,1366.9,43
2025-01,P02,S0061,329.38,12
2025-01,P02,S0062,671.68,20
2025-01,P02,S0063,26.07,10
2025-01,P02,S0064,114.0,10
2025-01,P02,S0065,250.33,10
2025-01,P02,S0066,74.23,10
2025-01,P02,S0067,734.35,23
2025-01,P02,S0068,1471.63,49
2025-01,P02,S0069,17.89,10
2025-01,P02,S0070,588.11,20
2025-01,P02,S0071,675.26,42
2025-01,P02,S0072,543.04,15
2025-01,P02,S0073,140.7,10
2025-01,P02,S0074,610.73,20
2025-01,P02,S0075,3885.48,194
2025-01,P02,S0076,182.14,10
2025-01,P02,S0077,387.47,16
2025-01,P02,S0078,6408.52,250
2025-01,P02,S0079,602.11,21
2025-01,P02,S0080,460.88,15
2025-01,P02,S0081,4624.87,174
2025-01,P02,S0082,717.51,31
2025-01,P02,S0083,635.57,27
2025-01,P02,S0084,1625.84,51
2025-01,P02,S0085,809.08,26
2025-01,P02,S0086,809.11,34
2025-01,P02,S0087,51.66,10
2025-01,P02,S0088,1362.79,51
2025-01,P02,S0089,107.77,10
2025-01,P02,S0090,2190.28,111
2025-01,P02,S0091,154.53,10
2025-01,P02,S0092,121.58,10
2025-01,P03,S0093,2907.75,126
2025-01,P03,S0094,203.54,10
2025-01,P03,S0095,1397.64,41
2025-01,P03,S0096,19753.0,799
2025-01,P03,S0097,568.61,21
2025-01,P03,S0098,5675.66,265
2025-01,P03,S0099,35.23,10
2025-01,P03,S0100,31.78,10
2025-01,P03,S0101,338.69,15
2025-01,P03,S0102,2584.49,89
2025-01,P03,S0103,37.08,10
2025-01,P03,S0104,1133.26,53
2025-01,P03,S0105,1316.29,50
2025-01,P03,S0106,46.47,10
2025-01,P03,S0107,314.17,11
2025-01,P03,S0108,12182.11,460
2025-01,P03,S0109,305.78,11
2025-01,P03,S0110,461.08,26
2025-01,P03,S0111,607.58,19
2025-01,P03,S0112,3875.27,92
2025-01,P03,S0113,173.58,10
2025-01,P03,S0114,217.83,12
2025-01,P03,S0115,105.29,10
2025-01,P03,S0116,845.35,36
2025-01,P03,S0117,538.87,22
2025-01,P03,S0118,552.99,27
2025-01,P03,S0119,17.57,10
2025-01,P03,S0120,1242.36,56
2025-01,P03,S0121,535.76,18
2025-01,P03,S0122,124.15,10
2025-02,P01,S0001,1118.81,34
2025-02,P01,S0002,329.92,11
2025-02,P01,S0003,269.71,12
2025-02,P01,S0004,76.92,10
2025-02,P01,S0005,553.44,19
2025-02,P01,S0006,422.54,15
2025-02,P01,S0007,427.13,19
2025-02,P01,S0008,176.2,10
2025-02,P01,S0009,1284.11,44
2025-02,P01,S0010,53.92,10
2025-02,P01,S0011,7675.19,314
2025-02,P01,S0012,276.05,10
2025-02,P01,S0013,1524.09,45
2025-02,P01,S0014,61.76,10
2025-02,P01,S0015,492.89,25
2025-02,P01,S0017,1143.72,32
2025-02,P01,S0018,980.88,25
2025-02,P01,S0019,5324.6,232
2025-02,P01,S0020,652.37,22
2025-02,P01,S0021,487.67,17
2025-02,P01,S0022,73.83,10
2025-02,P01,S0023,632.42,20
2025-02,P01,S0024,3131.49,131
2025-02,P01,S0025,71.37,10
2025-02,P01,S0026,586.17,18
2025-02,P01,S0027,1006.95,57
2025-02,P01,S0028,8.64,10
2025-02,P01,S0029,104.54,10
2025-02,P01,S0030,261.7,10
2025-02,P01,S0031,6907.96,222
2025-02,P01,S0032,305.22,10
2025-02,P01,S0033,3819.75,154
2025-02,P01,S0034,41.57,10
2025-02,P01,S0035,5699.65,276
2025-02,P01,S0036,1564.24,67
2025-02,P01,S0037,230.28,10
2025-02,P01,S0038,1192.86,29
2025-02,P01,S0039,18137.01,557
2025-02,P01,S0040,658.7,34
2025-02,P01,S0041,547.83,17
2025-02,P01,S0042,799.65,30
2025-02,P01,S0043,404.06,23
2025-02,P01,S0044,79.62,10
2025-02,P01,S0045,631.86,18
2025-02,P01,S0046,2472.69,83
2025-02,P01,S0047,256.59,10
2025-02,P01,S0048,3734.69,130
2025-02,P01,S0049,10564.68,322
2025-02,P01,S0050,836.38,27
2025-02,P02,S0051,2901.78,88
2025-02,P02,S0052,2831.95,99
2025-02,P02,S0053,700.34,27
2025-02,P02,S0054,315.52,15
2025-02,P02,S0055,2174.37,66
2025-02,P02,S0056,243.12,10
2025-02,P02,S0057,863.95,33
2025-02,P02,S0058,58.9,10
2025-02,P02,S0059,539.0,15
2025-02,P02,S0060,1129.8,35
2025-02,P02,S0061,286.28,10
2025-02,P02,S0062,1016.82,37
2025-02,P02,S0063,206.4,10
2025-02,P02,S0064,401.65,16
2025-02,P02,S0065,147.5,10
2025-02,P02,S0066,47.71,10
2025-02,P02,S0067,299.85,12
2025-02,P02,S0068,1451.71,48
2025-02,P02,S0069,111.95,10
2025-02,P02,S0070,509.66,19
2025-02,P02,S0071,1024.0,31
2025-02,P02,S0072,231.52,10
2025-02,P02,S0073,188.41,10
2025-02,P02,S0074,770.41,22
2025-02,P02,S0075,3644.37,121
2025-02,P02,S0076,195.79,10
2025-02,P02,S0077,816.65,24
2025-02,P02,S0078,6256.32,215
2025-02,P02,S0079,1158.97,45
2025-02,P02,S0080,8.74,10
2025-02,P02,S0081,4678.71,145
2025-02,P02,S0082,517.52,14
2025-02,P02,S0083,297.09,10
2025-02,P02,S0084,1741.5,72
2025-02,P02,S0085,663.07,36
2025-02,P02,S0086,562.97,20
2025-02,P02,S0087,83.95,10
2025-02,P02,S0088,1261.08,32
2025-02,P02,S0089,91.87,10
2025-02,P02,S0090,2750.6,76
2025-02,P02,S0091,25.89,10
2025-02,P02,S0092,134.85,10
2025-02,P03,S0093,2444.21,101
2025-02,P03,S0094,109.16,10
2025-02,P03,S0095,1802.9,61
2025-02,P03,S0096,18222.82,568
2025-02,P03,S0097,130.23,10
2025-02,P03,S0098,5240.78,159
2025-02,P03,S0099,40.19,10
2025-02,P03,S0100,30.87,10
2025-02,P03,S0101,309.75,10
2025-02,P03,S0102,1554.6,51
2025-02,P03,S0104,966.33,28
2025-02,P03,S0105,1243.23,44
2025-02,P03,S0106,60.61,10
2025-02,P03,S0107,690.3,22
2025-02,P03,S0108,9196.87,297
2025-02,P03,S0109,685.07,26
2025-02,P03,S0110,280.25,11
2025-02,P03,S0111,451.11,15
2025-02,P03,S0112,3392.18,88
2025-02,P03,S0113,65.87,10
2025-02,P03,S0114,281.66,10
2025-02,P03,S0115,147.73,10
2025-02,P03,S0116,567.57,21
2025-02,P03,S0117,163.5,10
2025-02,P03,S0118,1288.08,38
2025-02,P03,S0119,10.52,10
2025-02,P03,S0120,1327.57,46
2025-02,P03,S0121,664.3,34
2025-02,P03,S0122,133.22,10
2025-03,P01,S0001,1475.69,51
2025-03,P01,S0002,47.84,10
2025-03,P01,S0003,169.23,10
2025-03,P01,S0004,85.29,10
2025-03,P01,S0005,402.08,12
2025-03,P01,S0006,282.42,10
2025-03,P01,S0007,565.86,26
2025-03,P01,S0008,145.33,10
2025-03,P01,S0009,1946.57,89
2025-03,P01,S0010,52.06,10
2025-03,P01,S0011,10931.58,403
2025-03,P01,S0012,272.94,10
2025-03,P01,S0013,1377.77,53
2025-03,P01,S0014,216.24,10
2025-03,P01,S0015,688.67,24
2025-03,P01,S0016,18.82,10
2025-03,P01,S0017,1619.94,42
2025-03,P01,S0018,828.74,31
2025-03,P01,S0019,6601.28,247
2025-03,P01,S0020,1283.82,40
2025-03,P01,S0021,513.91,14
2025-03,P01,S0022,192.77,10
2025-03,P01,S0023,663.53,27
2025-03,P01,S0024,2274.67,98
2025-03,P01,S0025,9.5,10
2025-03,P01,S0026,664.28,29
2025-03,P01,S0027,1569.2,95
2025-03,P01,S0028,85.66,10
2025-03,P01,S0029,455.87,22
2025-03,P01,S0030,399.36,20
2025-03,P01,S0031,7597.61,293
2025-03,P01,S0032,15.74,10
2025-03,P01,S0033,3861.43,171
2025-03,P01,S0034,58.51,10
2025-03,P01,S0035,6154.63,224
2025-03,P01,S0036,3157.26,95
2025-03,P01,S0037,513.87,20
2025-03,P01,S0038,713.27,21
2025-03,P01,S0039,19277.6,953
2025-03,P01,S0040,746.17,29
2025-03,P01,S0041,360.69,11
2025-03,P01,S0042,1026.18,31
2025-03,P01,S0043,351.08,15
2025-03,P01,S0044,206.01,10
2025-03,P01,S0045,553.51,23
2025-03,P01,S0046,3847.81,209
2025-03,P01,S0047,161.47,10
2025-03,P01,S0048,3237.47,94
2025-03,P01,S0049,8935.42,275
2025-03,P01,S0050,1501.83,46
2025-03,P02,S0051,3372.3,92
2025-03,P02,S0052,3705.81,118
2025-03,P02,S0053,674.78,18
2025-03,P02,S0054,278.59,10
2025-03,P02,S0055,2223.82,89
2025-03,P02,S0056,588.1,17
2025-03,P02,S0057,885.2,37
2025-03,P02,S0058,65.41,10
2025-03,P02,S0059,741.73,36
2025-03,P02,S0060,1911.45,70
2025-03,P02,S0061,937.09,37
2025-03,P02,S0062,842.07,29
2025-03,P02,S0063,50.99,10
2025-03,P02,S0064,246.13,10
2025-03,P02,S0065,77.4,10
2025-03,P02,S0066,95.71,10
2025-03,P02,S0067,344.17,17
2025-03,P02,S0068,773.66,34
2025-03,P02,S0069,99.41,10
2025-03,P02,S0070,1143.94,47
2025-03,P02,S0071,1091.07,35
2025-03,P02,S0072,949.49,39
2025-03,P02,S0073,228.19,11
2025-03,P02,S0074,1062.01,41
2025-03,P02,S0075,4038.88,160
2025-03,P02,S0076,97.52,10
2025-03,P02,S0077,1003.74,25
2025-03,P02,S0078,7129.84,228
2025-03,P02,S0079,947.56,46
2025-03,P02,S0080,44.78,10
2025-03,P02,S0081,4561.62,143
2025-03,P02,S0082,904.81,42
2025-03,P02,S0083,957.28,32
2025-03,P02,S0084,2281.43,68
2025-03,P02,S0085,986.28,29
2025-03,P02,S0086,321.44,10
2025-03,P02,S0087,88.86,10
2025-03,P02,S0088,861.08,30
2025-03,P02,S0089,118.03,10
2025-03,P02,S0090,1967.81,130
2025-03,P02,S0091,33.6,10
2025-03,P02,S0092,188.66,10
2025-03,P03,S0093,2700.06,104
2025-03,P03,S0094,194.36,10
2025-03,P03,S0095,1841.16,64
2025-03,P03,S0096,20484.25,618
2025-03,P03,S0097,89.3,10
2025-03,P03,S0098,6765.82,195
2025-03,P03,S0099,105.21,10
2025-03,P03,S0100,112.2,10
2025-03,P03,S0101,343.55,11
2025-03,P03,S0102,1851.21,58
2025-03,P03,S0103,25.84,10
2025-03,P03,S0104,1207.67,44
2025-03,P03,S0105,927.89,23
2025-03,P03,S0107,352.23,19
2025-03,P03,S0108,11097.83,358
2025-03,P03,S0109,548.69,25
2025-03,P03,S0110,174.79,10
2025-03,P03,S0111,175.21,10
2025-03,P03,S0112,2423.39,97
2025-03,P03,S0113,330.28,15
2025-03,P03,S0114,495.84,22
2025-03,P03,S0115,67.29,10
2025-03,P03,S0116,719.4,25
2025-03,P03,S0117,797.36,25
2025-03,P03,S0118,1239.5,40
2025-03,P03,S0119,186.45,10
2025-03,P03,S0120,1486.33,53
2025-03,P03,S0121,376.62,11
2025-03,P03,S0122,9.34,10
2025-04,P01,S0001,1238.34,41
2025-04,P01,S0002,76.39,10
2025-04,P01,S0003,315.79,10
2025-04,P01,S0004,191.37,10
2025-04,P01,S0005,495.61,19
2025-04,P01,S0006,164.51,10
2025-04,P01,S0007,372.41,12
2025-04,P01,S0008,260.01,10
2025-04,P01,S0009,2722.38,125
2025-04,P01,S0010,103.78,10
2025-04,P01,S0011,7860.35,318
2025-04,P01,S0012,165.58,10
2025-04,P01,S0013,1497.85,52
2025-04,P01,S0014,399.75,14
2025-04,P01,S0015,318.41,11
2025-04,P01,S0016,34.52,10
2025-04,P01,S0017,1260.13,56
2025-04,P01,S0018,699.29,21
2025-04,P01,S0019,5272.39,121
2025-04,P01,S0020,980.74,28
2025-04,P01,S0021,719.45,25
2025-04,P01,S0022,21.94,10
2025-04,P01,S0023,614.13,15
2025-04,P01,S0024,4590.18,148
2025-04,P01,S0025,94.59,10
2025-04,P01,S0026,577.79,17
2025-04,P01,S0027,1533.48,37
2025-04,P01,S0028,33.48,10
2025-04,P01,S0029,313.81,13
2025-04,P01,S0030,335.22,10
2025-04,P01,S0031,6253.07,161
2025-04,P01,S0032,274.27,10
2025-04,P01,S0033,3738.0,125
2025-04,P01,S0034,90.8,10
2025-04,P01,S0035,5944.1,222
2025-04,P01,S0036,1744.94,93
2025-04,P01,S0037,537.82,28
2025-04,P01,S0038,833.85,31
2025-04,P01,S0039,17274.8,742
2025-04,P01,S0040,395.85,14
2025-04,P01,S0041,334.49,10
2025-04,P01,S0042,808.54,23
2025-04,P01,S0043,390.48,11
2025-04,P01,S0044,384.37,11
2025-04,P01,S0045,485.35,18
2025-04,P01,S0046,1837.38,93
2025-04,P01,S0047,551.77,17
2025-04,P01,S0048,3348.68,95
2025-04,P01,S0049,10484.41,319
2025-04,P01,S0050,815.08,38
2025-04,P02,S0051,3362.85,156
2025-04,P02,S0052,3230.09,97
2025-04,P02,S0053,524.35,21
2025-04,P02,S0054,326.28,12
2025-04,P02,S0055,2215.57,95
2025-04,P02,S0056,286.93,10
2025-04,P02,S0057,1043.74,37
2025-04,P02,S0059,303.46,11
2025-04,P02,S0060,1456.26,43
2025-04,P02,S0061,453.06,13
2025-04,P02,S0062,1250.53,44
2025-04,P02,S0064,482.62,22
2025-04,P02,S0065,256.24,10
2025-04,P02,S0066,68.8,10
2025-04,P02,S0067,88.6,10
2025-04,P02,S0068,1303.57,46
2025-04,P02,S0069,645.42,18
2025-04,P02,S0070,1006.45,31
2025-04,P02,S0071,1307.37,62
2025-04,P02,S0072,799.24,39
2025-04,P02,S0073,334.05,11
2025-04,P02,S0074,483.16,18
2025-04,P02,S0075,3860.54,124
2025-04,P02,S0076,283.76,11
2025-04,P02,S0077,647.52,16
2025-04,P02,S0078,6074.3,226
2025-04,P02,S0079,618.78,15
2025-04,P02,S0080,184.88,10
2025-04,P02,S0081,6951.76,176
2025-04,P02,S0082,948.06,38
2025-04,P02,S0083,647.39,21
2025-04,P02,S0084,2223.19,105
2025-04,P02,S0085,408.63,15
2025-04,P02,S0086,862.13,34
2025-04,P02,S0087,103.13,10
2025-04,P02,S0088,1174.7,41
2025-04,P02,S0089,183.01,10
2025-04,P02,S0090,2141.87,74
2025-04,P02,S0091,90.51,10
2025-04,P02,S0092,131.44,10
2025-04,P03,S0093,3289.48,96
2025-04,P03,S0094,215.82,12
2025-04,P03,S0095,2942.4,115
2025-04,P03,S0096,17619.49,819
2025-04,P03,S0097,228.91,10
2025-04,P03,S0098,5362.25,177
2025-04,P03,S0099,12.27,10
2025-04,P03,S0100,65.85,10
2025-04,P03,S0101,143.3,10
2025-04,P03,S0102,2937.34,87
2025-04,P03,S0103,127.13,10
2025-04,P03,S0104,1828.22,61
2025-04,P03,S0105,935.9,32
2025-04,P03,S0106,105.08,10
2025-04,P03,S0107,1020.3,30
2025-04,P03,S0108,11620.57,322
2025-04,P03,S0109,661.77,27
2025-04,P03,S0110,230.1,10
2025-04,P03,S0111,436.5,13
2025-04,P03,S0112,4013.48,112
2025-04,P03,S0113,57.7,10
2025-04,P03,S0114,891.06,22
2025-04,P03,S0115,33.41,10
2025-04,P03,S0116,826.35,24
2025-04,P03,S0117,696.12,24
2025-04,P03,S0118,1207.45,49
2025-04,P03,S0119,87.01,10
2025-04,P03,S0120,1161.63,40
2025-04,P03,S0121,612.69,26
2025-04,P03,S0122,54.06,10
2025-05,P01,S0001,1239.3,47
2025-05,P01,S0002,144.24,10
2025-05,P01,S0003,268.41,12
2025-05,P01,S0004,72.25,10
2025-05,P01,S0005,509.44,13
2025-05,P01,S0006,354.89,10
2025-05,P01,S0007,640.72,19
2025-05,P01,S0009,2231.27,115
2025-05,P01,S0010,61.63,10
2025-05,P01,S0011,7857.09,280
2025-05,P01,S0012,167.47,10
2025-05,P01,S0013,1920.27,73
2025-05,P01,S0014,151.54,10
2025-05,P01,S0015,760.7,22
2025-05,P01,S0016,0.0,10
2025-05,P01,S0017,1404.39,45
2025-05,P01,S0018,1338.03,50
2025-05,P01,S0019,5626.45,247
2025-05,P01,S0020,1350.48,53
2025-05,P01,S0021,851.86,25
2025-05,P01,S0022,54.31,10
2025-05,P01,S0023,1020.62,32
2025-05,P01,S0024,2823.41,81
2025-05,P01,S0025,74.77,10
2025-05,P01,S0026,639.08,36
2025-05,P01,S0027,2516.39,77
2025-05,P01,S0028,236.18,10
2025-05,P01,S0029,261.51,10
2025-05,P01,S0030,193.63,12
2025-05,P01,S0031,9050.59,363
2025-05,P01,S0032,425.09,14
2025-05,P01,S0033,5229.71,182
2025-05,P01,S0034,43.46,10
2025-05,P01,S0035,5835.86,317
2025-05,P01,S0036,1050.18,31
2025-05,P01,S0037,1057.97,42
2025-05,P01,S0038,1009.55,30
2025-05,P01,S0039,20199.37,668
2025-05,P01,S0040,736.59,30
2025-05,P01,S0041,392.11,15
2025-05,P01,S0042,1577.65,61
2025-05,P01,S0043,270.03,12
2025-05,P01,S0044,209.6,10
2025-05,P01,S0045,391.96,15
2025-05,P01,S0046,2418.7,94
2025-05,P01,S0047,444.85,17
2025-05,P01,S0048,3495.96,137
2025-05,P01,S0049,11304.79,350
2025-05,P01,S0050,1133.7,40
2025-05,P02,S0051,2333.95,92
2025-05,P02,S0052,2035.36,93
2025-05,P02,S0053,810.87,27
2025-05,P02,S0054,400.62,17
2025-05,P02,S0055,2780.2,76
2025-05,P02,S0056,736.91,18
2025-05,P02,S0057,955.91,42
2025-05,P02,S0058,95.7,10
2025-05,P02,S0059,451.05,17
2025-05,P02,S0060,1894.76,65
2025-05,P02,S0061,436.43,18
2025-05,P02,S0062,1233.38,37
2025-05,P02,S0063,22.97,10
2025-05,P02,S0064,281.14,14
2025-05,P02,S0065,112.62,10
2025-05,P02,S0066,74.08,10
2025-05,P02,S0067,59.26,10
2025-05,P02,S0068,1050.82,42
2025-05,P02,S0069,103.84,10
2025-05,P02,S0070,1063.5,39
2025-05,P02,S0071,957.63,30
2025-05,P02,S0072,894.87,23
2025-05,P02,S0073,219.88,10
2025-05,P02,S0074,756.55,27
2025-05,P02,S0075,4514.89,162
2025-05,P02,S0076,136.44,10
2025-05,P02,S0077,321.33,10
2025-05,P02,S0078,6940.13,250
2025-05,P02,S0079,1224.17,54
2025-05,P02,S0080,303.0,10
2025-05,P02,S0081,4689.48,136
2025-05,P02,S0082,618.41,18
2025-05,P02,S0083,1327.03,46
2025-05,P02,S0084,1943.8,70
2025-05,P02,S0085,635.58,17
2025-05,P02,S0086,693.81,29
2025-05,P02,S0087,88.0,10
2025-05,P02,S0088,1379.41,41
2025-05,P02,S0089,206.16,10
2025-05,P02,S0090,2762.31,90
2025-05,P02,S0091,186.3,10
2025-05,P02,S0092,8.31,10
2025-05,P03,S0093,2695.92,107
2025-05,P03,S0094,79.82,10
2025-05,P03,S0095,2389.98,122
2025-05,P03,S0096,20089.08,829
2025-05,P03,S0097,248.91,10
2025-05,P03,S0098,6400.14,294
2025-05,P03,S0099,56.21,10
2025-05,P03,S0101,194.86,10
2025-05,P03,S0102,2954.5,79
2025-05,P03,S0104,2019.58,56
2025-05,P03,S0105,847.13,27
2025-05,P03,S0106,254.35,17
2025-05,P03,S0107,539.09,27
2025-05,P03,S0108,10707.56,463
2025-05,P03,S0109,364.87,10
2025-05,P03,S0110,119.37,10
2025-05,P03,S0111,336.17,12
2025-05,P03,S0112,3858.92,131
2025-05,P03,S0113,122.85,10
2025-05,P03,S0114,576.85,21
2025-05,P03,S0115,110.1,10
2025-05,P03,S0116,970.61,52
2025-05,P03,S0117,567.71,19
2025-05,P03,S0118,1495.11,64
2025-05,P03,S0119,50.21,10
2025-05,P03,S0120,1778.14,55
2025-05,P03,S0121,492.5,17
2025-05,P03,S0122,128.13,10
2025-06,P01,S0001,975.51,32
2025-06,P01,S0002,118.54,10
2025-06,P01,S0003,93.52,10
2025-06,P01,S0004,259.42,10
2025-06,P01,S0005,90.34,10
2025-06,P01,S0006,347.57,16
2025-06,P01,S0007,602.05,28
2025-06,P01,S0008,551.18,24
2025-06,P01,S0009,2152.33,88
2025-06,P01,S0010,112.83,10
2025-06,P01,S0011,8466.59,346
2025-06,P01,S0013,1362.51,54
2025-06,P01,S0014,163.51,10
2025-06,P01,S0015,658.51,23
2025-06,P01,S0017,2165.38,72
2025-06,P01,S0018,1277.81,37
2025-06,P01,S0019,5326.01,199
2025-06,P01,S0020,1074.35,36
2025-06,P01,S0021,539.07,15
2025-06,P01,S0022,450.03,17
2025-06,P01,S0023,1611.67,47
2025-06,P01,S0024,3216.52,97
2025-06,P01,S0025,19.36,10
2025-06,P01,S0026,786.66,33
2025-06,P01,S0027,1547.44,66
2025-06,P01,S0028,83.55,10
2025-06,P01,S0029,454.42,15
2025-06,P01,S0030,113.91,10
2025-06,P01,S0031,9937.11,274
2025-06,P01,S0032,108.01,10
2025-06,P01,S0033,3337.05,136
2025-06,P01,S0034,55.09,10
2025-06,P01,S0035,6656.5,147
2025-06,P01,S0036,901.32,26
2025-06,P01,S0037,769.7,22
2025-06,P01,S0038,936.0,24
2025-06,P01,S0039,19987.35,793
2025-06,P01,S0040,603.81,22
2025-06,P01,S0041,471.91,16
2025-06,P01,S0042,908.88,27
2025-06,P01,S0043,302.66,10
2025-06,P01,S0044,306.34,10
2025-06,P01,S0045,205.95,10
2025-06,P01,S0046,2333.44,104
2025-06,P01,S0047,387.53,18
2025-06,P01,S0048,3513.39,112
2025-06,P01,S0049,10197.47,326
2025-06,P01,S0050,757.89,23
2025-06,P02,S0051,2722.72,104
2025-06,P02,S0052,2361.96,71
2025-06,P02,S0053,669.34,21
2025-06,P02,S0054,354.23,14
2025-06,P02,S0055,1810.42,46
2025-06,P02,S0056,633.03,15
2025-06,P02,S0057,1004.38,26
2025-06,P02,S0058,59.23,10
2025-06,P02,S0059,1332.52,59
2025-06,P02,S0060,1181.15,37
2025-06,P02,S0061,453.97,12
2025-06,P02,S0062,1171.46,53
2025-06,P02,S0063,108.72,10
2025-06,P02,S0064,221.01,10
2025-06,P02,S0065,698.72,28
2025-06,P02,S0066,239.46,10
2025-06,P02,S0067,271.67,10
2025-06,P02,S0068,1147.38,39
2025-06,P02,S0069,289.35,10
2025-06,P02,S0070,842.74,32
2025-06,P02,S0071,2173.96,68
2025-06,P02,S0072,672.03,24
2025-06,P02,S0073,92.43,10
2025-06,P02,S0074,764.56,29
2025-06,P02,S0075,4122.49,128
2025-06,P02,S0076,344.81,16
2025-06,P02,S0077,933.83,29
2025-06,P02,S0078,7079.37,247
2025-06,P02,S0079,1435.0,51
2025-06,P02,S0080,427.48,15
2025-06,P02,S0081,4163.45,135
2025-06,P02,S0082,961.91,26
2025-06,P02,S0083,1398.79,45
2025-06,P02,S0084,1398.33,45
2025-06,P02,S0085,725.92,26
2025-06,P02,S0086,766.25,23
2025-06,P02,S0088,1894.33,67
2025-06,P02,S0089,97.56,10
2025-06,P02,S0090,2230.87,133
2025-06,P02,S0091,40.39,10
2025-06,P02,S0092,310.12,11
2025-06,P03,S0093,2877.7,102
2025-06,P03,S0094,97.4,10
2025-06,P03,S0095,1897.16,82
2025-06,P03,S0096,19369.82,1257
2025-06,P03,S0097,106.22,10
2025-06,P03,S0098,8101.54,274
2025-06,P03,S0099,66.13,10
2025-06,P03,S0100,28.12,10
2025-06,P03,S0101,296.0,10
2025-06,P03,S0102,2705.64,99
2025-06,P03,S0104,1641.65,57
2025-06,P03,S0105,1679.33,38
2025-06,P03,S0106,308.69,10
2025-06,P03,S0107,619.65,20
2025-06,P03,S0108,10012.77,401
2025-06,P03,S0109,500.83,17
2025-06,P03,S0110,125.02,10
2025-06,P03,S0111,378.09,12
2025-06,P03,S0112,4446.52,154
2025-06,P03,S0113,337.04,12
2025-06,P03,S0114,389.68,22
2025-06,P03,S0115,223.71,10
2025-06,P03,S0116,1214.24,63
2025-06,P03,S0117,583.49,27
2025-06,P03,S0118,491.99,15
2025-06,P03,S0119,88.75,10
2025-06,P03,S0120,2020.57,68
2025-06,P03,S0121,1112.58,41
2025-06,P03,S0122,84.46,10
2025-07,P01,S0001,1132.57,42
2025-07,P01,S0002,66.37,10
2025-07,P01,S0003,90.32,10
2025-07,P01,S0004,107.71,10
2025-07,P01,S0005,580.6,16
2025-07,P01,S0006,111.51,10
2025-07,P01,S0007,650.58,25
2025-07,P01,S0008,58.63,10
2025-07,P01,S0009,1909.2,66
2025-07,P01,S0010,33.14,10
2025-07,P01,S0011,8840.13,278
2025-07,P01,S0012,282.87,11
2025-07,P01,S0013,1995.07,58
2025-07,P01,S0014,93.64,10
2025-07,P01,S0015,159.76,10
2025-07,P01,S0016,91.7,10
2025-07,P01,S0017,2863.56,87
2025-07,P01,S0018,563.0,21
2025-07,P01,S0019,6299.58,244
2025-07,P01,S0020,1177.41,41
2025-07,P01,S0021,940.51,27
2025-07,P01,S0022,33.5,10
2025-07,P01,S0023,953.62,31
2025-07,P01,S0024,2452.62,142
2025-07,P01,S0025,73.17,10
2025-07,P01,S0026,536.97,20
2025-07,P01,S0027,1475.51,50
2025-07,P01,S0028,31.1,10
2025-07,P01,S0029,214.6,10
2025-07,P01,S0030,282.21,10
2025-07,P01,S0031,6935.36,220
2025-07,P01,S0032,0.0,10
2025-07,P01,S0033,3192.73,135
2025-07,P01,S0034,11.12,10
2025-07,P01,S0035,7155.19,286
2025-07,P01,S0036,1873.19,55
2025-07,P01,S0037,416.95,13
2025-07,P01,S0038,1148.88,44
2025-07,P01,S0039,20123.1,579
2025-07,P01,S0040,681.85,26
2025-07,P01,S0041,566.71,20
2025-07,P01,S0042,666.45,38
2025-07,P01,S0043,692.86,54
2025-07,P01,S0044,221.0,10
2025-07,P01,S0045,370.87,13
2025-07,P01,S0046,2257.89,75
2025-07,P01,S0047,601.61,19
2025-07,P01,S0048,4071.68,161
2025-07,P01,S0049,12022.62,506
2025-07,P01,S0050,1130.95,36
2025-07,P02,S0051,2874.86,127
2025-07,P02,S0052,3063.16,93
2025-07,P02,S0053,670.31,33
2025-07,P02,S0054,260.07,11
2025-07,P02,S0055,2854.35,108
2025-07,P02,S0056,583.02,21
2025-07,P02,S0057,1543.85,48
2025-07,P02,S0058,33.06,10
2025-07,P02,S0059,802.4,34
2025-07,P02,S0060,1090.96,39
2025-07,P02,S0061,458.71,18
2025-07,P02,S0062,1242.47,44
2025-07,P02,S0063,87.45,10
2025-07,P02,S0064,54.71,10
2025-07,P02,S0065,606.46,27
2025-07,P02,S0066,133.26,10
2025-07,P02,S0067,332.89,11
2025-07,P02,S0068,1809.12,67
2025-07,P02,S0069,56.22,10
2025-07,P02,S0070,742.62,21
2025-07,P02,S0071,1007.22,34
2025-07,P02,S0072,669.78,22
2025-07,P02,S0073,537.53,19
2025-07,P02,S0074,1127.57,51
2025-07,P02,S0075,4464.82,158
2025-07,P02,S0076,116.23,10
2025-07,P02,S0077,495.0,16
2025-07,P02,S0078,6702.32,186
2025-07,P02,S0079,1702.49,68
2025-07,P02,S0080,603.85,23
2025-07,P02,S0081,6159.55,249
2025-07,P02,S0082,635.86,23
2025-07,P02,S0083,714.81,37
2025-07,P02,S0084,1783.47,69
2025-07,P02,S0085,680.26,20
2025-07,P02,S0086,543.82,16
2025-07,P02,S0087,192.88,10
2025-07,P02,S0088,703.66,27
2025-07,P02,S0089,137.8,10
2025-07,P02,S0090,3014.13,111
2025-07,P02,S0091,87.12,10
2025-07,P02,S0092,112.6,10
2025-07,P03,S0093,3307.13,118
2025-07,P03,S0094,0.0,10
2025-07,P03,S0095,2261.29,100
2025-07,P03,S0096,18001.85,732
2025-07,P03,S0097,276.1,10
2025-07,P03,S0098,6067.01,218
2025-07,P03,S0099,221.02,13
2025-07,P03,S0100,27.36,10
2025-07,P03,S0101,313.72,10
2025-07,P03,S0102,2231.32,56
2025-07,P03,S0103,56.01,10
2025-07,P03,S0104,1213.38,57
2025-07,P03,S0105,871.38,36
2025-07,P03,S0106,75.69,10
2025-07,P03,S0107,497.37,21
2025-07,P03,S0108,12473.87,426
2025-07,P03,S0109,460.51,14
2025-07,P03,S0110,102.7,10
2025-07,P03,S0111,507.94,20
2025-07,P03,S0112,2834.89,144
2025-07,P03,S0113,343.88,10
2025-07,P03,S0114,652.03,22
2025-07,P03,S0115,59.56,10
2025-07,P03,S0116,1338.56,39
2025-07,P03,S0117,340.9,15
2025-07,P03,S0118,1658.12,58
2025-07,P03,S0119,32.05,10
2025-07,P03,S0120,1515.7,58
2025-07,P03,S0121,1012.28,37
2025-07,P03,S0122,55.23,10
2025-08,P01,S0001,1911.51,63
2025-08,P01,S0002,55.68,10
2025-08,P01,S0003,150.74,10
2025-08,P01,S0004,164.7,10
2025-08,P01,S0005,356.28,13
2025-08,P01,S0006,561.23,37
2025-08,P01,S0007,492.41,20
2025-08,P01,S0008,354.79,10
2025-08,P01,S0009,2834.13,141
2025-08,P01,S0010,32.76,10
2025-08,P01,S0011,9609.9,424
2025-08,P01,S0012,142.28,10
2025-08,P01,S0013,2383.43,89
2025-08,P01,S0014,188.57,10
2025-08,P01,S0015,472.23,14
2025-08,P01,S0016,47.82,10
2025-08,P01,S0017,2285.65,109
2025-08,P01,S0018,515.55,22
2025-08,P01,S0019,5218.89,163
2025-08,P01,S0020,1075.47,40
2025-08,P01,S0021,566.02,17
2025-08,P01,S0022,45.52,10
2025-08,P01,S0023,1350.45,54
2025-08,P01,S0024,3043.56,124
2025-08,P01,S0025,113.64,10
2025-08,P01,S0026,570.01,24
2025-08,P01,S0027,2720.82,100
2025-08,P01,S0028,207.87,10
2025-08,P01,S0029,328.89,14
2025-08,P01,S0030,183.24,10
2025-08,P01,S0031,5166.17,169
2025-08,P01,S0032,262.28,10
2025-08,P01,S0033,4684.53,191
2025-08,P01,S0034,31.15,10
2025-08,P01,S0035,7561.53,280
2025-08,P01,S0036,1359.29,50
2025-08,P01,S0037,871.89,35
2025-08,P01,S0038,493.34,16
2025-08,P01,S0039,18250.98,811
2025-08,P01,S0040,919.4,31
2025-08,P01,S0041,449.2,17
2025-08,P01,S0042,904.07,42
2025-08,P01,S0043,513.6,16
2025-08,P01,S0044,156.71,10
2025-08,P01,S0045,409.18,15
2025-08,P01,S0046,3036.2,128
2025-08,P01,S0047,435.03,12
2025-08,P01,S0048,3277.17,92
2025-08,P01,S0049,10425.45,346
2025-08,P01,S0050,1516.59,64
2025-08,P02,S0051,2637.69,136
2025-08,P02,S0052,2386.71,101
2025-08,P02,S0053,819.55,36
2025-08,P02,S0054,119.41,10
2025-08,P02,S0055,1579.54,43
2025-08,P02,S0056,670.36,16
2025-08,P02,S0057,649.85,25
2025-08,P02,S0059,1294.37,41
2025-08,P02,S0060,1154.37,43
2025-08,P02,S0061,645.1,19
2025-08,P02,S0062,2281.61,62
2025-08,P02,S0063,143.42,10
2025-08,P02,S0064,165.55,10
2025-08,P02,S0065,394.91,11
2025-08,P02,S0066,110.27,10
2025-08,P02,S0067,225.82,10
2025-08,P02,S0068,1765.29,52
2025-08,P02,S0069,93.47,10
2025-08,P02,S0070,1109.27,54
2025-08,P02,S0071,1030.97,31
2025-08,P02,S0072,194.23,10
2025-08,P02,S0073,15.23,10
2025-08,P02,S0074,469.4,18
2025-08,P02,S0075,4538.75,141
2025-08,P02,S0076,223.75,10
2025-08,P02,S0077,814.8,27
2025-08,P02,S0078,6341.96,187
2025-08,P02,S0079,857.49,28
2025-08,P02,S0081,4866.24,192
2025-08,P02,S0082,1248.37,51
2025-08,P02,S0083,966.03,34
2025-08,P02,S0084,1351.15,54
2025-08,P02,S0085,441.72,15
2025-08,P02,S0086,629.93,45
2025-08,P02,S0087,125.31,10
2025-08,P02,S0088,640.99,29
2025-08,P02,S0089,86.64,10
2025-08,P02,S0090,1831.99,59
2025-08,P02,S0091,220.22,10
2025-08,P02,S0092,193.27,10
2025-08,P03,S0093,4043.54,95
2025-08,P03,S0094,172.45,10
2025-08,P03,S0095,3551.28,223
2025-08,P03,S0096,18858.68,840
2025-08,P03,S0097,417.41,16
2025-08,P03,S0098,5496.85,214
2025-08,P03,S0099,120.33,10
2025-08,P03,S0101,342.74,12
2025-08,P03,S0102,2441.18,81
2025-08,P03,S0103,12.84,10
2025-08,P03,S0104,1742.16,62
2025-08,P03,S0105,938.31,28
2025-08,P03,S0106,105.32,10
2025-08,P03,S0107,628.05,17
2025-08,P03,S0108,10947.95,398
2025-08,P03,S0109,585.15,37
2025-08,P03,S0110,89.29,10
2025-08,P03,S0111,642.95,20
2025-08,P03,S0112,3116.25,120
2025-08,P03,S0113,232.44,10
2025-08,P03,S0114,182.61,10
2025-08,P03,S0115,157.16,10
2025-08,P03,S0116,824.72,35
2025-08,P03,S0117,243.02,11
2025-08,P03,S0118,1163.25,37
2025-08,P03,S0119,66.79,10
2025-08,P03,S0120,979.76,30
2025-08,P03,S0121,922.87,32
2025-08,P03,S0122,105.99,10
2025-09,P01,S0001,1122.31,39
2025-09,P01,S0002,80.75,10
2025-09,P01,S0003,361.42,15
2025-09,P01,S0004,69.21,10
2025-09,P01,S0005,144.87,10
2025-09,P01,S0006,326.75,13
2025-09,P01,S0007,715.56,23
2025-09,P01,S0008,25.35,10
2025-09,P01,S0009,2053.82,57
2025-09,P01,S0010,75.48,10
2025-09,P01,S0011,9231.82,320
2025-09,P01,S0012,399.49,16
2025-09,P01,S0013,1752.8,56
2025-09,P01,S0014,223.33,10
2025-09,P01,S0015,228.51,10
2025-09,P01,S0017,2147.71,100
2025-09,P01,S0018,792.48,21
2025-09,P01,S0019,5113.21,154
2025-09,P01,S0020,1433.6,41
2025-09,P01,S0021,406.94,13
2025-09,P01,S0022,64.75,10
2025-09,P01,S0023,849.16,46
2025-09,P01,S0024,3235.46,144
2025-09,P01,S0025,295.89,10
2025-09,P01,S0026,1072.24,27
2025-09,P01,S0027,1318.01,56
2025-09,P01,S0028,35.5,10
2025-09,P01,S0029,214.05,10
2025-09,P01,S0030,420.0,11
2025-09,P01,S0031,7689.2,168
2025-09,P01,S0032,55.63,10
2025-09,P01,S0033,4009.15,136
2025-09,P01,S0035,7198.94,313
2025-09,P01,S0036,2740.58,81
2025-09,P01,S0037,836.94,27
2025-09,P01,S0038,1218.41,47
2025-09,P01,S0039,20526.82,1113
2025-09,P01,S0040,679.93,30
2025-09,P01,S0041,452.65,15
2025-09,P01,S0042,1726.47,74
2025-09,P01,S0043,427.23,14
2025-09,P01,S0044,608.91,24
2025-09,P01,S0045,476.46,18
2025-09,P01,S0046,2860.22,74
2025-09,P01,S0047,503.35,24
2025-09,P01,S0048,4227.9,151
2025-09,P01,S0049,12088.88,420
2025-09,P01,S0050,1395.46,47
2025-09,P02,S0051,3125.05,95
2025-09,P02,S0052,2425.22,79
2025-09,P02,S0053,824.36,29
2025-09,P02,S0054,162.93,10
2025-09,P02,S0055,2147.05,71
2025-09,P02,S0056,719.62,28
2025-09,P02,S0057,936.82,27
2025-09,P02,S0058,156.68,10
2025-09,P02,S0059,750.66,29
2025-09,P02,S0060,1635.59,56
2025-09,P02,S0061,426.01,18
2025-09,P02,S0062,538.88,20
2025-09,P02,S0063,201.8,10
2025-09,P02,S0064,645.05,33
2025-09,P02,S0065,319.46,15
2025-09,P02,S0066,133.98,10
2025-09,P02,S0067,206.22,10
2025-09,P02,S0068,1474.86,56
2025-09,P02,S0069,67.13,10
2025-09,P02,S0070,699.23,23
2025-09,P02,S0071,789.41,43
2025-09,P02,S0072,852.69,32
2025-09,P02,S0073,40.65,10
2025-09,P02,S0074,791.02,33
2025-09,P02,S0075,3241.27,148
2025-09,P02,S0076,92.12,10
2025-09,P02,S0077,324.07,10
2025-09,P02,S0078,6343.07,189
2025-09,P02,S0079,1265.81,34
2025-09,P02,S0080,348.3,12
2025-09,P02,S0081,5318.47,213
2025-09,P02,S0082,903.2,28
2025-09,P02,S0083,709.96,26
2025-09,P02,S0084,1099.75,46
2025-09,P02,S0085,920.18,40
2025-09,P02,S0086,659.09,25
2025-09,P02,S0087,297.03,10
2025-09,P02,S0088,1201.22,52
2025-09,P02,S0089,140.62,10
2025-09,P02,S0090,2444.6,90
2025-09,P02,S0091,74.51,10
2025-09,P02,S0092,195.99,10
2025-09,P03,S0093,3903.27,112
2025-09,P03,S0094,180.87,10
2025-09,P03,S0095,1729.56,82
2025-09,P03,S0096,18445.56,639
2025-09,P03,S0097,283.05,10
2025-09,P03,S0098,4823.95,229
2025-09,P03,S0099,52.48,10
2025-09,P03,S0101,225.76,10
2025-09,P03,S0102,3336.07,122
2025-09,P03,S0103,52.87,10
2025-09,P03,S0104,1282.16,41
2025-09,P03,S0105,1992.09,63
2025-09,P03,S0106,186.98,10
2025-09,P03,S0107,817.78,36
2025-09,P03,S0108,13103.22,328
2025-09,P03,S0109,641.76,24
2025-09,P03,S0110,186.19,10
2025-09,P03,S0111,656.64,24
2025-09,P03,S0112,3907.11,143
2025-09,P03,S0113,218.48,10
2025-09,P03,S0114,69.07,10
2025-09,P03,S0115,90.33,10
2025-09,P03,S0116,1315.31,53
2025-09,P03,S0117,101.77,10
2025-09,P03,S0118,1310.89,40
2025-09,P03,S0119,62.91,10
2025-09,P03,S0120,1018.74,45
2025-09,P03,S0121,705.87,26
2025-09,P03,S0122,150.28,10
2025-10,P01,S0001,998.52,45
2025-10,P01,S0002,17.26,10
2025-10,P01,S0003,157.52,10
2025-10,P01,S0004,122.47,10
2025-10,P01,S0005,393.24,13
2025-10,P01,S0006,307.32,10
2025-10,P01,S0007,501.67,21
2025-10,P01,S0008,113.54,10
2025-10,P01,S0009,3151.0,125
2025-10,P01,S0010,125.01,10
2025-10,P01,S0011,10074.88,400
2025-10,P01,S0012,559.91,17
2025-10,P01,S0013,1534.18,66
2025-10,P01,S0014,334.42,10
2025-10,P01,S0015,812.31,24
2025-10,P01,S0017,2134.25,62
2025-10,P01,S0018,1711.86,55
2025-10,P01,S0019,5953.44,197
2025-10,P01,S0020,1531.86,83
2025-10,P01,S0021,989.62,39
2025-10,P01,S0022,166.39,10
2025-10,P01,S0023,974.71,32
2025-10,P01,S0024,3055.11,121
2025-10,P01,S0025,0.0,10
2025-10,P01,S0026,869.7,51
2025-10,P01,S0027,1655.9,60
2025-10,P01,S0028,187.97,10
2025-10,P01,S0029,338.32,10
2025-10,P01,S0030,461.41,14
2025-10,P01,S0031,7567.44,264
2025-10,P01,S0032,331.58,11
2025-10,P01,S0033,5302.76,238
2025-10,P01,S0034,52.41,10
2025-10,P01,S0035,6286.16,237
2025-10,P01,S0036,672.34,25
2025-10,P01,S0037,942.85,33
2025-10,P01,S0038,867.97,38
2025-10,P01,S0039,22558.78,783
2025-10,P01,S0040,595.18,21
2025-10,P01,S0041,210.72,10
2025-10,P01,S0042,748.43,24
2025-10,P01,S0043,375.57,11
2025-10,P01,S0044,581.13,19
2025-10,P01,S0045,591.6,20
2025-10,P01,S0046,2760.68,132
2025-10,P01,S0047,843.33,39
2025-10,P01,S0048,4657.75,141
2025-10,P01,S0049,10529.48,412
2025-10,P01,S0050,1056.74,84
2025-10,P02,S0051,3191.54,94
2025-10,P02,S0052,4242.0,129
2025-10,P02,S0053,513.92,15
2025-10,P02,S0054,351.45,12
2025-10,P02,S0055,1767.64,56
2025-10,P02,S0056,565.07,14
2025-10,P02,S0057,1209.04,49
2025-10,P02,S0058,204.16,10
2025-10,P02,S0059,413.41,14
2025-10,P02,S0060,1677.85,79
2025-10,P02,S0061,428.42,19
2025-10,P02,S0062,880.99,25
2025-10,P02,S0063,224.13,10
2025-10,P02,S0064,275.65,11
2025-10,P02,S0065,450.31,31
2025-10,P02,S0066,72.15,10
2025-10,P02,S0067,138.23,10
2025-10,P02,S0068,1753.73,48
2025-10,P02,S0069,117.98,10
2025-10,P02,S0070,1309.96,52
2025-10,P02,S0071,1928.14,65
2025-10,P02,S0072,1430.69,49
2025-10,P02,S0073,12.77,10
2025-10,P02,S0074,1298.26,42
2025-10,P02,S0075,3822.43,106
2025-10,P02,S0076,508.96,20
2025-10,P02,S0077,447.66,14
2025-10,P02,S0078,5695.12,281
2025-10,P02,S0079,1803.14,51
2025-10,P02,S0080,250.06,16
2025-10,P02,S0081,4909.52,212
2025-10,P02,S0082,1137.12,53
2025-10,P02,S0083,1188.95,32
2025-10,P02,S0084,1453.86,72
2025-10,P02,S0085,1035.57,31
2025-10,P02,S0086,860.87,33
2025-10,P02,S0087,99.9,10
2025-10,P02,S0088,1363.77,55
2025-10,P02,S0089,168.16,10
2025-10,P02,S0090,2596.79,88
2025-10,P02,S0091,83.91,10
2025-10,P02,S0092,164.58,10
2025-10,P03,S0093,2767.97,79
2025-10,P03,S0094,151.67,10
2025-10,P03,S0095,1877.56,50
2025-10,P03,S0096,22168.84,588
2025-10,P03,S0097,283.04,10
2025-10,P03,S0098,3888.06,129
2025-10,P03,S0099,145.94,10
2025-10,P03,S0101,497.36,25
2025-10,P03,S0102,2884.71,96
2025-10,P03,S0104,1097.02,40
2025-10,P03,S0105,765.28,26
2025-10,P03,S0106,62.96,10
2025-10,P03,S0107,940.15,29
2025-10,P03,S0108,10884.16,452
2025-10,P03,S0109,718.58,27
2025-10,P03,S0110,184.21,10
2025-10,P03,S0111,441.28,19
2025-10,P03,S0112,3433.45,116
2025-10,P03,S0113,204.55,10
2025-10,P03,S0114,452.74,12
2025-10,P03,S0115,205.42,10
2025-10,P03,S0116,783.27,21
2025-10,P03,S0117,118.04,10
2025-10,P03,S0118,1101.57,63
2025-10,P03,S0119,41.0,10
2025-10,P03,S0120,1040.49,38
2025-10,P03,S0121,578.46,24
2025-10,P03,S0122,77.86,10
2025-11,P01,S0001,947.16,25
2025-11,P01,S0002,179.85,10
2025-11,P01,S0003,243.59,10
2025-11,P01,S0004,61.59,10
2025-11,P01,S0005,419.58,21
2025-11,P01,S0006,678.58,33
2025-11,P01,S0007,633.65,39
2025-11,P01,S0008,214.68,10
2025-11,P01,S0009,2182.51,65
2025-11,P01,S0011,9079.26,429
2025-11,P01,S0012,474.93,20
2025-11,P01,S0013,2192.2,67
2025-11,P01,S0014,207.82,10
2025-11,P01,S0015,284.48,10
2025-11,P01,S0016,50.81,10
2025-11,P01,S0017,1445.48,89
2025-11,P01,S0018,598.69,17
2025-11,P01,S0019,6465.5,249
2025-11,P01,S0020,961.87,24
2025-11,P01,S0021,314.74,10
2025-11,P01,S0022,566.38,17
2025-11,P01,S0023,1345.42,65
2025-11,P01,S0024,2038.44,67
2025-11,P01,S0025,16.58,10
2025-11,P01,S0026,966.05,23
2025-11,P01,S0027,2040.49,72
2025-11,P01,S0028,10.59,10
2025-11,P01,S0029,196.99,10
2025-11,P01,S0030,244.5,14
2025-11,P01,S0031,7281.79,263
2025-11,P01,S0032,101.45,10
2025-11,P01,S0033,2612.81,77
2025-11,P01,S0034,86.62,10
2025-11,P01,S0035,9469.42,256
2025-11,P01,S0036,4011.88,189
2025-11,P01,S0037,902.32,42
2025-11,P01,S0038,1104.99,44
2025-11,P01,S0039,20914.26,734
2025-11,P01,S0040,896.48,51
2025-11,P01,S0041,1010.91,32
2025-11,P01,S0042,846.02,30
2025-11,P01,S0043,422.88,24
2025-11,P01,S0044,329.99,11
2025-11,P01,S0045,332.38,13
2025-11,P01,S0046,3314.31,102
2025-11,P01,S0047,571.55,14
2025-11,P01,S0048,3526.81,113
2025-11,P01,S0049,9515.5,385
2025-11,P01,S0050,1058.37,43
2025-11,P02,S0051,2983.03,91
2025-11,P02,S0052,2295.54,69
2025-11,P02,S0053,976.54,39
2025-11,P02,S0054,57.56,10
2025-11,P02,S0055,1909.55,75
2025-11,P02,S0056,480.24,16
2025-11,P02,S0057,803.15,46
2025-11,P02,S0058,109.14,10
2025-11,P02,S0059,989.1,49
2025-11,P02,S0060,1913.47,71
2025-11,P02,S0061,744.36,26
2025-11,P02,S0062,706.21,34
2025-11,P02,S0063,337.37,11
2025-11,P02,S0064,397.71,16
2025-11,P02,S0065,171.4,10
2025-11,P02,S0066,134.72,10
2025-11,P02,S0067,205.97,10
2025-11,P02,S0068,1424.01,50
2025-11,P02,S0069,112.24,10
2025-11,P02,S0070,996.48,40
2025-11,P02,S0071,1273.78,41
2025-11,P02,S0072,468.66,16
2025-11,P02,S0073,472.05,19
2025-11,P02,S0074,455.73,14
2025-11,P02,S0075,5015.94,194
2025-11,P02,S0076,94.31,10
2025-11,P02,S0077,197.55,10
2025-11,P02,S0078,7409.29,352
2025-11,P02,S0079,978.06,35
2025-11,P02,S0080,94.02,10
2025-11,P02,S0081,4611.99,179
2025-11,P02,S0082,623.44,23
2025-11,P02,S0083,1105.32,51
2025-11,P02,S0084,2389.22,67
2025-11,P02,S0085,832.57,25
2025-11,P02,S0086,503.08,17
2025-11,P02,S0087,34.18,10
2025-11,P02,S0088,1044.98,49
2025-11,P02,S0089,65.66,10
2025-11,P02,S0090,3285.61,127
2025-11,P02,S0091,110.46,10
2025-11,P02,S0092,199.97,10
2025-11,P03,S0093,3648.03,134
2025-11,P03,S0094,159.73,10
2025-11,P03,S0095,2038.62,66
2025-11,P03,S0096,18139.96,532
2025-11,P03,S0097,227.99,10
2025-11,P03,S0098,5943.29,115
2025-11,P03,S0099,101.34,10
2025-11,P03,S0100,61.88,10
2025-11,P03,S0101,393.12,12
2025-11,P03,S0102,2496.37,84
2025-11,P03,S0103,42.27,10
2025-11,P03,S0104,1750.54,49
2025-11,P03,S0105,1122.4,38
2025-11,P03,S0106,78.24,10
2025-11,P03,S0107,650.42,33
2025-11,P03,S0108,11023.73,298
2025-11,P03,S0109,907.32,43
2025-11,P03,S0110,273.51,10
2025-11,P03,S0111,503.94,25
2025-11,P03,S0112,3492.78,102
2025-11,P03,S0113,64.74,10
2025-11,P03,S0114,776.56,28
2025-11,P03,S0115,160.18,10
2025-11,P03,S0116,1186.61,47
2025-11,P03,S0117,229.61,10
2025-11,P03,S0118,1621.77,53
2025-11,P03,S0119,190.77,10
2025-11,P03,S0120,1690.43,52
2025-11,P03,S0121,695.48,24
2025-11,P03,S0122,31.88,10
2025-12,P01,S0001,1769.12,73
2025-12,P01,S0002,117.57,10
2025-12,P01,S0003,317.91,12
2025-12,P01,S0004,289.49,14
2025-12,P01,S0005,629.77,24
2025-12,P01,S0006,259.59,10
2025-12,P01,S0007,1059.58,36
2025-12,P01,S0008,312.33,10
2025-12,P01,S0009,2622.47,83
2025-12,P01,S0010,150.69,10
2025-12,P01,S0011,10421.69,604
2025-12,P01,S0012,318.48,10
2025-12,P01,S0013,1325.01,59
2025-12,P01,S0014,169.3,10
2025-12,P01,S0015,841.34,39
2025-12,P01,S0017,1884.35,55
2025-12,P01,S0018,845.63,33
2025-12,P01,S0019,5446.63,196
2025-12,P01,S0020,1078.34,41
2025-12,P01,S0021,780.05,30
2025-12,P01,S0022,716.58,25
2025-12,P01,S0023,1086.51,46
2025-12,P01,S0024,3534.89,121
2025-12,P01,S0025,11.34,10
2025-12,P01,S0026,709.5,17
2025-12,P01,S0027,1653.59,58
2025-12,P01,S0028,157.17,10
2025-12,P01,S0029,522.19,23
2025-12,P01,S0030,161.57,10
2025-12,P01,S0031,6421.16,309
2025-12,P01,S0032,144.69,10
2025-12,P01,S0033,3713.05,161
2025-12,P01,S0034,126.87,10
2025-12,P01,S0035,7264.9,279
2025-12,P01,S0036,2347.92,84
2025-12,P01,S0037,968.96,60
2025-12,P01,S0038,1444.41,43
2025-12,P01,S0039,16758.78,651
2025-12,P01,S0040,410.75,23
2025-12,P01,S0041,735.46,26
2025-12,P01,S0042,1524.59,52
2025-12,P01,S0043,420.22,12
2025-12,P01,S0044,311.74,12
2025-12,P01,S0045,937.46,38
2025-12,P01,S0046,2434.1,103
2025-12,P01,S0047,91.75,10
2025-12,P01,S0048,5509.96,194
2025-12,P01,S0049,11629.14,334
2025-12,P01,S0050,1529.91,53
2025-12,P02,S0051,3355.5,82
2025-12,P02,S0052,2487.53,116
2025-12,P02,S0053,349.6,11
2025-12,P02,S0054,771.67,26
2025-12,P02,S0055,3181.82,89
2025-12,P02,S0056,611.4,25
2025-12,P02,S0057,981.57,33
2025-12,P02,S0058,310.37,13
2025-12,P02,S0059,1008.44,24
2025-12,P02,S0060,1450.61,45
2025-12,P02,S0061,518.89,21
2025-12,P02,S0062,1010.71,59
2025-12,P02,S0064,221.1,10
2025-12,P02,S0065,278.93,12
2025-12,P02,S0066,52.93,10
2025-12,P02,S0067,355.71,12
2025-12,P02,S0068,1495.9,46
2025-12,P02,S0069,4.21,10
2025-12,P02,S0070,897.62,31
2025-12,P02,S0071,1071.33,46
2025-12,P02,S0072,854.33,27
2025-12,P02,S0073,252.52,11
2025-12,P02,S0074,918.02,28
2025-12,P02,S0075,4783.73,260
2025-12,P02,S0076,198.1,10
2025-12,P02,S0077,538.1,20
2025-12,P02,S0078,5594.59,263
2025-12,P02,S0079,1868.76,71
2025-12,P02,S0080,321.61,12
2025-12,P02,S0081,6314.54,389
2025-12,P02,S0082,742.39,34
2025-12,P02,S0083,760.34,26
2025-12,P02,S0084,2241.83,94
2025-12,P02,S0085,457.96,14
2025-12,P02,S0086,651.96,22
2025-12,P02,S0087,72.27,10
2025-12,P02,S0088,1330.54,63
2025-12,P02,S0089,141.48,10
2025-12,P02,S0090,3298.09,101
2025-12,P02,S0091,98.47,10
2025-12,P02,S0092,409.0,13
2025-12,P03,S0093,4091.37,159
2025-12,P03,S0094,119.54,10
2025-12,P03,S0095,2048.93,61
2025-12,P03,S0096,21688.03,868
2025-12,P03,S0097,543.46,22
2025-12,P03,S0098,5234.35,234
2025-12,P03,S0099,31.19,10
2025-12,P03,S0100,122.35,10
2025-12,P03,S0101,215.91,10
2025-12,P03,S0102,2160.92,61
2025-12,P03,S0103,38.71,10
2025-12,P03,S0104,1356.88,46
2025-12,P03,S0105,1885.74,80
2025-12,P03,S0106,48.55,10
2025-12,P03,S0107,322.81,26
2025-12,P03,S0108,13015.42,524
2025-12,P03,S0109,424.77,13
2025-12,P03,S0110,232.87,12
2025-12,P03,S0111,529.06,13
2025-12,P03,S0112,3653.56,126
2025-12,P03,S0113,148.05,10
2025-12,P03,S0114,292.93,11
2025-12,P03,S0115,106.96,10
2025-12,P03,S0116,780.36,23
2025-12,P03,S0117,693.69,24
2025-12,P03,S0118,1515.27,60
2025-12,P03,S0119,64.64,10
2025-12,P03,S0120,2076.13,75
2025-12,P03,S0121,334.0,12
2025-12,P03,S0122,76.81,10
2026-01,P01,S0001,1274.86,63
2026-01,P01,S0002,28.31,10
2026-01,P01,S0003,309.92,10
2026-01,P01,S0004,145.65,10
2026-01,P01,S0005,372.27,10
2026-01,P01,S0006,373.74,14
2026-01,P01,S0007,609.53,21
2026-01,P01,S0008,253.92,14
2026-01,P01,S0009,1613.48,73
2026-01,P01,S0010,51.13,10
2026-01,P01,S0011,9499.94,374
2026-01,P01,S0012,135.45,10
2026-01,P01,S0013,2148.73,71
2026-01,P01,S0014,568.92,24
2026-01,P01,S0015,1865.71,51
2026-01,P01,S0017,2528.88,119
2026-01,P01,S0018,997.13,33
2026-01,P01,S0019,4994.08,194
2026-01,P01,S0020,1459.32,72
2026-01,P01,S0021,774.72,25
2026-01,P01,S0022,179.31,10
2026-01,P01,S0023,2230.89,69
2026-01,P01,S0024,2825.36,77
2026-01,P01,S0026,957.86,26
2026-01,P01,S0027,2091.43,92
2026-01,P01,S0028,92.5,10
2026-01,P01,S0029,227.01,10
2026-01,P01,S0030,127.02,10
2026-01,P01,S0031,6312.45,293
2026-01,P01,S0032,113.9,10
2026-01,P01,S0033,3837.22,129
2026-01,P01,S0034,91.54,10
2026-01,P01,S0035,7664.96,293
2026-01,P01,S0036,1379.08,59
2026-01,P01,S0037,1169.95,28
2026-01,P01,S0038,618.12,25
2026-01,P01,S0039,23975.71,800
2026-01,P01,S0040,540.29,20
2026-01,P01,S0041,496.13,17
2026-01,P01,S0042,1254.79,56
2026-01,P01,S0043,491.04,33
2026-01,P01,S0044,178.69,10
2026-01,P01,S0045,370.9,14
2026-01,P01,S0046,3572.31,115
2026-01,P01,S0047,658.28,34
2026-01,P01,S0048,4235.81,139
2026-01,P01,S0049,10517.04,311
2026-01,P01,S0050,1942.28,88
2026-01,P02,S0051,3323.88,106
2026-01,P02,S0052,2694.96,96
2026-01,P02,S0053,377.05,12
2026-01,P02,S0054,555.77,19
2026-01,P02,S0055,2316.79,83
2026-01,P02,S0056,595.14,21
2026-01,P02,S0057,1033.19,36
2026-01,P02,S0059,671.92,19
2026-01,P02,S0060,1634.04,45
2026-01,P02,S0061,649.71,20
2026-01,P02,S0062,743.07,49
2026-01,P02,S0064,538.44,20
2026-01,P02,S0065,127.48,10
2026-01,P02,S0066,115.66,10
2026-01,P02,S0067,162.03,10
2026-01,P02,S0068,2362.39,83
2026-01,P02,S0069,129.32,10
2026-01,P02,S0070,884.52,25
2026-01,P02,S0071,1642.27,56
2026-01,P02,S0072,1045.02,38
2026-01,P02,S0073,176.04,10
2026-01,P02,S0074,898.02,35
2026-01,P02,S0075,4495.44,134
2026-01,P02,S0076,115.0,10
2026-01,P02,S0077,513.72,18
2026-01,P02,S0078,7119.81,250
2026-01,P02,S0079,1187.18,41
2026-01,P02,S0080,17.31,10
2026-01,P02,S0081,4952.89,369
2026-01,P02,S0082,702.91,26
2026-01,P02,S0083,1174.27,32
2026-01,P02,S0084,2400.06,67
2026-01,P02,S0085,859.11,26
2026-01,P02,S0086,1060.69,42
2026-01,P02,S0087,88.99,10
2026-01,P02,S0088,891.45,31
2026-01,P02,S0089,133.24,10
2026-01,P02,S0090,3101.48,78
2026-01,P02,S0091,27.23,10
2026-01,P02,S0092,1040.48,50
2026-01,P03,S0093,3046.48,99
2026-01,P03,S0094,119.89,10
2026-01,P03,S0095,1884.39,59
2026-01,P03,S0096,21494.23,741
2026-01,P03,S0097,274.92,10
2026-01,P03,S0098,7175.12,216
2026-01,P03,S0099,97.85,10
2026-01,P03,S0100,0.0,10
2026-01,P03,S0101,242.36,10
2026-01,P03,S0102,2998.75,105
2026-01,P03,S0104,2526.2,86
2026-01,P03,S0105,1345.28,52
2026-01,P03,S0107,544.06,17
2026-01,P03,S0108,12707.35,470
2026-01,P03,S0109,797.29,25
2026-01,P03,S0110,280.65,12
2026-01,P03,S0111,624.97,33
2026-01,P03,S0112,4577.61,102
2026-01,P03,S0113,125.38,10
2026-01,P03,S0114,581.82,19
2026-01,P03,S0115,246.61,10
2026-01,P03,S0116,1065.4,35
2026-01,P03,S0117,334.24,12
2026-01,P03,S0118,1039.09,36
2026-01,P03,S0119,37.45,10
2026-01,P03,S0120,1796.07,67
2026-01,P03,S0121,1279.44,46
2026-01,P03,S0122,15.99,10
2026-02,P01,S0001,742.68,27
2026-02,P01,S0002,108.24,10
2026-02,P01,S0003,636.01,25
2026-02,P01,S0004,329.4,16
2026-02,P01,S0005,1079.69,49
2026-02,P01,S0006,616.39,31
2026-02,P01,S0007,364.12,13
2026-02,P01,S0008,54.97,10
2026-02,P01,S0009,2427.23,126
2026-02,P01,S0010,61.5,10
2026-02,P01,S0011,8851.93,423
2026-02,P01,S0012,478.66,16
2026-02,P01,S0013,903.64,26
2026-02,P01,S0014,237.26,10
2026-02,P01,S0015,283.97,10
2026-02,P01,S0016,25.26,10
2026-02,P01,S0017,1642.8,87
2026-02,P01,S0018,1159.48,40
2026-02,P01,S0019,5562.38,239
2026-02,P01,S0020,1365.87,58
2026-02,P01,S0021,1028.12,33
2026-02,P01,S0022,599.48,26
2026-02,P01,S0023,1139.4,66
2026-02,P01,S0024,3150.89,104
2026-02,P01,S0025,64.15,10
2026-02,P01,S0026,529.43,15
2026-02,P01,S0027,1541.88,88
2026-02,P01,S0028,35.32,10
2026-02,P01,S0029,174.19,10
2026-02,P01,S0030,648.7,20
2026-02,P01,S0031,6951.55,241
2026-02,P01,S0032,28.99,10
2026-02,P01,S0033,4851.58,159
2026-02,P01,S0034,13.36,10
2026-02,P01,S0035,7496.64,172
2026-02,P01,S0036,3076.35,134
2026-02,P01,S0037,941.15,30
2026-02,P01,S0038,1005.77,34
2026-02,P01,S0039,21983.82,951
2026-02,P01,S0040,704.13,27
2026-02,P01,S0041,458.58,17
2026-02,P01,S0042,726.74,22
2026-02,P01,S0043,669.29,21
2026-02,P01,S0044,329.46,14
2026-02,P01,S0045,328.58,14
2026-02,P01,S0046,1752.58,96
2026-02,P01,S0047,298.53,10
2026-02,P01,S0048,3897.51,227
2026-02,P01,S0049,9563.26,299
2026-02,P01,S0050,1189.58,57
2026-02,P02,S0051,3119.31,120
2026-02,P02,S0052,2966.11,126
2026-02,P02,S0053,854.63,32
2026-02,P02,S0054,927.15,26
2026-02,P02,S0055,2121.09,83
2026-02,P02,S0056,724.44,25
2026-02,P02,S0057,1162.4,37
2026-02,P02,S0058,74.25,10
2026-02,P02,S0059,479.75,17
2026-02,P02,S0060,1466.17,53
2026-02,P02,S0061,768.39,19
2026-02,P02,S0062,1131.17,52
2026-02,P02,S0063,48.89,10
2026-02,P02,S0064,202.65,10
2026-02,P02,S0065,191.51,10
2026-02,P02,S0066,9.78,10
2026-02,P02,S0067,131.43,10
2026-02,P02,S0068,1655.94,61
2026-02,P02,S0069,30.92,10
2026-02,P02,S0070,534.4,21
2026-02,P02,S0071,872.45,47
2026-02,P02,S0072,891.08,27
2026-02,P02,S0073,248.12,10
2026-02,P02,S0074,888.16,38
2026-02,P02,S0075,3188.88,125
2026-02,P02,S0076,313.26,13
2026-02,P02,S0077,716.91,25
2026-02,P02,S0078,7805.63,255
2026-02,P02,S0079,1291.28,34
2026-02,P02,S0080,12.87,10
2026-02,P02,S0081,4188.95,170
2026-02,P02,S0082,727.15,28
2026-02,P02,S0083,992.55,50
2026-02,P02,S0084,2621.3,94
2026-02,P02,S0085,479.55,26
2026-02,P02,S0086,567.11,25
2026-02,P02,S0087,75.56,10
2026-02,P02,S0088,1476.19,51
2026-02,P02,S0089,158.33,10
2026-02,P02,S0090,2929.81,98
2026-02,P02,S0091,78.2,10
2026-02,P02,S0092,220.43,10
2026-02,P03,S0093,3004.21,157
2026-02,P03,S0094,303.43,15
2026-02,P03,S0095,1732.8,79
2026-02,P03,S0096,19949.69,585
2026-02,P03,S0097,153.47,10
2026-02,P03,S0098,5186.75,215
2026-02,P03,S0099,101.7,10
2026-02,P03,S0100,95.61,10
2026-02,P03,S0101,227.52,10
2026-02,P03,S0102,2704.61,105
2026-02,P03,S0103,71.05,10
2026-02,P03,S0104,1307.01,39
2026-02,P03,S0105,1281.89,50
2026-02,P03,S0106,54.44,10
2026-02,P03,S0107,399.7,13
2026-02,P03,S0108,10314.42,321
2026-02,P03,S0109,550.45,20
2026-02,P03,S0110,219.35,10
2026-02,P03,S0111,598.02,24
2026-02,P03,S0112,2877.23,106
2026-02,P03,S0113,221.46,10
2026-02,P03,S0114,682.48,24
2026-02,P03,S0115,136.38,10
2026-02,P03,S0116,837.5,32
2026-02,P03,S0117,268.31,10
2026-02,P03,S0118,1089.44,40
2026-02,P03,S0119,77.59,10
2026-02,P03,S0120,1263.43,40
2026-02,P03,S0121,637.78,21
2026-02,P03,S0122,85.83,10
2026-03,P01,S0001,1040.49,36
2026-03,P01,S0002,134.62,10
2026-03,P01,S0003,450.46,17
2026-03,P01,S0004,158.97,10
2026-03,P01,S0005,594.34,22
2026-03,P01,S0006,292.66,13
2026-03,P01,S0007,687.09,21
2026-03,P01,S0008,145.14,10
2026-03,P01,S0009,2579.04,121
2026-03,P01,S0010,106.89,10
2026-03,P01,S0011,7503.57,246
2026-03,P01,S0012,0.0,10
2026-03,P01,S0013,1665.83,62
2026-03,P01,S0014,300.64,12
2026-03,P01,S0015,1088.04,31
2026-03,P01,S0017,1173.05,43
2026-03,P01,S0018,1059.97,33
2026-03,P01,S0019,6326.88,268
2026-03,P01,S0020,1643.7,80
2026-03,P01,S0021,885.62,34
2026-03,P01,S0022,227.21,10
2026-03,P01,S0023,1184.91,42
2026-03,P01,S0024,2934.41,85
2026-03,P01,S0025,144.07,10
2026-03,P01,S0026,810.0,27
2026-03,P01,S0027,1698.29,112
2026-03,P01,S0028,20.72,10
2026-03,P01,S0029,169.72,10
2026-03,P01,S0030,217.04,10
2026-03,P01,S0031,8185.21,282
2026-03,P01,S0032,303.19,10
2026-03,P01,S0033,4595.61,137
2026-03,P01,S0034,26.53,10
2026-03,P01,S0035,8350.66,303
2026-03,P01,S0036,3751.6,113
2026-03,P01,S0037,394.96,21
2026-03,P01,S0038,1160.98,43
2026-03,P01,S0039,18476.12,642
2026-03,P01,S0040,619.33,28
2026-03,P01,S0041,379.64,13
2026-03,P01,S0042,1306.66,39
2026-03,P01,S0043,348.22,10
2026-03,P01,S0044,266.52,10
2026-03,P01,S0045,603.28,20
2026-03,P01,S0046,3776.47,104
2026-03,P01,S0047,435.0,21
2026-03,P01,S0048,3759.81,104
2026-03,P01,S0049,11741.83,388
2026-03,P01,S0050,1092.85,34
2026-03,P02,S0051,3363.92,108
2026-03,P02,S0052,3298.27,106
2026-03,P02,S0053,1206.05,34
2026-03,P02,S0054,248.34,10
2026-03,P02,S0055,1572.41,51
2026-03,P02,S0056,916.02,29
2026-03,P02,S0057,1436.03,45
2026-03,P02,S0058,170.22,10
2026-03,P02,S0059,885.21,31
2026-03,P02,S0060,1433.33,61
2026-03,P02,S0061,611.8,30
2026-03,P02,S0062,695.72,34
2026-03,P02,S0063,365.38,14
2026-03,P02,S0064,233.03,14
2026-03,P02,S0065,61.59,10
2026-03,P02,S0066,27.84,10
2026-03,P02,S0067,402.89,22
2026-03,P02,S0068,1378.86,64
2026-03,P02,S0069,133.38,10
2026-03,P02,S0070,1125.23,45
2026-03,P02,S0071,1522.07,48
2026-03,P02,S0072,195.02,10
2026-03,P02,S0073,139.23,10
2026-03,P02,S0074,1338.13,45
2026-03,P02,S0075,4119.38,282
2026-03,P02,S0076,265.22,10
2026-03,P02,S0077,456.79,27
2026-03,P02,S0078,7647.94,222
2026-03,P02,S0079,2440.32,73
2026-03,P02,S0080,60.13,10
2026-03,P02,S0081,6957.15,256
2026-03,P02,S0082,684.73,25
2026-03,P02,S0083,1520.61,42
2026-03,P02,S0084,2283.47,84
2026-03,P02,S0085,424.78,19
2026-03,P02,S0086,722.81,25
2026-03,P02,S0087,40.48,10
2026-03,P02,S0088,1157.0,44
2026-03,P02,S0089,158.45,11
2026-03,P02,S0090,2423.6,81
2026-03,P02,S0091,0.0,10
2026-03,P02,S0092,666.31,20
2026-03,P03,S0093,3235.97,130
2026-03,P03,S0094,100.44,10
2026-03,P03,S0095,1945.22,62
2026-03,P03,S0096,20556.96,695
2026-03,P03,S0097,332.34,10
2026-03,P03,S0098,6168.07,225
2026-03,P03,S0099,36.67,10
2026-03,P03,S0100,0.0,10
2026-03,P03,S0101,164.26,10
2026-03,P03,S0102,2649.9,73
2026-03,P03,S0104,2158.12,77
2026-03,P03,S0105,1129.89,39
2026-03,P03,S0106,19.15,10
2026-03,P03,S0107,536.25,28
2026-03,P03,S0108,15919.4,890
2026-03,P03,S0109,584.91,18
2026-03,P03,S0110,71.39,10
2026-03,P03,S0111,461.31,19
2026-03,P03,S0112,4085.29,141
2026-03,P03,S0113,209.78,10
2026-03,P03,S0114,419.9,15
2026-03,P03,S0115,196.26,10
2026-03,P03,S0116,809.02,29
2026-03,P03,S0117,324.67,13
2026-03,P03,S0118,1165.05,46
2026-03,P03,S0119,301.12,14
2026-03,P03,S0120,1326.76,35
2026-03,P03,S0121,559.91,21
2026-03,P03,S0122,159.89,10
2026-04,P01,S0001,1052.24,53
2026-04,P01,S0002,152.66,10
2026-04,P01,S0003,406.45,23
2026-04,P01,S0004,254.71,10
2026-04,P01,S0005,230.07,11
2026-04,P01,S0006,879.92,36
2026-04,P01,S0007,197.13,10
2026-04,P01,S0008,183.67,10
2026-04,P01,S0009,2341.32,102
2026-04,P01,S0010,27.5,10
2026-04,P01,S0011,8712.23,363
2026-04,P01,S0012,170.13,10
2026-04,P01,S0013,2641.91,115
2026-04,P01,S0014,428.44,14
2026-04,P01,S0015,783.44,31
2026-04,P01,S0016,44.03,10
2026-04,P01,S0017,2264.88,75
2026-04,P01,S0018,1356.99,62
2026-04,P01,S0019,4779.89,177
2026-04,P01,S0020,963.28,43
2026-04,P01,S0021,546.17,35
2026-04,P01,S0022,157.74,10
2026-04,P01,S0023,1016.17,31
2026-04,P01,S0024,5028.85,139
2026-04,P01,S0025,88.02,10
2026-04,P01,S0026,610.55,22
2026-04,P01,S0027,1936.33,67
2026-04,P01,S0028,134.65,10
2026-04,P01,S0029,401.75,10
2026-04,P01,S0030,205.96,10
2026-04,P01,S0031,6750.95,195
2026-04,P01,S0032,136.2,10
2026-04,P01,S0033,5764.76,238
2026-04,P01,S0034,24.31,10
2026-04,P01,S0035,7641.7,384
2026-04,P01,S0036,2714.03,120
2026-04,P01,S0037,380.18,17
2026-04,P01,S0038,748.66,23
2026-04,P01,S0039,21783.92,704
2026-04,P01,S0040,666.97,24
2026-04,P01,S0041,621.17,27
2026-04,P01,S0042,1344.93,44
2026-04,P01,S0043,456.92,20
2026-04,P01,S0044,508.83,18
2026-04,P01,S0045,279.51,10
2026-04,P01,S0046,3045.48,95
2026-04,P01,S0047,629.08,34
2026-04,P01,S0048,3490.24,89
2026-04,P01,S0049,9313.79,308
2026-04,P01,S0050,1547.64,51
2026-04,P02,S0051,2693.47,98
2026-04,P02,S0052,3124.61,119
2026-04,P02,S0053,823.49,31
2026-04,P02,S0054,239.56,10
2026-04,P02,S0055,2625.18,85
2026-04,P02,S0056,689.07,34
2026-04,P02,S0057,1444.27,46
2026-04,P02,S0058,151.25,10
2026-04,P02,S0059,248.21,11
2026-04,P02,S0060,881.75,29
2026-04,P02,S0061,467.98,17
2026-04,P02,S0062,922.46,33
2026-04,P02,S0063,84.29,10
2026-04,P02,S0064,568.6,19
2026-04,P02,S0065,346.34,10
2026-04,P02,S0066,269.98,10
2026-04,P02,S0067,592.19,31
2026-04,P02,S0068,1284.79,36
2026-04,P02,S0069,83.63,10
2026-04,P02,S0070,1148.08,35
2026-04,P02,S0071,1237.45,37
2026-04,P02,S0072,971.72,50
2026-04,P02,S0073,811.86,32
2026-04,P02,S0074,1389.02,47
2026-04,P02,S0075,4648.43,162
2026-04,P02,S0076,328.48,10
2026-04,P02,S0077,458.73,18
2026-04,P02,S0078,6378.01,204
2026-04,P02,S0079,871.7,37
2026-04,P02,S0080,891.74,25
2026-04,P02,S0081,5377.28,207
2026-04,P02,S0082,805.67,26
2026-04,P02,S0083,924.86,40
2026-04,P02,S0084,2448.98,107
2026-04,P02,S0085,825.74,25
2026-04,P02,S0086,579.32,19
2026-04,P02,S0087,38.07,10
2026-04,P02,S0088,1508.46,35
2026-04,P02,S0089,271.34,12
2026-04,P02,S0090,2283.24,108
2026-04,P02,S0091,312.57,15
2026-04,P02,S0092,180.13,10
2026-04,P03,S0093,3281.12,129
2026-04,P03,S0094,117.72,10
2026-04,P03,S0095,1590.8,78
2026-04,P03,S0096,21744.43,996
2026-04,P03,S0097,710.88,28
2026-04,P03,S0098,7742.11,264
2026-04,P03,S0099,96.91,10
2026-04,P03,S0100,40.87,10
2026-04,P03,S0101,180.2,10
2026-04,P03,S0102,3004.74,168
2026-04,P03,S0104,1008.15,45
2026-04,P03,S0105,673.84,29
2026-04,P03,S0106,294.68,10
2026-04,P03,S0107,1040.25,30
2026-04,P03,S0108,12784.52,928
2026-04,P03,S0109,373.67,10
2026-04,P03,S0110,56.4,10
2026-04,P03,S0111,435.46,14
2026-04,P03,S0112,5051.29,230
2026-04,P03,S0113,97.36,10
2026-04,P03,S0114,669.95,24
2026-04,P03,S0115,71.67,10
2026-04,P03,S0116,1141.27,40
2026-04,P03,S0117,848.21,42
2026-04,P03,S0118,881.01,42
2026-04,P03,S0119,68.23,10
2026-04,P03,S0120,1591.68,60
2026-04,P03,S0121,756.16,18
2026-04,P03,S0122,32.98,10
2026-05,P01,S0001,1186.12,56
2026-05,P01,S0002,111.01,10
2026-05,P01,S0003,115.09,10
2026-05,P01,S0004,80.55,10
2026-05,P01,S0005,280.07,12
2026-05,P01,S0006,254.79,11
2026-05,P01,S0007,364.27,10
2026-05,P01,S0008,75.28,10
2026-05,P01,S0009,2351.98,77
2026-05,P01,S0010,45.86,10
2026-05,P01,S0011,9099.45,368
2026-05,P01,S0012,120.17,10
2026-05,P01,S0013,2294.89,60
2026-05,P01,S0014,206.21,10
2026-05,P01,S0015,549.37,15
2026-05,P01,S0016,27.0,10
2026-05,P01,S0017,1459.13,50
2026-05,P01,S0018,1124.47,61
2026-05,P01,S0019,6592.46,219
2026-05,P01,S0020,901.83,29
2026-05,P01,S0021,649.56,35
2026-05,P01,S0022,131.02,10
2026-05,P01,S0023,1210.92,56
2026-05,P01,S0024,5858.54,222
2026-05,P01,S0025,111.97,10
2026-05,P01,S0026,559.64,15
2026-05,P01,S0027,1753.25,87
2026-05,P01,S0028,152.91,10
2026-05,P01,S0029,115.91,10
2026-05,P01,S0030,395.22,20
2026-05,P01,S0031,8806.31,248
2026-05,P01,S0032,92.23,10
2026-05,P01,S0033,3465.02,131
2026-05,P01,S0035,8222.03,373
2026-05,P01,S0036,2609.79,88
2026-05,P01,S0037,237.69,10
2026-05,P01,S0038,1009.44,36
2026-05,P01,S0039,23281.61,943
2026-05,P01,S0040,597.99,38
2026-05,P01,S0041,628.45,31
2026-05,P01,S0042,1482.73,48
2026-05,P01,S0043,567.5,16
2026-05,P01,S0044,492.89,10
2026-05,P01,S0045,354.94,12
2026-05,P01,S0046,2598.15,83
2026-05,P01,S0047,634.82,17
2026-05,P01,S0048,4420.63,175
2026-05,P01,S0049,8084.59,300
2026-05,P01,S0050,1219.18,54
2026-05,P02,S0051,2481.68,107
2026-05,P02,S0052,1952.41,92
2026-05,P02,S0053,730.14,48
2026-05,P02,S0054,223.29,10
2026-05,P02,S0055,2107.65,99
2026-05,P02,S0056,911.05,34
2026-05,P02,S0057,1323.43,62
2026-05,P02,S0058,377.63,17
2026-05,P02,S0059,469.92,21
2026-05,P02,S0060,1969.18,74
2026-05,P02,S0061,791.77,26
2026-05,P02,S0062,1159.58,45
2026-05,P02,S0063,206.76,10
2026-05,P02,S0064,400.51,18
2026-05,P02,S0066,128.0,10
2026-05,P02,S0067,391.68,13
2026-05,P02,S0068,1580.0,71
2026-05,P02,S0069,198.47,12
2026-05,P02,S0070,739.1,26
2026-05,P02,S0071,1269.43,58
2026-05,P02,S0072,136.47,10
2026-05,P02,S0073,952.06,25
2026-05,P02,S0074,670.66,22
2026-05,P02,S0075,4467.58,295
2026-05,P02,S0076,175.32,10
2026-05,P02,S0077,443.78,12
2026-05,P02,S0078,7498.51,231
2026-05,P02,S0079,1115.44,33
2026-05,P02,S0080,384.96,17
2026-05,P02,S0081,7148.7,261
2026-05,P02,S0082,967.37,36
2026-05,P02,S0083,562.57,30
2026-05,P02,S0084,2438.4,82
2026-05,P02,S0085,634.34,22
2026-05,P02,S0086,812.97,23
2026-05,P02,S0087,240.97,11
2026-05,P02,S0088,1056.67,39
2026-05,P02,S0089,148.17,10
2026-05,P02,S0090,2645.36,74
2026-05,P02,S0091,131.83,10
2026-05,P02,S0092,598.81,21
2026-05,P03,S0093,3362.73,158
2026-05,P03,S0094,135.87,10
2026-05,P03,S0095,1889.39,70
2026-05,P03,S0096,21625.73,1057
2026-05,P03,S0097,320.17,17
2026-05,P03,S0098,7248.31,292
2026-05,P03,S0099,114.6,10
2026-05,P03,S0100,0.0,10
2026-05,P03,S0101,150.82,10
2026-05,P03,S0102,2067.8,81
2026-05,P03,S0104,2266.07,86
2026-05,P03,S0105,1518.87,43
2026-05,P03,S0106,273.59,18
2026-05,P03,S0107,867.75,38
2026-05,P03,S0108,14703.37,443
2026-05,P03,S0109,700.21,20
2026-05,P03,S0110,230.02,15
2026-05,P03,S0111,334.83,15
2026-05,P03,S0112,3642.5,118
2026-05,P03,S0113,212.06,10
2026-05,P03,S0114,1213.81,50
2026-05,P03,S0115,61.4,10
2026-05,P03,S0116,282.92,12
2026-05,P03,S0117,290.97,15
2026-05,P03,S0118,1194.73,40
2026-05,P03,S0119,10.34,10
2026-05,P03,S0120,2095.02,77
2026-05,P03,S0121,559.64,19
2026-05,P03,S0122,92.25,10
