MonthStart,ChannelKey,SegmentKey,NewUsers,KycSubmitted,KycApproved,ActivatedUsers,FundedAccounts,ActiveUsers,ChurnedUsers,DormantCustomers,ChurnRiskUsers,DepositVolume,InterchangeRevenue,SubscriptionRevenue,LendingRevenue,TotalRevenue,GrossProfit,MarketingSpend
2024-01-01,organic,mass,326,255,219,131,70,55,0,9,4,53030.41,205.79,49.5,198.33,453.62,319.94,9513.13
2024-01-01,organic,affluent,137,109,93,58,32,27,0,2,0,89311.63,171.53,70.2,337.71,579.44,399.91,2802.94
2024-01-01,organic,freelancer,147,115,94,57,28,22,0,3,1,41136.45,127.45,39.6,179.35,346.4,241.26,5054.63
2024-01-01,organic,smb,71,55,45,27,14,11,0,1,0,65275.7,151.87,48.4,242.3,442.58,291.14,2710.6
2024-01-01,paid_search,mass,447,338,269,158,74,60,0,9,4,53456.62,164.4,54.0,184.91,403.31,272.43,45910.26
2024-01-01,paid_search,affluent,208,160,126,77,40,32,0,5,2,80891.94,213.63,83.2,256.3,553.13,389.77,20804.42
2024-01-01,paid_search,freelancer,153,111,91,52,24,19,0,3,1,35566.03,83.78,34.2,140.77,258.75,184.01,18895.65
2024-01-01,paid_search,smb,93,72,59,36,17,13,0,2,0,66652.93,184.46,57.2,262.08,503.74,364.95,7972.9
2024-01-01,paid_social,mass,520,365,279,167,81,66,0,10,5,67316.38,213.43,59.4,221.89,494.72,338.27,60662.04
2024-01-01,paid_social,affluent,252,195,150,84,39,30,0,5,2,93370.8,224.54,78.0,315.56,618.1,440.07,33597.58
2024-01-01,paid_social,freelancer,203,156,130,78,35,27,0,5,2,52901.96,141.08,48.6,186.59,376.27,271.88,25203.76
2024-01-01,paid_social,smb,94,68,54,30,14,11,0,1,0,60815.86,177.44,48.4,254.89,480.73,324.01,11296.86
2024-01-01,referral,mass,348,276,232,142,74,62,0,7,3,60736.66,203.54,55.8,214.17,473.52,323.11,7148.15
2024-01-01,referral,affluent,170,130,104,66,37,31,0,3,1,72449.87,229.53,80.6,261.96,572.09,393.86,4310.44
2024-01-01,referral,freelancer,106,81,66,40,20,17,0,1,0,31611.5,80.04,30.6,125.28,235.92,166.03,2553.72
2024-01-01,referral,smb,74,60,49,32,17,14,0,1,0,68045.98,197.15,61.6,248.01,506.76,359.15,2058.6
2024-01-01,partner,mass,443,330,265,158,77,62,0,8,3,76307.89,188.11,55.8,309.86,553.77,356.75,12823.52
2024-01-01,partner,affluent,202,161,130,81,42,35,0,3,1,114001.22,220.82,91.0,422.54,734.35,489.64,8346.57
2024-01-01,partner,freelancer,142,106,86,53,27,22,0,2,0,36061.31,115.77,39.6,126.03,281.4,220.61,4050.65
2024-01-01,partner,smb,75,59,48,28,14,11,0,1,0,65749.86,152.11,48.4,308.71,509.22,366.19,2944.64
2024-01-01,lifecycle,mass,293,220,184,115,59,45,0,8,3,48208.25,177.92,40.5,173.66,392.08,290.58,6538.31
2024-01-01,lifecycle,affluent,153,115,93,56,28,23,0,2,0,55369.09,153.13,59.8,219.47,432.4,308.6,2761.43
2024-01-01,lifecycle,freelancer,91,69,57,34,17,13,0,2,0,28016.98,68.74,23.4,123.91,216.05,149.09,1674.06
2024-01-01,lifecycle,smb,64,50,38,23,11,9,0,1,0,50826.05,125.3,39.6,201.7,366.61,251.38,1036.38
2024-02-01,organic,mass,395,305,261,162,86,131,3,13,6,81852.16,480.31,117.9,293.18,891.39,547.66,13992.86
2024-02-01,organic,affluent,199,160,128,83,43,58,1,8,3,130131.13,385.99,150.8,440.41,977.2,621.84,6324.47
2024-02-01,organic,freelancer,143,107,90,57,28,46,1,5,2,59435.8,212.91,82.8,229.78,525.49,365.75,4570.51
2024-02-01,organic,smb,77,61,50,31,16,25,0,2,0,82332.2,367.66,110.0,296.66,774.31,576.76,2219.42
2024-02-01,paid_search,mass,383,299,243,150,75,113,4,20,9,76841.63,350.68,101.7,305.84,758.22,504.01,38826.91
2024-02-01,paid_search,affluent,268,199,157,92,42,66,1,9,4,119881.45,479.23,171.6,456.14,1106.97,778.83,24794.29
2024-02-01,paid_search,freelancer,187,141,107,65,30,44,1,5,2,56019.96,269.29,79.2,231.67,580.17,390.12,14158.51
2024-02-01,paid_search,smb,106,84,67,40,18,27,0,5,2,93436.4,417.2,118.8,384.62,920.62,669.09,10444.17
2024-02-01,paid_social,mass,565,424,330,186,87,129,4,22,10,92392.38,409.31,116.1,309.05,834.46,546.0,71944.7
2024-02-01,paid_social,affluent,275,193,150,88,40,64,1,8,3,117871.89,464.21,166.4,306.62,937.23,689.21,33393.47
2024-02-01,paid_social,freelancer,210,152,116,67,32,54,2,7,3,55392.63,282.14,97.2,196.09,575.43,356.94,27869.66
2024-02-01,paid_social,smb,95,69,55,32,14,22,0,3,1,77635.7,322.21,96.8,323.09,742.1,586.08,10634.61
2024-02-01,referral,mass,384,304,255,166,84,124,3,19,9,88040.4,415.68,111.6,366.37,893.65,604.53,6925.27
2024-02-01,referral,affluent,215,166,133,86,48,74,1,5,2,113172.38,510.21,192.4,531.76,1234.38,844.46,5818.23
2024-02-01,referral,freelancer,144,113,95,61,31,44,0,4,1,55570.54,242.64,79.2,204.1,525.94,351.16,3083.84
2024-02-01,referral,smb,74,59,49,31,17,27,0,3,1,94800.52,451.69,118.8,350.0,920.49,647.58,1337.61
2024-02-01,partner,mass,541,429,351,218,110,155,3,17,7,114001.23,568.08,139.5,429.22,1136.81,830.2,24281.91
2024-02-01,partner,affluent,199,158,127,81,43,72,1,6,2,132977.19,468.37,187.2,497.59,1153.16,759.29,8096.1
2024-02-01,partner,freelancer,158,122,101,65,36,49,1,7,3,62833.78,193.51,88.2,244.27,525.98,330.81,6987.59
2024-02-01,partner,smb,90,69,55,33,15,23,0,3,1,81760.68,327.35,101.2,411.21,839.76,556.05,2316.87
2024-02-01,lifecycle,mass,333,260,204,123,57,95,2,11,5,53220.95,298.3,85.5,234.56,618.37,447.1,5565.88
2024-02-01,lifecycle,affluent,151,118,101,63,32,49,0,5,2,84805.22,378.54,127.4,321.05,826.99,592.19,2656.56
2024-02-01,lifecycle,freelancer,111,86,71,41,20,30,0,4,1,40277.99,160.48,54.0,132.5,346.97,228.92,1468.8
2024-02-01,lifecycle,smb,66,51,42,25,12,19,0,2,0,65919.71,218.96,83.6,230.45,533.0,381.72,1115.11
2024-03-01,organic,mass,439,321,258,164,79,187,7,23,10,110938.71,610.55,168.3,482.5,1261.35,903.65,11439.59
2024-03-01,organic,affluent,236,188,151,88,45,93,2,12,5,155228.95,575.37,241.8,700.95,1518.12,1017.78,6020.76
2024-03-01,organic,freelancer,160,117,95,56,29,68,2,7,3,70919.33,353.8,122.4,212.08,688.27,482.56,5889.06
2024-03-01,organic,smb,92,70,57,37,18,38,1,5,2,92562.4,477.87,167.2,339.86,984.93,690.3,2214.28
2024-03-01,paid_search,mass,501,390,311,194,95,197,9,23,12,98436.62,704.11,177.3,390.37,1271.78,876.04,46163.43
2024-03-01,paid_search,affluent,240,185,152,93,46,101,3,13,6,156593.07,518.5,262.6,649.72,1430.81,953.14,21859.65
2024-03-01,paid_search,freelancer,178,132,107,59,29,65,2,9,4,71247.34,361.35,117.0,261.75,740.1,436.98,18309.57
2024-03-01,paid_search,smb,110,84,64,37,17,40,2,6,3,88547.27,550.86,176.0,309.97,1036.83,684.22,11519.55
2024-03-01,paid_social,mass,521,413,334,188,91,203,10,27,13,122077.84,716.65,182.7,475.76,1375.11,995.96,70466.44
2024-03-01,paid_social,affluent,282,199,160,89,46,102,3,11,5,149041.65,677.89,265.2,592.81,1535.9,989.57,39951.04
2024-03-01,paid_social,freelancer,236,172,138,77,39,77,3,15,7,73345.34,395.72,138.6,277.15,811.47,562.61,30324.63
2024-03-01,paid_social,smb,107,81,64,35,17,35,1,5,2,107543.85,497.11,154.0,367.83,1018.93,687.16,11348.59
2024-03-01,referral,mass,337,267,220,141,77,186,7,23,10,99998.12,651.59,167.4,406.38,1225.37,873.48,7026.88
2024-03-01,referral,affluent,173,134,112,73,38,99,3,11,4,130040.11,642.3,257.4,553.26,1452.96,924.94,3555.49
2024-03-01,referral,freelancer,167,135,111,71,40,75,2,8,3,71941.2,375.78,135.0,295.2,805.98,568.24,4507.05
2024-03-01,referral,smb,76,59,48,30,16,42,1,3,1,109783.21,545.18,184.8,431.15,1161.13,795.04,2387.28
2024-03-01,partner,mass,507,382,313,194,96,233,8,23,10,104952.87,803.19,209.7,433.32,1446.21,950.63,17715.1
2024-03-01,partner,affluent,229,173,141,89,47,105,2,13,5,135718.99,750.71,273.0,580.37,1604.08,1005.97,8474.45
2024-03-01,partner,freelancer,177,134,112,73,37,81,2,9,4,96266.44,451.62,145.8,379.35,976.78,708.38,8360.27
2024-03-01,partner,smb,88,67,56,34,18,37,1,5,2,86616.37,556.04,162.8,297.46,1016.31,696.61,3935.8
2024-03-01,lifecycle,mass,292,229,184,117,60,139,5,18,8,72365.29,469.46,125.1,237.15,831.71,538.26,5419.85
2024-03-01,lifecycle,affluent,182,142,115,72,36,79,1,8,3,119142.28,531.41,205.4,462.64,1199.46,917.83,2454.7
2024-03-01,lifecycle,freelancer,115,90,74,46,23,49,1,5,2,41768.71,231.24,88.2,173.97,493.41,335.68,1627.5
2024-03-01,lifecycle,smb,65,49,40,25,12,28,0,4,1,66487.35,408.44,123.2,244.33,775.97,517.86,1095.59
2024-04-01,organic,mass,414,326,273,173,90,256,10,29,13,126733.22,913.63,230.4,424.78,1568.82,1151.92,9563.29
2024-04-01,organic,affluent,219,174,142,87,46,127,3,17,7,135435.9,846.64,330.2,514.93,1691.77,1178.3,6856.85
2024-04-01,organic,freelancer,167,134,109,69,37,91,3,14,6,70513.67,548.92,163.8,261.71,974.43,706.85,4857.25
2024-04-01,organic,smb,99,76,62,38,19,56,1,5,2,113034.59,711.43,246.4,315.18,1273.01,787.15,3368.0
2024-04-01,paid_search,mass,493,371,291,169,81,236,15,42,22,123533.53,759.83,212.4,568.21,1540.44,1006.41,53230.27
2024-04-01,paid_search,affluent,276,200,156,94,45,131,5,19,8,152155.59,1017.93,340.6,559.47,1918.0,1387.93,26022.89
2024-04-01,paid_search,freelancer,221,174,143,85,42,96,4,14,6,92931.32,471.16,172.8,343.69,987.66,646.09,24506.65
2024-04-01,paid_search,smb,107,77,60,38,20,55,2,8,3,143659.56,716.83,242.0,669.54,1628.36,1152.67,10547.97
2024-04-01,paid_social,mass,581,445,359,217,100,269,15,41,21,123781.76,929.36,242.1,458.14,1629.6,1221.34,71747.74
2024-04-01,paid_social,affluent,295,219,176,100,44,128,6,19,9,165780.76,841.66,332.8,629.78,1804.24,1250.0,36317.92
2024-04-01,paid_social,freelancer,220,157,125,74,34,108,5,14,7,92040.77,573.21,194.4,393.72,1161.33,782.44,29325.75
2024-04-01,paid_social,smb,135,98,79,44,21,51,2,7,3,118015.93,758.52,224.4,408.9,1391.82,943.37,18548.03
2024-04-01,referral,mass,384,321,266,172,90,254,13,31,15,126662.38,893.89,228.6,538.64,1661.13,1160.73,8753.29
2024-04-01,referral,affluent,211,168,142,92,49,136,4,15,6,153173.29,855.23,353.6,548.3,1757.14,1309.93,4509.21
2024-04-01,referral,freelancer,132,103,86,55,29,92,4,13,6,77331.8,499.06,165.6,245.65,910.31,567.23,3116.47
2024-04-01,referral,smb,89,71,57,37,20,57,1,6,2,126900.12,744.59,250.8,408.44,1403.83,919.56,2042.84
2024-04-01,partner,mass,461,357,303,191,101,284,15,47,23,124505.01,922.35,255.6,513.93,1691.88,1193.03,17995.14
2024-04-01,partner,affluent,272,206,165,105,53,156,3,12,5,176465.59,1065.31,405.6,755.42,2226.34,1641.04,14127.66
2024-04-01,partner,freelancer,190,151,126,76,37,105,4,14,6,90570.92,669.26,189.0,320.89,1179.15,806.14,7442.38
2024-04-01,partner,smb,97,73,61,38,20,55,1,5,2,142390.99,811.36,242.0,531.15,1584.52,1191.12,3583.18
2024-04-01,lifecycle,mass,343,265,214,137,70,194,7,22,10,102996.3,556.58,174.6,398.24,1129.42,791.06,6042.2
2024-04-01,lifecycle,affluent,193,148,122,73,37,111,2,10,4,142959.8,849.25,288.6,558.48,1696.34,1152.12,3549.41
2024-04-01,lifecycle,freelancer,116,94,74,46,23,66,2,8,3,48358.13,340.48,118.8,171.73,631.0,440.0,1538.72
2024-04-01,lifecycle,smb,71,54,42,25,12,38,1,4,1,98627.51,539.75,167.2,386.25,1093.2,741.22,1173.19
2024-05-01,organic,mass,462,357,280,168,86,312,14,39,18,118468.54,1085.84,280.8,447.18,1813.83,1177.7,13755.37
2024-05-01,organic,affluent,193,149,123,76,38,163,5,16,6,174222.39,1196.67,423.8,628.27,2248.74,1694.45,3478.71
2024-05-01,organic,freelancer,151,117,97,59,31,112,6,18,8,73342.67,584.23,201.6,261.5,1047.33,628.1,5183.15
2024-05-01,organic,smb,98,71,59,37,18,67,2,8,3,145283.71,857.39,294.8,581.48,1733.67,1200.73,3203.06
2024-05-01,paid_search,mass,592,458,379,222,102,314,17,45,22,136688.88,1091.53,282.6,537.65,1911.78,1303.01,55588.53
2024-05-01,paid_search,affluent,260,196,163,106,53,175,7,21,9,196478.53,1193.97,455.0,574.88,2223.85,1464.92,28595.68
2024-05-01,paid_search,freelancer,193,142,115,68,32,115,6,18,9,86948.87,478.87,207.0,390.53,1076.4,691.84,21521.07
2024-05-01,paid_search,smb,103,73,59,35,16,67,3,8,3,148228.35,912.99,294.8,562.98,1770.77,1263.25,12144.19
2024-05-01,paid_social,mass,618,451,341,198,94,327,22,52,27,125050.86,988.26,294.3,489.08,1771.64,1304.12,73453.15
2024-05-01,paid_social,affluent,274,212,172,101,48,158,8,25,12,186532.35,1046.84,410.8,601.16,2058.8,1473.27,36521.31
2024-05-01,paid_social,freelancer,211,151,121,71,33,125,7,20,10,106817.77,599.0,225.0,437.28,1261.28,896.92,25863.79
2024-05-01,paid_social,smb,116,88,71,40,18,62,3,10,4,121748.12,815.07,272.8,385.92,1473.79,989.64,15730.86
2024-05-01,referral,mass,398,292,235,152,79,303,13,39,18,114820.98,1123.63,272.7,552.47,1948.8,1402.82,5018.02
2024-05-01,referral,affluent,209,150,121,75,39,168,4,16,6,174600.2,1117.54,436.8,489.23,2043.57,1288.74,6900.98
2024-05-01,referral,freelancer,147,115,96,58,29,116,4,13,5,70190.62,641.93,208.8,301.97,1152.7,755.49,2846.0
2024-05-01,referral,smb,80,68,56,37,19,73,2,6,2,172031.84,1007.78,321.2,630.53,1959.51,1383.84,2340.31
2024-05-01,partner,mass,436,325,269,175,88,348,14,49,22,150683.17,1058.35,313.2,634.58,2006.13,1401.13,17559.47
2024-05-01,partner,affluent,283,224,186,127,64,188,5,27,11,256316.95,1051.3,488.8,1072.0,2612.09,1779.3,11382.02
2024-05-01,partner,freelancer,169,130,106,68,39,137,5,16,7,126199.69,806.75,246.6,475.28,1528.62,1030.15,6932.53
2024-05-01,partner,smb,103,80,65,40,21,73,2,6,2,176772.33,850.42,321.2,615.96,1787.58,1230.54,5668.99
2024-05-01,lifecycle,mass,386,310,256,156,75,245,11,31,14,104043.88,907.15,220.5,527.99,1655.65,1191.96,6597.83
2024-05-01,lifecycle,affluent,208,162,132,82,40,136,4,16,6,165896.59,896.89,353.6,526.3,1776.79,1129.16,3641.27
2024-05-01,lifecycle,freelancer,136,105,85,55,27,89,3,8,3,78180.5,420.17,160.2,334.72,915.1,606.85,2794.53
2024-05-01,lifecycle,smb,78,58,46,28,14,49,1,5,2,107437.63,695.0,215.6,448.46,1359.06,931.05,1307.39
2024-06-01,organic,mass,414,323,264,174,94,368,18,52,24,116706.52,1189.09,331.2,439.33,1959.62,1321.79,11790.46
2024-06-01,organic,affluent,215,170,137,81,42,202,5,15,6,205287.88,1716.5,525.2,799.24,3040.94,1889.29,4601.29
2024-06-01,organic,freelancer,139,109,87,54,29,134,6,17,7,98817.12,703.12,241.2,445.23,1389.55,946.99,3556.82
2024-06-01,organic,smb,88,68,58,36,18,79,2,10,4,157203.7,1203.47,347.6,693.22,2244.29,1622.89,2901.05
2024-06-01,paid_search,mass,493,394,321,193,99,370,26,59,31,155875.69,1216.72,333.0,577.71,2127.43,1397.65,39567.09
2024-06-01,paid_search,affluent,273,201,162,99,49,207,9,26,12,230279.12,1420.98,538.2,832.61,2791.79,2100.44,25546.69
2024-06-01,paid_search,freelancer,178,133,112,67,33,139,8,19,9,88679.35,753.83,250.2,320.55,1324.58,979.63,19365.59
2024-06-01,paid_search,smb,110,87,70,42,19,78,4,11,5,163142.14,860.69,343.2,599.51,1803.4,1305.61,10584.85
2024-06-01,paid_social,mass,605,445,356,201,98,367,26,72,37,170409.75,1170.13,330.3,543.44,2043.87,1328.39,61115.0
2024-06-01,paid_social,affluent,285,211,165,93,46,191,8,27,12,227697.66,1275.55,496.6,847.25,2619.4,1708.37,34657.08
2024-06-01,paid_social,freelancer,207,147,118,71,36,146,9,24,12,94522.65,853.42,262.8,391.22,1507.44,975.86,24767.93
2024-06-01,paid_social,smb,115,87,70,42,19,78,3,9,4,162676.7,1112.82,343.2,628.2,2084.22,1439.48,13876.51
2024-06-01,referral,mass,408,335,274,177,88,353,19,53,26,115498.89,1073.86,317.7,449.37,1840.92,1253.81,11165.2
2024-06-01,referral,affluent,216,179,156,98,51,198,6,25,10,183344.27,1380.62,514.8,638.99,2534.41,1767.65,3707.68
2024-06-01,referral,freelancer,145,117,96,62,33,139,5,15,6,102645.78,918.76,250.2,382.43,1551.39,1097.42,2972.04
2024-06-01,referral,smb,77,58,50,31,17,84,3,8,3,163216.03,1222.69,369.6,724.03,2316.32,1682.0,2023.88
2024-06-01,partner,mass,508,399,321,207,113,432,22,57,27,191056.02,1294.67,388.8,669.81,2353.28,1567.34,23556.93
2024-06-01,partner,affluent,213,172,144,86,44,225,6,27,11,221865.54,1493.22,585.0,770.68,2848.9,1931.45,6256.12
2024-06-01,partner,freelancer,184,140,118,77,38,159,5,20,8,104438.55,788.59,286.2,378.67,1453.46,988.86,4821.01
2024-06-01,partner,smb,103,82,69,44,21,84,2,10,4,144282.56,1011.97,369.6,547.87,1929.45,1341.62,4462.6
2024-06-01,lifecycle,mass,352,267,204,126,66,292,13,34,16,105249.21,1021.88,262.8,363.6,1648.29,1125.17,6452.8
2024-06-01,lifecycle,affluent,186,139,115,69,35,167,4,16,6,155266.03,1179.56,434.2,623.88,2237.64,1582.09,3092.31
2024-06-01,lifecycle,freelancer,122,88,74,44,21,99,4,12,5,61695.51,557.67,178.2,203.09,938.96,635.2,2298.81
2024-06-01,lifecycle,smb,74,61,48,29,14,59,2,6,2,110429.78,898.74,259.6,416.4,1574.74,1053.32,824.56
2024-07-01,organic,mass,449,363,303,194,96,437,18,54,24,173990.52,1465.34,393.3,658.87,2517.51,1518.71,14676.8
2024-07-01,organic,affluent,229,189,162,105,55,230,6,26,10,260705.19,1528.83,598.0,1022.35,3149.17,2168.77,9303.98
2024-07-01,organic,freelancer,144,108,94,59,31,158,7,18,8,101540.16,863.4,284.4,404.79,1552.59,1095.01,3720.43
2024-07-01,organic,smb,77,59,47,29,14,90,3,10,4,159251.22,1216.54,396.0,539.72,2152.26,1493.92,2597.27
2024-07-01,paid_search,mass,494,374,300,185,93,401,29,80,41,162108.18,1474.14,360.9,582.11,2417.15,1735.27,45009.43
2024-07-01,paid_search,affluent,247,174,137,86,42,229,11,31,14,216541.48,1157.19,595.4,684.67,2437.26,1493.44,23002.73
2024-07-01,paid_search,freelancer,227,182,150,92,42,169,10,21,10,126592.01,1024.67,304.2,511.99,1840.86,1260.12,26107.79
2024-07-01,paid_search,smb,102,79,60,37,17,88,5,12,5,193497.21,1244.09,387.2,608.68,2239.97,1608.0,9486.62
2024-07-01,paid_social,mass,625,440,342,199,98,455,31,58,30,181593.62,1324.66,409.5,598.74,2332.9,1555.56,84768.34
2024-07-01,paid_social,affluent,290,217,181,100,46,210,11,38,18,235015.8,1236.9,546.0,766.53,2549.43,1645.55,38253.29
2024-07-01,paid_social,freelancer,235,183,143,82,38,165,11,30,15,130534.67,835.91,297.0,502.9,1635.81,1186.0,30945.55
2024-07-01,paid_social,smb,125,90,69,39,20,90,5,12,5,188022.62,1344.12,396.0,678.98,2419.1,1611.49,16496.54
2024-07-01,referral,mass,364,298,251,160,81,422,22,46,22,148596.62,1559.35,379.8,613.32,2552.48,1826.18,8044.67
2024-07-01,referral,affluent,171,142,123,78,41,237,8,22,9,242511.66,1681.52,616.2,978.56,3276.28,2309.04,3284.57
2024-07-01,referral,freelancer,142,112,97,66,34,161,6,19,8,89381.11,806.67,289.8,294.6,1391.07,970.81,3330.15
2024-07-01,referral,smb,81,64,54,34,17,95,3,10,4,161649.88,1370.2,418.0,611.83,2400.02,1627.42,1765.74
2024-07-01,partner,mass,426,332,276,164,89,483,25,63,30,194379.39,1680.42,434.7,718.19,2833.31,2012.6,16371.4
2024-07-01,partner,affluent,250,193,153,94,49,263,8,28,11,226181.62,1910.05,683.8,1012.41,3606.26,2204.39,10133.85
2024-07-01,partner,freelancer,153,112,92,57,29,181,7,21,9,87868.4,1087.9,325.8,333.35,1747.04,1269.02,5264.06
2024-07-01,partner,smb,100,80,66,40,20,98,3,12,5,186261.58,1188.86,431.2,772.59,2392.65,1648.9,3731.55
2024-07-01,lifecycle,mass,377,279,223,138,74,345,16,37,17,125093.21,1172.43,310.5,518.44,2001.38,1384.14,7228.6
2024-07-01,lifecycle,affluent,150,110,91,56,28,174,5,24,10,164202.42,1300.19,452.4,596.62,2349.21,1523.4,3790.1
2024-07-01,lifecycle,freelancer,118,95,75,44,22,110,6,17,8,82804.86,566.61,198.0,262.55,1027.17,702.74,1811.57
2024-07-01,lifecycle,smb,75,57,46,28,14,64,2,10,4,109666.06,928.29,281.6,426.85,1636.73,1187.18,1200.22
2024-08-01,organic,mass,403,316,262,164,85,493,23,59,27,210633.0,1537.14,443.7,795.7,2776.55,1872.13,15558.26
2024-08-01,organic,affluent,226,177,143,93,52,266,10,31,13,270019.81,1862.65,691.6,1019.49,3573.74,2343.21,7648.69
2024-08-01,organic,freelancer,139,119,96,62,33,174,7,23,10,98720.96,948.26,313.2,395.49,1656.95,1208.49,3068.7
2024-08-01,organic,smb,78,63,52,32,16,97,3,13,5,154409.69,1407.04,426.8,624.74,2458.58,1660.49,2618.05
2024-08-01,paid_search,mass,404,309,249,157,73,438,31,81,41,154981.5,1326.41,394.2,547.55,2268.17,1551.44,38643.84
2024-08-01,paid_search,affluent,256,190,152,94,45,257,10,33,14,235826.0,1510.12,668.2,1090.04,3268.36,2119.73,25295.79
2024-08-01,paid_search,freelancer,184,141,118,70,33,182,12,26,13,120259.03,999.89,327.6,435.58,1763.08,1152.63,17037.22
2024-08-01,paid_search,smb,106,77,60,36,17,97,5,14,6,155211.79,1421.55,426.8,493.39,2341.74,1475.22,10338.25
2024-08-01,paid_social,mass,611,446,356,200,91,464,36,91,48,169742.35,1325.56,417.6,598.69,2341.85,1601.74,64984.4
2024-08-01,paid_social,affluent,244,187,149,85,42,254,12,29,13,294840.58,1755.52,660.4,1103.42,3519.34,2410.17,28040.7
2024-08-01,paid_social,freelancer,200,156,124,72,32,177,11,34,16,107821.24,966.13,318.6,364.29,1649.02,1066.87,26055.64
2024-08-01,paid_social,smb,110,85,65,36,16,95,5,15,7,136666.6,1360.1,418.0,630.26,2408.36,1598.13,13659.94
2024-08-01,referral,mass,390,311,265,170,94,473,24,57,27,171195.71,1588.5,425.7,669.52,2683.72,1981.42,6975.68
2024-08-01,referral,affluent,182,143,120,80,40,263,9,25,10,245968.35,1724.38,683.8,1057.55,3465.73,2259.59,4278.14
2024-08-01,referral,freelancer,145,109,92,58,29,181,7,20,9,107280.41,966.45,325.8,395.18,1687.43,1129.8,2462.92
2024-08-01,referral,smb,78,59,48,29,15,105,3,11,4,194855.03,1401.52,462.0,839.13,2702.65,2011.07,2011.24
2024-08-01,partner,mass,433,345,288,190,99,550,29,66,31,198007.8,1720.89,495.0,641.44,2857.33,2005.75,22687.72
2024-08-01,partner,affluent,215,175,139,84,42,289,11,33,14,232983.18,1667.18,751.4,864.79,3283.37,2510.23,8444.75
2024-08-01,partner,freelancer,159,123,104,67,36,204,9,25,11,128594.12,1053.48,367.2,436.32,1857.0,1256.74,7187.26
2024-08-01,partner,smb,90,68,55,35,18,114,3,11,4,200403.62,1640.12,501.6,686.97,2828.69,1941.62,4388.82
2024-08-01,lifecycle,mass,285,223,180,116,57,356,20,54,25,126770.91,1323.45,320.4,393.88,2037.74,1369.87,5054.91
2024-08-01,lifecycle,affluent,148,117,90,53,26,195,5,24,9,189070.65,1386.33,507.0,831.43,2724.75,1866.82,1869.69
2024-08-01,lifecycle,freelancer,116,92,73,43,21,121,5,19,8,69075.96,637.77,217.8,263.21,1118.78,755.34,2101.28
2024-08-01,lifecycle,smb,59,43,34,20,10,73,3,9,4,125513.52,940.39,321.2,474.71,1736.3,1166.95,931.23
2024-09-01,organic,mass,356,297,245,157,80,529,33,71,35,191941.58,1457.58,476.1,844.15,2777.83,1894.63,10843.15
2024-09-01,organic,affluent,175,140,116,72,40,292,10,32,13,229402.87,2490.19,759.2,802.5,4051.89,2909.59,5086.31
2024-09-01,organic,freelancer,146,117,99,60,30,205,9,17,7,112656.43,1119.06,369.0,483.03,1971.09,1325.54,3769.85
2024-09-01,organic,smb,87,68,56,34,17,110,3,13,5,212217.55,1462.84,484.0,922.79,2869.63,1968.11,2520.74
2024-09-01,paid_search,mass,438,337,282,171,84,488,35,82,42,175121.41,1819.36,439.2,573.47,2832.03,1808.22,42526.23
2024-09-01,paid_search,affluent,260,192,156,97,46,289,16,35,16,283738.37,2125.7,751.4,1113.24,3990.34,2745.04,22204.97
2024-09-01,paid_search,freelancer,183,130,105,63,31,204,11,23,11,125780.36,1176.77,367.2,492.11,2036.07,1459.96,15470.42
2024-09-01,paid_search,smb,104,73,59,33,16,106,7,15,7,171761.48,1508.63,466.4,692.69,2667.72,1588.42,10366.33
2024-09-01,paid_social,mass,614,430,345,200,92,492,39,108,56,160348.99,1818.24,442.8,592.81,2853.86,1837.33,73289.79
2024-09-01,paid_social,affluent,252,184,143,83,38,267,13,36,16,224702.64,1514.93,694.2,1025.01,3234.14,2154.03,25453.6
2024-09-01,paid_social,freelancer,205,144,114,65,29,196,13,33,16,125415.37,1068.71,352.8,500.7,1922.21,1271.4,24821.65
2024-09-01,paid_social,smb,103,78,60,35,17,100,6,19,9,144302.45,1323.16,440.0,474.91,2238.06,1561.96,13518.57
2024-09-01,referral,mass,373,300,248,153,82,515,30,65,31,158585.87,1785.1,463.5,619.63,2868.23,1934.91,7834.29
2024-09-01,referral,affluent,202,154,129,81,41,278,10,33,14,236406.85,2108.34,722.8,1012.19,3843.34,2538.93,3798.95
2024-09-01,referral,freelancer,156,125,98,59,31,197,9,25,11,89758.62,960.89,354.6,340.6,1656.09,1108.3,3129.64
2024-09-01,referral,smb,76,59,49,31,17,116,4,12,5,189219.96,1657.81,510.4,763.49,2931.69,2002.81,1073.98
2024-09-01,partner,mass,380,292,243,155,76,577,33,76,36,200515.21,1681.82,519.3,795.62,2996.73,2045.79,16947.65
2024-09-01,partner,affluent,232,172,131,84,42,319,11,33,14,292804.8,2328.09,829.4,1035.2,4192.69,2721.48,7441.26
2024-09-01,partner,freelancer,190,145,122,74,37,220,10,31,14,140851.82,1060.36,396.0,566.88,2023.24,1386.0,5688.35
2024-09-01,partner,smb,88,67,54,33,17,123,4,14,6,205536.0,1509.71,541.2,641.03,2691.94,1759.65,2319.33
2024-09-01,lifecycle,mass,368,291,241,143,73,409,21,53,25,154048.16,1307.14,368.1,596.8,2272.04,1624.84,7461.37
2024-09-01,lifecycle,affluent,136,111,91,56,29,220,6,22,9,217986.98,1598.13,572.0,949.6,3119.73,2140.6,2412.31
2024-09-01,lifecycle,freelancer,127,98,80,50,26,141,6,18,8,94038.77,872.71,253.8,414.2,1540.71,1068.12,2182.09
2024-09-01,lifecycle,smb,63,48,38,22,11,80,3,10,4,137230.88,1085.16,352.0,581.91,2019.07,1419.41,1182.91
2024-10-01,organic,mass,426,332,272,165,85,574,33,74,35,191824.47,2087.11,516.6,726.59,3330.3,2355.44,14436.6
2024-10-01,organic,affluent,169,135,113,69,35,319,9,30,12,257538.31,1934.6,829.4,939.52,3703.53,2557.7,5620.6
2024-10-01,organic,freelancer,161,122,102,63,32,212,8,26,11,107237.18,1169.6,381.6,392.24,1943.44,1292.34,5482.16
2024-10-01,organic,smb,84,65,51,32,17,127,5,11,4,258548.08,1594.6,558.8,742.71,2896.11,2126.16,2334.33
2024-10-01,paid_search,mass,493,352,281,166,88,522,40,93,49,178888.06,1726.77,469.8,744.0,2940.57,1984.86,48404.31
2024-10-01,paid_search,affluent,258,201,163,100,50,305,18,45,21,275647.53,1952.76,793.0,1230.6,3976.36,2634.08,26006.61
2024-10-01,paid_search,freelancer,157,117,93,58,28,206,14,33,16,111652.89,1020.87,370.8,426.01,1817.67,1260.44,14095.52
2024-10-01,paid_search,smb,97,80,67,41,19,111,7,19,9,227878.06,1692.13,488.4,953.11,3133.64,2044.56,11131.56
2024-10-01,paid_social,mass,624,430,345,198,90,562,46,91,49,196603.54,1882.76,505.8,744.96,3133.52,1872.95,70482.46
2024-10-01,paid_social,affluent,273,205,163,90,42,281,14,44,20,235961.35,1800.52,730.6,992.52,3523.64,2294.07,28990.43
2024-10-01,paid_social,freelancer,206,151,117,68,31,223,12,26,12,133875.13,1164.79,401.4,425.42,1991.61,1355.08,24954.28
2024-10-01,paid_social,smb,111,80,64,36,17,113,7,18,9,195454.55,1577.17,497.2,658.18,2732.55,1940.56,12187.63
2024-10-01,referral,mass,398,313,250,158,86,579,29,58,27,169667.05,1865.15,521.1,833.11,3219.36,2141.76,8465.02
2024-10-01,referral,affluent,172,134,112,71,38,309,8,31,12,282161.57,2247.29,803.4,1115.4,4166.09,2898.56,2805.6
2024-10-01,referral,freelancer,119,99,85,53,27,205,11,30,14,142115.44,1146.81,369.0,578.42,2094.23,1501.08,2435.96
2024-10-01,referral,smb,73,56,46,28,14,125,5,12,5,193059.21,1698.81,550.0,647.03,2895.84,2061.3,1523.9
2024-10-01,partner,mass,452,365,311,188,98,644,31,74,34,206778.29,1825.38,579.6,692.06,3097.05,1937.53,16342.87
2024-10-01,partner,affluent,205,151,130,77,37,332,10,39,16,260568.5,2415.13,863.2,1075.19,4353.52,2945.45,5190.27
2024-10-01,partner,freelancer,168,131,101,63,32,244,11,29,13,138881.49,1259.6,439.2,547.52,2246.31,1675.84,7218.47
2024-10-01,partner,smb,90,65,53,34,17,136,4,13,5,223774.2,2011.63,598.4,932.12,3542.15,2581.69,3698.39
2024-10-01,lifecycle,mass,332,258,205,134,68,424,26,71,34,98256.85,1365.24,381.6,453.63,2200.47,1480.86,5012.12
2024-10-01,lifecycle,affluent,162,128,108,67,34,239,9,28,12,259268.36,1748.47,621.4,1165.08,3534.96,2428.15,2883.9
2024-10-01,lifecycle,freelancer,114,82,66,43,20,146,7,23,10,88256.87,776.71,262.8,303.31,1342.82,905.31,2328.58
2024-10-01,lifecycle,smb,64,48,38,23,11,86,3,11,4,146994.99,1048.5,378.4,514.27,1941.17,1336.1,796.81
2024-11-01,organic,mass,403,330,283,168,84,642,27,62,28,234371.75,2193.96,577.8,1019.14,3790.9,2512.71,10743.23
2024-11-01,organic,affluent,239,191,158,98,49,345,10,37,15,306389.93,2375.96,897.0,1343.64,4616.6,3197.6,5422.04
2024-11-01,organic,freelancer,150,121,94,60,31,227,9,30,13,117387.31,1260.96,408.6,450.72,2120.28,1428.49,4455.94
2024-11-01,organic,smb,86,68,56,34,16,132,5,14,6,144698.03,2054.63,580.8,529.73,3165.16,2212.53,2035.13
2024-11-01,paid_search,mass,502,382,312,187,93,588,41,81,41,211530.44,2198.88,529.2,816.43,3544.51,2572.31,47769.24
2024-11-01,paid_search,affluent,269,196,157,94,46,351,15,33,15,323896.59,2468.98,912.6,1356.15,4737.73,3049.69,30827.1
2024-11-01,paid_search,freelancer,166,126,100,63,30,215,14,36,17,101105.46,1278.42,387.0,441.13,2106.55,1410.49,18782.6
2024-11-01,paid_search,smb,112,87,70,42,21,122,7,21,10,195016.44,1732.68,536.8,799.03,3068.51,2025.68,12130.17
2024-11-01,paid_social,mass,401,301,250,148,68,596,41,81,41,204325.26,1975.87,536.4,782.91,3295.19,2169.86,58815.49
2024-11-01,paid_social,affluent,239,175,133,77,39,311,17,40,19,268427.64,2017.75,808.6,1082.89,3909.25,2791.71,30397.44
2024-11-01,paid_social,freelancer,235,174,139,84,39,236,14,35,17,147979.25,1498.19,424.8,544.92,2467.92,1676.26,28449.37
2024-11-01,paid_social,smb,109,84,64,36,16,129,6,13,6,153797.81,1753.05,567.6,669.3,2989.95,2062.73,12349.09
2024-11-01,referral,mass,362,287,240,156,83,609,35,71,34,210527.69,1806.79,548.1,959.67,3314.56,2116.51,12843.36
2024-11-01,referral,affluent,180,141,122,74,38,333,9,33,13,293855.39,2216.69,865.8,955.89,4038.37,2799.3,4308.89
2024-11-01,referral,freelancer,147,123,104,66,34,240,10,23,10,110405.51,1284.58,432.0,401.99,2118.58,1346.98,3076.58
2024-11-01,referral,smb,80,61,51,33,15,130,5,15,6,232453.86,1929.98,572.0,765.59,3267.57,2248.17,2002.7
2024-11-01,partner,mass,450,371,304,186,96,692,32,81,37,230813.26,2529.27,622.8,816.43,3968.5,2653.8,19656.28
2024-11-01,partner,affluent,214,172,146,87,45,353,10,46,18,296122.85,1957.04,917.8,1170.65,4045.49,2734.59,8936.01
2024-11-01,partner,freelancer,163,129,104,62,33,266,13,28,12,139941.53,1510.93,478.8,508.43,2498.16,1579.29,5343.33
2024-11-01,partner,smb,104,82,69,44,22,144,6,19,8,246115.75,1588.4,633.6,1138.26,3360.26,2379.42,4157.22
2024-11-01,lifecycle,mass,362,277,224,138,69,460,23,73,33,134610.16,1827.97,414.0,476.72,2718.69,1917.57,4576.91
2024-11-01,lifecycle,affluent,172,139,116,73,35,257,7,31,12,206099.5,1874.57,668.2,915.36,3458.13,2336.81,3167.89
2024-11-01,lifecycle,freelancer,125,98,84,51,28,164,7,24,10,104231.54,927.8,295.2,375.85,1598.84,1109.82,2952.84
2024-11-01,lifecycle,smb,68,53,41,25,13,95,4,11,4,183704.34,1233.72,418.0,755.21,2406.93,1592.97,1121.4
2024-12-01,organic,mass,442,336,272,169,87,663,32,83,38,188974.99,2582.22,596.7,551.87,3730.79,2498.39,13826.53
2024-12-01,organic,affluent,217,156,125,78,41,377,13,36,15,313004.32,2747.2,980.2,1273.48,5000.88,3706.68,7116.83
2024-12-01,organic,freelancer,173,140,120,73,35,247,11,33,14,161227.9,1126.16,444.6,695.85,2266.61,1652.91,5693.29
2024-12-01,organic,smb,90,72,60,36,18,142,7,16,7,198871.13,2188.13,624.8,757.52,3570.45,2403.89,2538.28
2024-12-01,paid_search,mass,486,369,298,174,89,629,44,84,43,176847.01,1960.19,566.1,814.86,3341.15,2218.96,49515.87
2024-12-01,paid_search,affluent,264,199,152,90,45,355,15,48,21,351744.92,2499.05,923.0,1224.97,4647.02,3405.01,25003.44
2024-12-01,paid_search,freelancer,185,136,108,60,30,227,14,39,19,114294.73,1046.68,408.6,435.58,1890.87,1343.07,16768.95
2024-12-01,paid_search,smb,127,95,74,43,20,133,8,21,10,212698.3,2011.51,585.2,890.69,3487.4,2471.79,11318.28
2024-12-01,paid_social,mass,571,449,371,209,105,642,45,92,47,239730.6,2139.28,577.8,990.03,3707.12,2433.42,73464.34
2024-12-01,paid_social,affluent,299,222,180,105,46,318,16,53,24,310154.39,2036.62,826.8,1216.3,4079.72,2725.84,33228.31
2024-12-01,paid_social,freelancer,225,176,139,79,38,241,18,47,24,184970.85,1209.38,433.8,741.95,2385.12,1642.78,24888.5
2024-12-01,paid_social,smb,135,96,75,47,23,132,8,21,10,283141.59,1862.85,580.8,1071.29,3514.95,2389.63,17582.01
2024-12-01,referral,mass,351,276,227,142,73,624,34,84,39,200923.55,2233.36,561.6,732.9,3527.86,2421.56,10958.99
2024-12-01,referral,affluent,205,163,134,84,45,354,9,41,16,308034.37,2150.76,920.4,1056.3,4127.46,3046.47,2944.85
2024-12-01,referral,freelancer,165,132,110,70,37,258,11,27,12,135899.42,1241.13,464.4,431.57,2137.1,1410.38,4971.8
2024-12-01,referral,smb,94,77,65,39,21,146,6,14,6,287176.1,1917.49,642.4,1060.56,3620.45,2609.48,1501.77
2024-12-01,partner,mass,506,414,330,208,103,728,43,102,49,253859.06,2220.41,655.2,852.91,3728.52,2435.61,21429.89
2024-12-01,partner,affluent,226,179,149,97,52,394,13,46,19,451981.2,2116.77,1024.4,2021.86,5163.03,3718.99,11423.45
2024-12-01,partner,freelancer,182,146,122,76,39,292,11,28,12,182692.59,1531.93,525.6,682.18,2739.71,1749.15,6534.6
2024-12-01,partner,smb,90,68,57,36,18,160,6,16,7,262900.03,2141.13,704.0,1121.6,3966.73,2585.37,3827.39
2024-12-01,lifecycle,mass,322,242,190,117,59,474,26,85,39,141811.96,1628.35,426.6,592.26,2647.21,1835.54,7422.5
2024-12-01,lifecycle,affluent,208,161,128,76,37,266,10,42,18,205060.77,1961.73,691.6,769.57,3422.91,2409.0,5021.25
2024-12-01,lifecycle,freelancer,144,117,99,62,31,183,9,27,12,129085.3,1117.55,329.4,593.76,2040.71,1305.77,3172.96
2024-12-01,lifecycle,smb,83,67,53,31,16,99,4,15,6,149154.07,1605.03,435.6,577.36,2617.99,1648.7,1459.28
2025-01-01,organic,mass,449,357,288,182,94,701,36,96,44,244242.04,2363.1,630.9,986.1,3980.1,2735.33,14339.4
2025-01-01,organic,affluent,285,227,191,120,64,417,14,42,18,445832.02,2546.54,1084.2,1533.66,5164.4,3416.83,9556.43
2025-01-01,organic,freelancer,180,140,120,75,38,267,13,37,17,153073.64,1234.15,480.6,565.44,2280.18,1660.39,7188.45
2025-01-01,organic,smb,107,86,72,44,22,149,6,20,8,263986.62,1885.37,655.6,1003.6,3544.57,2339.31,3211.92
2025-01-01,paid_search,mass,622,474,415,247,118,696,46,87,44,236010.69,2349.32,626.4,820.72,3796.44,2694.89,58545.37
2025-01-01,paid_search,affluent,291,217,169,104,50,384,19,51,23,303374.35,2476.97,998.4,1307.0,4782.36,3248.58,26727.38
2025-01-01,paid_search,freelancer,222,176,137,80,40,261,17,32,16,157780.52,1392.13,469.8,551.11,2413.04,1664.3,21268.49
2025-01-01,paid_search,smb,107,77,60,36,19,142,9,22,11,274334.99,2243.26,624.8,1163.89,4031.95,2821.14,12644.84
2025-01-01,paid_social,mass,637,505,406,253,122,702,51,101,52,278322.35,2723.73,631.8,1228.45,4583.98,3514.41,79552.84
2025-01-01,paid_social,affluent,327,243,190,113,55,362,21,49,23,372011.33,2735.36,941.2,1378.14,5054.7,3398.69,45055.39
2025-01-01,paid_social,freelancer,247,192,152,83,39,252,19,52,26,179239.64,1255.61,453.6,640.28,2349.5,1737.67,30700.52
2025-01-01,paid_social,smb,127,90,72,41,18,144,9,20,10,241891.3,1870.04,633.6,862.7,3366.34,2334.59,14309.14
2025-01-01,referral,mass,464,356,300,187,102,693,34,82,38,204008.44,2333.33,623.7,828.26,3785.29,2555.7,12259.05
2025-01-01,referral,affluent,213,160,131,85,46,402,10,35,14,377894.98,2723.34,1045.2,1298.72,5067.27,3379.31,5222.49
2025-01-01,referral,freelancer,190,152,124,77,42,281,12,31,14,176078.28,1393.81,505.8,591.55,2491.16,1827.43,4720.24
2025-01-01,referral,smb,75,63,53,33,17,152,6,17,7,287967.45,2188.52,668.8,995.52,3852.84,2600.84,1769.8
2025-01-01,partner,mass,523,389,318,192,103,762,45,116,55,277470.97,2571.22,685.8,1178.13,4435.15,3287.67,16020.8
2025-01-01,partner,affluent,285,229,185,115,60,435,13,49,20,465095.97,2756.7,1131.0,1940.41,5828.12,4214.17,10580.35
2025-01-01,partner,freelancer,187,138,112,69,35,297,14,39,17,177586.44,1472.48,534.6,702.84,2709.93,1879.81,8476.87
2025-01-01,partner,smb,116,91,74,46,23,167,7,21,9,277937.72,2244.56,734.8,1046.06,4025.42,2726.45,3664.9
2025-01-01,lifecycle,mass,407,306,241,144,71,553,28,64,30,168810.23,1624.79,497.7,500.66,2623.15,1820.03,9235.83
2025-01-01,lifecycle,affluent,181,144,115,73,36,306,11,35,15,290580.17,2164.47,795.6,1216.67,4176.74,3103.6,3135.75
2025-01-01,lifecycle,freelancer,155,123,97,60,31,207,10,25,11,128876.75,1111.9,372.6,489.58,1974.08,1310.79,3100.55
2025-01-01,lifecycle,smb,70,53,44,27,12,109,4,14,6,157951.88,1416.85,479.6,642.36,2538.81,1639.56,1423.17
2025-02-01,organic,mass,531,409,335,209,106,799,39,78,36,286836.26,2418.9,719.1,1157.15,4295.15,3128.89,14896.83
2025-02-01,organic,affluent,252,194,154,98,53,450,16,44,18,360565.45,2827.01,1170.0,1515.99,5513.0,4014.97,6454.94
2025-02-01,organic,freelancer,179,140,117,75,39,289,15,39,18,166974.35,1864.84,520.2,748.13,3133.18,2215.81,6983.66
2025-02-01,organic,smb,97,76,64,40,21,162,6,21,9,254238.92,2136.23,712.8,898.92,3747.96,2712.21,2446.19
2025-02-01,paid_search,mass,693,537,461,265,134,722,52,126,65,241528.9,2057.48,649.8,836.0,3543.28,2523.24,69557.42
2025-02-01,paid_search,affluent,314,237,177,105,52,405,21,57,26,325786.24,2479.31,1053.0,975.76,4508.07,3357.97,28173.51
2025-02-01,paid_search,freelancer,210,155,124,72,35,257,18,46,23,145075.65,1378.5,462.6,602.82,2443.92,1657.05,18669.72
2025-02-01,paid_search,smb,134,100,84,52,25,153,9,25,12,317977.36,2131.09,673.2,1163.74,3968.02,2666.35,13424.55
2025-02-01,paid_social,mass,650,469,376,217,100,700,56,133,69,228566.94,2671.61,630.0,800.96,4102.58,2662.59,80153.15
2025-02-01,paid_social,affluent,407,298,239,143,67,393,17,56,25,381048.92,2714.95,1021.8,1306.92,5043.67,3299.77,44810.88
2025-02-01,paid_social,freelancer,260,196,156,86,41,291,18,40,19,155716.33,1821.05,523.8,673.43,3018.28,2049.55,32825.65
2025-02-01,paid_social,smb,151,113,86,50,24,145,8,27,12,232083.42,2183.0,638.0,854.5,3675.5,2572.68,20760.67
2025-02-01,referral,mass,479,394,326,211,106,745,40,92,43,263347.35,2727.0,670.5,1005.5,4403.0,3048.82,8540.45
2025-02-01,referral,affluent,226,184,156,95,51,427,15,43,18,373338.62,2520.01,1110.2,1505.12,5135.32,3552.92,4328.75
2025-02-01,referral,freelancer,210,168,140,91,46,310,12,33,14,180875.01,1837.19,558.0,620.1,3015.29,2045.25,4894.18
2025-02-01,referral,smb,107,82,69,45,24,163,6,21,9,277545.63,2375.86,717.2,973.02,4066.08,2936.02,2564.85
2025-02-01,partner,mass,517,375,307,188,95,864,40,82,37,264152.01,3011.0,777.6,927.75,4716.35,3188.66,19214.77
2025-02-01,partner,affluent,306,242,197,125,68,497,15,44,18,441309.71,2952.52,1292.2,1739.48,5984.2,4142.56,12190.64
2025-02-01,partner,freelancer,228,178,145,92,49,341,14,33,14,207415.49,2173.7,613.8,818.37,3605.87,2328.94,5365.71
2025-02-01,partner,smb,122,96,77,44,22,176,6,24,10,313561.1,2583.02,774.4,1170.99,4528.42,2967.88,4295.59
2025-02-01,lifecycle,mass,403,298,241,149,77,569,28,83,38,181138.25,2043.74,512.1,641.06,3196.9,2111.15,5454.29
2025-02-01,lifecycle,affluent,201,149,122,76,37,334,12,33,14,273459.18,2146.57,868.4,803.88,3818.85,2726.29,3450.61
2025-02-01,lifecycle,freelancer,160,125,101,60,31,215,11,33,15,110390.89,1098.56,387.0,310.06,1795.62,1193.54,3466.22
2025-02-01,lifecycle,smb,74,55,45,26,13,124,5,10,4,178862.14,1836.43,545.6,624.54,3006.57,2151.75,1086.84
2025-03-01,organic,mass,660,515,428,268,135,836,46,112,53,294691.75,3040.1,752.4,1238.46,5030.96,3411.01,14353.38
2025-03-01,organic,affluent,323,254,203,125,68,493,16,49,21,486035.8,3363.08,1281.8,1972.57,6617.45,4558.66,9771.33
2025-03-01,organic,freelancer,192,153,124,77,41,325,10,32,13,151280.53,1941.98,585.0,488.85,3015.83,2108.69,5172.7
2025-03-01,organic,smb,121,96,77,47,25,181,8,21,9,290645.17,2507.24,796.4,966.41,4270.05,2918.47,3715.52
2025-03-01,paid_search,mass,642,478,402,247,118,809,57,108,55,329665.91,2482.33,728.1,1309.44,4519.87,3048.1,69677.94
2025-03-01,paid_search,affluent,319,248,205,123,62,445,18,56,24,404882.65,2952.59,1157.0,1396.8,5506.38,3897.05,34027.0
2025-03-01,paid_search,freelancer,239,179,144,86,42,293,19,37,18,185797.94,1697.47,527.4,919.83,3144.71,2224.03,26293.17
2025-03-01,paid_search,smb,140,101,77,45,22,166,12,24,12,290756.5,2225.22,730.4,955.36,3910.98,2598.42,13274.84
2025-03-01,paid_social,mass,691,482,374,226,108,781,56,111,57,294907.57,2731.63,702.9,1031.66,4466.19,2898.18,68777.62
2025-03-01,paid_social,affluent,399,315,234,139,65,425,25,66,31,386668.87,2722.0,1105.0,1576.18,5403.18,3647.38,46201.16
2025-03-01,paid_social,freelancer,273,204,153,90,42,294,22,54,28,179056.89,1656.85,529.2,617.81,2803.86,1939.22,35410.0
2025-03-01,paid_social,smb,172,131,107,62,30,170,10,26,12,260446.25,2292.1,748.0,930.34,3970.44,2609.53,19828.12
2025-03-01,referral,mass,467,387,323,203,111,809,43,95,45,247874.49,3176.35,728.1,931.84,4836.29,3724.78,10823.5
2025-03-01,referral,affluent,295,233,198,126,66,455,10,54,21,443294.47,2862.8,1183.0,1777.74,5823.54,4228.06,6314.36
2025-03-01,referral,freelancer,173,141,120,77,41,326,13,40,17,189483.84,1758.54,586.8,650.02,2995.36,2099.68,2779.1
2025-03-01,referral,smb,106,83,70,44,23,176,7,23,10,280534.84,2287.52,774.4,929.33,3991.25,2775.0,1883.31
2025-03-01,partner,mass,641,503,432,264,134,891,46,122,57,267413.24,3067.8,801.9,1061.2,4930.9,3599.79,22365.28
2025-03-01,partner,affluent,324,252,218,127,66,528,18,54,23,369072.58,3468.94,1372.8,1212.46,6054.21,4018.26,12449.4
2025-03-01,partner,freelancer,225,158,131,82,42,340,16,49,22,212382.75,2053.62,612.0,905.28,3570.9,2590.05,11383.11
2025-03-01,partner,smb,131,96,76,46,24,190,7,26,11,326907.73,2445.12,836.0,1104.66,4385.78,2907.6,4246.96
2025-03-01,lifecycle,mass,473,346,279,167,88,638,32,76,35,209124.94,2164.75,574.2,933.36,3672.31,2523.58,10098.8
2025-03-01,lifecycle,affluent,228,180,146,88,46,348,11,43,18,267163.65,2149.11,904.8,974.06,4027.96,2728.51,4189.16
2025-03-01,lifecycle,freelancer,162,127,99,62,32,241,11,29,13,152448.07,1325.87,433.8,555.46,2315.13,1581.03,3179.59
2025-03-01,lifecycle,smb,90,69,57,33,17,130,5,14,6,220622.65,1789.03,572.0,851.97,3213.0,1935.88,1750.82
2025-04-01,organic,mass,515,411,326,200,106,869,52,127,61,286136.59,2668.74,782.1,1003.18,4454.02,2798.84,15773.51
2025-04-01,organic,affluent,309,249,208,137,68,534,20,54,23,417764.61,3771.36,1388.4,1571.8,6731.56,5040.34,9781.54
2025-04-01,organic,freelancer,193,153,123,76,41,333,16,45,20,170747.02,1519.41,599.4,764.73,2883.54,2006.28,6594.34
2025-04-01,organic,smb,103,78,67,40,20,187,8,24,10,291123.8,2652.66,822.8,1255.09,4730.55,3212.13,2854.57
2025-04-01,paid_search,mass,837,630,539,328,160,873,54,130,64,328480.66,2860.73,785.7,1212.0,4858.43,3427.52,75398.11
2025-04-01,paid_search,affluent,343,257,209,130,66,486,23,60,27,381417.46,3524.38,1263.6,1448.22,6236.2,4190.12,32979.01
2025-04-01,paid_search,freelancer,282,205,167,100,49,308,22,47,24,208050.9,1522.59,554.4,799.13,2876.12,2050.13,24035.81
2025-04-01,paid_search,smb,126,100,82,50,25,167,10,32,15,281293.61,2243.82,734.8,1134.97,4113.59,2828.24,11665.98
2025-04-01,paid_social,mass,814,580,449,265,129,810,63,139,73,268693.4,2748.77,729.0,1175.41,4653.18,3190.18,110248.54
2025-04-01,paid_social,affluent,456,341,277,159,78,454,23,78,36,441653.97,2986.86,1180.4,1793.27,5960.53,4221.56,56289.93
2025-04-01,paid_social,freelancer,311,245,199,111,55,327,21,52,25,277354.43,1540.95,588.6,1094.14,3223.69,2211.79,36939.83
2025-04-01,paid_social,smb,161,120,95,56,26,188,9,24,11,231359.29,2929.31,827.2,819.66,4576.17,3123.57,18515.03
2025-04-01,referral,mass,585,474,388,243,127,859,44,113,53,278962.87,2595.37,773.1,1249.89,4618.36,3348.61,12984.55
2025-04-01,referral,affluent,261,215,176,114,63,511,17,52,22,404319.98,3415.87,1328.6,1368.43,6112.9,4465.38,6519.24
2025-04-01,referral,freelancer,190,155,126,79,41,348,15,43,19,184698.29,1904.72,626.4,707.2,3238.32,2296.99,3159.79
2025-04-01,referral,smb,100,79,65,41,22,193,8,21,9,351999.03,2618.9,849.2,1487.08,4955.18,3296.96,2931.85
2025-04-01,partner,mass,618,502,413,263,138,1044,47,82,37,336955.66,3707.57,939.6,1499.6,6146.76,3981.88,26921.51
2025-04-01,partner,affluent,279,209,174,109,57,567,19,54,23,398968.13,3251.24,1474.2,1388.88,6114.32,4041.48,11461.33
2025-04-01,partner,freelancer,249,196,168,102,52,399,17,35,16,252357.58,2028.61,718.2,1026.7,3773.5,2816.16,10833.27
2025-04-01,partner,smb,143,112,93,59,30,222,9,21,9,348855.98,3272.78,976.8,929.14,5178.72,3376.54,6635.73
2025-04-01,lifecycle,mass,524,415,355,219,113,667,33,105,48,220194.29,2021.62,600.3,795.89,3417.81,2413.48,10629.63
2025-04-01,lifecycle,affluent,224,179,143,84,39,368,12,47,19,232487.21,2578.89,956.8,924.66,4460.35,3067.24,4106.39
2025-04-01,lifecycle,freelancer,186,142,115,74,38,269,11,28,12,160013.58,1440.53,484.2,478.18,2402.92,1544.02,3003.83
2025-04-01,lifecycle,smb,115,85,68,43,21,141,5,16,6,232356.26,1981.85,620.4,899.68,3501.92,2345.64,2552.03
2025-05-01,organic,mass,564,413,339,208,108,932,48,120,56,301454.13,3519.22,838.8,1152.25,5510.28,3882.27,16217.96
2025-05-01,organic,affluent,317,245,204,131,70,571,15,59,23,558934.2,3575.7,1484.6,1635.56,6695.86,4329.74,10188.25
2025-05-01,organic,freelancer,198,151,132,85,43,363,17,43,19,206252.35,1757.62,653.4,873.01,3284.03,2501.67,6322.23
2025-05-01,organic,smb,114,87,72,44,22,207,8,20,8,310438.87,2886.59,910.8,1449.45,5246.84,3356.33,4454.04
2025-05-01,paid_search,mass,656,513,411,240,116,908,68,145,75,275555.71,2912.96,817.2,923.11,4653.27,3368.99,71949.27
2025-05-01,paid_search,affluent,373,273,225,135,66,517,31,66,32,468366.18,3386.2,1344.2,2019.12,6749.52,4600.66,36627.16
2025-05-01,paid_search,freelancer,252,191,153,91,46,320,24,54,28,195136.58,1565.17,576.0,835.29,2976.46,2021.89,31380.02
2025-05-01,paid_search,smb,166,129,110,67,34,197,13,27,13,347013.19,2745.83,866.8,1221.11,4833.75,3467.1,18624.17
2025-05-01,paid_social,mass,706,536,433,250,116,875,64,128,66,258105.43,2454.86,787.5,1099.5,4341.86,3250.7,89446.16
2025-05-01,paid_social,affluent,383,266,226,131,62,497,24,74,33,443174.74,3218.12,1292.2,1415.38,5925.7,4264.65,43581.97
2025-05-01,paid_social,freelancer,321,235,186,107,51,340,22,62,30,236271.09,1952.59,612.0,725.7,3290.29,2536.31,39630.85
2025-05-01,paid_social,smb,149,111,89,52,25,189,10,33,15,341408.16,2193.13,831.6,1394.13,4418.86,2821.22,19884.9
2025-05-01,referral,mass,495,404,330,208,123,974,49,89,41,266101.67,3140.26,876.6,761.59,4778.45,3247.47,15012.93
2025-05-01,referral,affluent,284,230,192,120,64,554,15,53,21,489038.99,3538.28,1440.4,1947.45,6926.14,4843.98,4722.04
2025-05-01,referral,freelancer,189,146,119,75,43,381,16,39,17,232327.17,2298.04,685.8,914.65,3898.49,2536.41,2978.26
2025-05-01,referral,smb,111,83,68,42,23,202,9,25,11,367666.64,2764.15,888.8,1427.07,5080.02,3274.35,2477.53
2025-05-01,partner,mass,720,572,466,288,152,1035,53,148,69,302328.94,3604.65,931.5,1282.92,5819.07,4103.62,36810.58
2025-05-01,partner,affluent,279,219,178,108,57,574,14,68,27,567031.42,3701.27,1492.4,2345.4,7539.06,4978.44,11243.21
2025-05-01,partner,freelancer,216,170,140,90,46,392,15,54,23,194113.6,1842.62,705.6,844.98,3393.2,2398.58,5362.38
2025-05-01,partner,smb,132,102,84,53,28,233,8,25,10,376098.78,2827.24,1025.2,1329.49,5181.92,3404.56,6184.11
2025-05-01,lifecycle,mass,416,323,255,163,78,744,40,84,39,247232.92,2456.52,669.6,1209.77,4335.89,2783.25,7897.71
2025-05-01,lifecycle,affluent,202,155,122,74,35,390,13,47,19,332286.83,2508.73,1014.0,1368.68,4891.41,3645.21,3166.76
2025-05-01,lifecycle,freelancer,175,133,107,64,32,265,15,43,20,122603.89,1361.01,477.0,416.7,2254.71,1588.14,3258.81
2025-05-01,lifecycle,smb,109,85,66,40,18,155,6,16,7,274800.69,1914.83,682.0,985.9,3582.73,2375.12,1677.87
2025-06-01,organic,mass,544,430,369,229,117,994,49,122,56,281439.66,2857.12,894.6,854.22,4605.94,3269.67,14582.18
2025-06-01,organic,affluent,276,217,174,107,57,616,25,58,25,482242.54,3676.55,1601.6,1662.81,6940.96,4778.18,7025.04
2025-06-01,organic,freelancer,223,177,149,95,49,397,18,41,18,180886.5,1957.02,714.6,716.45,3388.07,2375.51,8133.37
2025-06-01,organic,smb,107,80,65,41,20,211,8,24,10,307090.32,2823.7,928.4,1433.6,5185.7,3521.01,2491.82
2025-06-01,paid_search,mass,683,537,429,258,125,950,75,154,81,223763.09,2639.35,855.0,975.89,4470.24,3043.46,67564.08
2025-06-01,paid_search,affluent,366,295,233,145,72,556,25,66,30,384105.38,2925.68,1445.6,1555.78,5927.06,4152.22,37802.79
2025-06-01,paid_search,freelancer,317,236,190,109,58,360,20,48,23,217050.45,1595.32,648.0,864.92,3108.25,2245.53,27475.42
2025-06-01,paid_search,smb,146,113,94,54,28,208,13,29,14,350015.44,2901.35,915.2,1257.47,5074.02,3661.41,16136.6
2025-06-01,paid_social,mass,811,627,506,286,132,877,68,170,88,279402.24,2737.71,789.3,1017.62,4544.63,3100.12,103089.92
2025-06-01,paid_social,affluent,416,326,255,137,59,530,29,75,35,424694.43,3395.54,1378.0,1629.58,6403.12,4014.88,44830.67
2025-06-01,paid_social,freelancer,286,202,162,95,44,368,26,57,28,248185.86,1877.39,662.4,789.42,3329.2,2198.52,31211.6
2025-06-01,paid_social,smb,146,102,85,49,22,194,12,36,17,333213.61,2628.15,853.6,1225.04,4706.8,3228.68,16815.56
2025-06-01,referral,mass,504,396,332,219,120,1013,50,107,49,361659.56,3356.53,911.7,1280.37,5548.6,3780.74,14447.57
2025-06-01,referral,affluent,306,253,209,130,69,612,19,51,21,622013.7,4026.9,1591.2,2625.08,8243.18,6003.07,6719.19
2025-06-01,referral,freelancer,206,160,135,85,44,415,22,35,16,175280.15,2434.45,747.0,785.48,3966.93,2776.63,3846.34
2025-06-01,referral,smb,116,92,76,48,24,220,9,22,9,336133.69,2779.92,968.0,1137.72,4885.64,3339.15,2855.52
2025-06-01,partner,mass,692,549,455,285,139,1199,53,99,45,384744.05,4124.81,1079.1,1755.56,6959.47,4807.75,20215.42
2025-06-01,partner,affluent,310,228,189,117,62,627,15,65,26,506802.32,3771.3,1630.2,1959.59,7361.08,5288.71,12152.11
2025-06-01,partner,freelancer,195,145,117,77,40,417,22,55,25,220717.92,2380.42,750.6,980.2,4111.22,2710.03,6995.48
2025-06-01,partner,smb,120,88,70,44,22,250,10,23,10,375469.39,3725.19,1100.0,1660.2,6485.39,4377.49,3330.95
2025-06-01,lifecycle,mass,430,340,285,164,84,749,44,107,51,241176.39,2254.29,674.1,933.57,3861.96,2829.24,6671.34
2025-06-01,lifecycle,affluent,232,172,141,89,45,422,10,45,17,393426.97,2792.57,1097.2,1208.69,5098.46,3675.2,4632.02
2025-06-01,lifecycle,freelancer,174,134,106,66,34,284,16,42,19,168698.61,1158.43,511.2,683.87,2353.5,1643.13,3262.79
2025-06-01,lifecycle,smb,97,74,61,39,19,168,7,15,6,258877.35,2267.22,739.2,795.02,3801.44,2531.19,1800.27
2025-07-01,organic,mass,571,454,382,250,129,1044,54,138,64,387756.19,3301.86,939.6,1519.74,5761.2,4328.2,19046.81
2025-07-01,organic,affluent,283,224,182,117,63,658,17,55,22,512584.96,4463.74,1710.8,2192.57,8367.12,5853.97,7611.4
2025-07-01,organic,freelancer,244,190,154,94,50,409,19,51,23,226413.23,2222.71,736.2,941.92,3900.83,2483.34,5127.96
2025-07-01,organic,smb,117,94,76,48,25,223,9,27,11,399214.84,2441.0,981.2,1766.3,5188.5,3657.7,3951.73
2025-07-01,paid_search,mass,781,607,505,311,151,989,84,176,95,288593.06,3134.52,890.1,999.26,5023.88,3196.5,81576.74
2025-07-01,paid_search,affluent,390,302,230,137,69,571,32,83,39,423736.35,3621.39,1484.6,1705.59,6811.58,4883.8,37747.71
2025-07-01,paid_search,freelancer,265,205,161,98,48,361,23,65,32,175095.46,1575.88,649.8,607.54,2833.22,1878.66,24506.48
2025-07-01,paid_search,smb,148,107,90,57,29,220,12,31,14,378166.85,3235.45,968.0,1394.89,5598.34,4020.32,13698.11
2025-07-01,paid_social,mass,744,544,428,262,128,964,81,148,80,310395.05,3461.85,867.6,1237.63,5567.08,3654.4,99068.68
2025-07-01,paid_social,affluent,432,306,255,157,74,558,30,85,40,569814.72,4015.08,1450.8,2111.46,7577.34,5062.9,57921.15
2025-07-01,paid_social,freelancer,293,228,176,102,46,369,26,69,34,244728.35,1883.58,664.2,899.27,3447.05,2427.99,38042.49
2025-07-01,paid_social,smb,193,144,117,67,31,214,12,36,17,413191.21,3126.03,941.6,1570.52,5638.14,4139.62,20799.68
2025-07-01,referral,mass,551,424,365,228,122,1064,56,117,55,308962.51,3798.45,957.6,1414.74,6170.79,4461.64,11860.6
2025-07-01,referral,affluent,273,210,178,111,62,619,20,69,28,410143.5,4585.16,1609.4,1403.93,7598.49,5025.38,5819.67
2025-07-01,referral,freelancer,167,127,110,69,39,402,23,52,24,229273.41,2052.41,723.6,789.13,3565.14,2637.44,2328.23
2025-07-01,referral,smb,88,67,54,35,19,228,7,23,9,290163.66,3509.06,1003.2,1129.92,5642.18,3692.54,2333.05
2025-07-01,partner,mass,615,493,386,247,127,1182,56,150,68,369190.18,4235.78,1063.8,1461.06,6760.64,4643.64,21580.68
2025-07-01,partner,affluent,351,276,230,139,72,648,26,86,37,451390.34,4573.4,1684.8,1944.09,8202.29,6094.33,12416.82
2025-07-01,partner,freelancer,251,198,164,105,51,447,19,53,23,253893.68,2499.35,804.6,998.46,4302.41,2732.5,9543.87
2025-07-01,partner,smb,131,99,80,52,26,256,9,28,12,374468.11,3676.35,1126.4,1674.1,6476.85,4806.51,4398.81
2025-07-01,lifecycle,mass,446,339,277,170,88,774,50,119,58,244705.97,2211.51,696.6,840.04,3748.15,2588.16,6371.57
2025-07-01,lifecycle,affluent,215,164,137,85,42,452,14,47,19,443595.67,3449.32,1175.2,1429.06,6053.58,4268.08,4780.62
2025-07-01,lifecycle,freelancer,183,137,113,68,34,309,13,37,16,175017.14,1714.49,556.2,729.02,2999.7,1996.5,2564.46
2025-07-01,lifecycle,smb,91,65,51,33,16,164,6,22,9,249379.48,2179.92,721.6,966.53,3868.05,2821.32,1423.36
2025-08-01,organic,mass,493,409,341,214,106,1083,63,145,69,298846.99,3401.19,974.7,1261.61,5637.5,3707.81,16241.48
2025-08-01,organic,affluent,269,216,184,115,61,652,20,80,33,487792.42,4600.55,1695.2,1984.72,8280.46,5916.15,7045.44
2025-08-01,organic,freelancer,194,157,125,78,43,428,24,54,25,199174.25,2189.95,770.4,704.0,3664.35,2759.56,6525.92
2025-08-01,organic,smb,128,100,81,48,25,235,10,28,12,385785.78,2977.38,1034.0,1568.19,5579.57,3834.74,2994.61
2025-08-01,paid_search,mass,655,487,398,236,116,1013,72,177,89,286015.58,3393.78,911.7,939.58,5245.06,3584.22,70686.86
2025-08-01,paid_search,affluent,369,262,212,123,57,603,32,77,36,484642.21,4493.22,1567.8,1727.78,7788.81,5617.32,32903.11
2025-08-01,paid_search,freelancer,253,191,158,94,47,394,27,58,29,211085.01,2175.31,709.2,601.87,3486.38,2571.9,26357.53
2025-08-01,paid_search,smb,146,109,87,52,27,226,16,36,18,330255.78,3307.83,994.4,1368.36,5670.59,3815.39,15088.9
2025-08-01,paid_social,mass,784,604,483,275,132,956,83,188,101,292671.79,3395.78,860.4,1063.95,5320.13,3775.2,86831.34
2025-08-01,paid_social,affluent,438,317,252,154,71,608,31,78,36,620980.57,4245.53,1580.8,2101.86,7928.2,5417.34,61724.41
2025-08-01,paid_social,freelancer,292,214,174,100,48,404,29,60,30,254136.48,2145.52,727.2,984.39,3857.11,2795.56,33674.81
2025-08-01,paid_social,smb,173,126,96,56,26,231,14,33,16,324398.95,2434.62,1016.4,960.91,4411.93,2829.77,23029.05
2025-08-01,referral,mass,615,467,373,238,124,1143,61,109,52,309569.22,4164.23,1028.7,924.37,6117.3,4085.57,15311.18
2025-08-01,referral,affluent,262,199,169,108,58,640,28,79,35,549160.39,4258.46,1664.0,1962.75,7885.22,5819.14,4921.16
2025-08-01,referral,freelancer,199,145,120,77,41,420,18,52,23,245778.22,2279.73,756.0,792.56,3828.29,2663.37,4676.88
2025-08-01,referral,smb,115,88,74,45,24,246,10,23,10,418525.73,3438.06,1082.4,1701.56,6222.01,4129.87,3144.64
2025-08-01,partner,mass,573,444,365,225,117,1229,66,157,73,321040.68,4518.49,1106.1,1245.31,6869.9,4968.6,21428.7
2025-08-01,partner,affluent,302,231,188,111,54,688,22,77,32,434481.51,4997.68,1788.8,1681.17,8467.65,6123.61,13062.79
2025-08-01,partner,freelancer,222,165,136,89,46,478,22,50,22,266258.23,2604.65,860.4,1147.34,4612.4,3215.21,9965.7
2025-08-01,partner,smb,119,95,80,49,26,268,9,31,13,375528.58,3653.6,1179.2,1596.97,6429.77,4314.65,3746.12
2025-08-01,lifecycle,mass,432,323,252,153,75,779,41,128,59,211730.14,2481.27,701.1,531.45,3713.83,2381.18,8453.74
2025-08-01,lifecycle,affluent,249,189,154,101,50,466,19,59,26,368989.13,2952.25,1211.6,1297.77,5461.62,3746.47,4131.34
2025-08-01,lifecycle,freelancer,184,142,116,69,36,331,15,37,16,182468.62,1525.02,595.8,681.89,2802.71,1843.19,3479.07
2025-08-01,lifecycle,smb,100,72,57,35,18,181,7,19,8,238328.1,2503.79,796.4,1059.3,4359.49,2918.78,1666.62
2025-09-01,organic,mass,641,495,412,260,133,1104,67,174,83,372449.97,3905.47,993.6,1616.58,6515.65,4797.04,22180.78
2025-09-01,organic,affluent,298,240,198,125,61,692,20,80,32,549984.56,3715.99,1799.2,2354.88,7870.07,5036.81,9005.3
2025-09-01,organic,freelancer,210,174,140,91,49,461,24,49,23,253641.57,2651.5,829.8,926.4,4407.7,3051.03,7347.64
2025-09-01,organic,smb,105,79,64,41,21,250,9,26,11,342733.3,3536.88,1100.0,1599.94,6236.82,4132.76,3551.95
2025-09-01,paid_search,mass,722,522,424,260,130,1067,80,179,92,340908.44,3786.35,960.3,1162.57,5909.22,3800.52,67406.79
2025-09-01,paid_search,affluent,354,263,212,131,60,600,35,96,45,437976.56,4232.5,1560.0,1854.28,7646.78,5478.97,39510.12
2025-09-01,paid_search,freelancer,229,194,151,91,46,425,29,50,25,212764.72,2646.25,765.0,995.87,4407.12,3010.49,19359.64
2025-09-01,paid_search,smb,128,97,77,46,24,245,15,29,14,394071.92,3580.55,1078.0,1562.26,6220.81,4322.86,12017.11
2025-09-01,paid_social,mass,813,623,508,285,135,1036,78,166,86,316235.94,3367.26,932.4,1368.6,5668.25,3724.66,94890.87
2025-09-01,paid_social,affluent,373,298,237,129,61,608,33,95,44,474742.85,3487.6,1580.8,1716.71,6785.12,4932.68,45128.24
2025-09-01,paid_social,freelancer,252,190,149,90,43,405,31,68,35,220436.53,1996.59,729.0,766.1,3491.69,2341.34,30044.75
2025-09-01,paid_social,smb,168,126,98,56,26,231,16,40,20,386222.47,3406.69,1016.4,1433.22,5856.31,4401.44,19991.48
2025-09-01,referral,mass,487,388,315,191,102,1124,60,143,67,340993.7,4116.56,1011.6,1458.59,6586.75,4284.95,11626.32
2025-09-01,referral,affluent,261,207,170,107,53,700,16,58,23,487235.83,4868.98,1820.0,1798.56,8487.54,6308.94,6422.46
2025-09-01,referral,freelancer,180,141,119,73,40,454,19,44,19,226210.51,2346.8,817.2,839.86,4003.85,2475.1,2904.75
2025-09-01,referral,smb,113,91,78,50,25,240,12,34,15,404522.68,3697.41,1056.0,1611.71,6365.12,4339.01,2524.92
2025-09-01,partner,mass,607,451,373,240,125,1285,73,158,75,346921.3,4939.58,1156.5,1254.39,7350.46,4871.68,20488.91
2025-09-01,partner,affluent,320,258,212,136,72,741,24,75,31,674712.12,4709.97,1926.6,2123.47,8760.04,5398.02,12111.58
2025-09-01,partner,freelancer,219,167,136,85,44,487,22,57,25,265909.55,2494.99,876.6,963.74,4335.33,3188.76,5967.1
2025-09-01,partner,smb,121,91,74,46,23,284,10,29,12,455179.63,3694.49,1249.6,1628.61,6572.7,4727.25,4969.78
2025-09-01,lifecycle,mass,447,347,295,184,91,837,45,122,57,272343.19,2653.55,753.3,1031.63,4438.48,3282.03,6032.27
2025-09-01,lifecycle,affluent,222,169,138,82,44,481,19,64,27,347032.31,2872.5,1250.6,1314.04,5437.14,3562.45,3297.5
2025-09-01,lifecycle,freelancer,136,107,87,52,27,324,18,48,22,172023.29,1686.89,583.2,632.09,2902.18,2020.02,1271.61
2025-09-01,lifecycle,smb,87,69,58,36,19,180,8,26,11,337013.44,2106.58,792.0,1016.77,3915.35,2663.29,1539.74
2025-10-01,organic,mass,612,487,392,249,133,1184,62,163,76,418051.83,3132.66,1065.6,1411.82,5610.08,3923.32,18540.76
2025-10-01,organic,affluent,297,221,187,118,65,724,22,87,36,624231.44,4747.72,1882.4,1921.26,8551.38,6136.42,9856.64
2025-10-01,organic,freelancer,214,169,140,87,44,468,25,56,26,290939.79,2360.95,842.4,1081.36,4284.72,2900.99,6123.17
2025-10-01,organic,smb,94,74,62,38,19,253,10,30,13,361955.75,3218.26,1113.2,1319.16,5650.62,3917.46,2709.23
2025-10-01,paid_search,mass,700,528,418,256,119,1119,97,166,90,352816.3,3824.65,1007.1,1346.92,6178.67,4287.35,66772.09
2025-10-01,paid_search,affluent,275,211,177,103,49,607,39,100,48,485372.26,4028.39,1578.2,1768.13,7374.72,5231.57,32197.13
2025-10-01,paid_search,freelancer,253,199,157,92,43,423,29,59,29,194685.35,2143.65,761.4,669.71,3574.76,2358.67,21937.89
2025-10-01,paid_search,smb,150,111,88,51,25,243,17,36,18,390799.28,3736.02,1069.2,1487.77,6292.99,4373.2,14441.78
2025-10-01,paid_social,mass,812,608,467,276,126,1034,87,198,104,313483.19,3472.74,930.6,1027.08,5430.42,3385.5,93776.09
2025-10-01,paid_social,affluent,421,313,249,154,78,687,36,74,35,563304.62,4509.17,1786.2,2181.55,8476.92,5680.86,49881.12
2025-10-01,paid_social,freelancer,311,238,193,111,50,418,27,70,34,237724.33,2475.79,752.4,1029.71,4257.9,2895.14,43896.71
2025-10-01,paid_social,smb,175,133,105,61,29,253,14,34,16,431026.1,4156.11,1113.2,1605.88,6875.19,5204.29,23046.54
2025-10-01,referral,mass,514,415,333,214,111,1173,80,144,72,415575.49,4040.91,1055.7,1477.97,6574.58,4669.88,14793.37
2025-10-01,referral,affluent,276,213,175,112,57,689,20,84,34,584057.43,4155.88,1791.4,2224.89,8172.17,5930.16,3759.99
2025-10-01,referral,freelancer,195,154,130,79,41,473,21,45,20,239512.03,2723.08,851.4,844.21,4418.69,3035.77,4093.03
2025-10-01,referral,smb,122,95,76,48,24,263,10,27,11,410789.22,3933.45,1157.2,1592.22,6682.86,4783.86,2643.79
2025-10-01,partner,mass,627,515,427,264,135,1318,85,175,86,316775.61,4159.26,1186.2,1098.13,6443.59,3994.86,24994.69
2025-10-01,partner,affluent,272,216,179,113,60,772,22,77,31,487662.36,5726.11,2007.2,2019.77,9753.09,6914.25,9713.5
2025-10-01,partner,freelancer,230,176,142,91,45,481,25,74,34,252420.18,2581.36,865.8,867.79,4314.95,3232.39,10113.33
2025-10-01,partner,smb,129,96,81,49,25,285,11,37,16,385422.22,3628.01,1254.0,1552.15,6434.16,4462.73,5137.8
2025-10-01,lifecycle,mass,460,378,298,191,98,877,56,131,64,297949.3,3352.96,789.3,1435.89,5578.15,4031.04,7914.44
2025-10-01,lifecycle,affluent,244,192,163,100,50,524,16,56,23,408355.9,3734.11,1362.4,1728.91,6825.42,4929.83,4011.99
2025-10-01,lifecycle,freelancer,159,126,103,60,31,341,15,45,20,172313.41,1954.38,613.8,571.04,3139.23,2128.69,2380.83
2025-10-01,lifecycle,smb,83,68,59,36,17,198,9,21,9,270981.35,2513.11,871.2,1028.59,4412.9,3049.44,1591.0
2025-11-01,organic,mass,571,415,351,226,120,1181,73,199,95,362697.12,4341.21,1062.9,1098.17,6502.28,4331.23,17273.48
2025-11-01,organic,affluent,282,227,187,119,63,779,24,79,33,650768.82,5606.27,2025.4,2744.32,10376.0,7324.77,9497.06
2025-11-01,organic,freelancer,251,190,157,95,48,476,26,64,30,259167.38,2608.69,856.8,1060.15,4525.64,3353.05,10033.91
2025-11-01,organic,smb,107,84,71,45,23,254,10,37,16,336561.37,3523.09,1117.6,983.42,5624.11,3931.92,3775.91
2025-11-01,paid_search,mass,724,565,460,292,145,1149,92,180,95,263919.73,3922.82,1034.1,955.02,5911.94,3813.7,80346.26
2025-11-01,paid_search,affluent,366,280,223,136,67,662,34,82,38,511821.96,4636.05,1721.2,1967.65,8324.9,5844.04,35278.93
2025-11-01,paid_search,freelancer,283,217,176,102,50,430,31,68,34,231447.65,2332.64,774.0,691.36,3798.0,2716.85,31438.0
2025-11-01,paid_search,smb,165,125,99,61,29,259,15,34,16,446810.99,3641.35,1139.6,1517.34,6298.3,4666.17,14634.74
2025-11-01,paid_social,mass,793,599,488,281,129,1127,71,160,78,276527.67,4410.89,1014.3,1025.75,6450.94,4273.13,86738.26
2025-11-01,paid_social,affluent,429,328,273,158,72,663,37,108,50,526167.1,3942.67,1723.8,1575.52,7241.98,4955.19,51598.68
2025-11-01,paid_social,freelancer,296,216,170,99,46,440,34,68,35,236198.1,2361.8,792.0,1068.31,4222.12,2884.38,38590.78
2025-11-01,paid_social,smb,176,122,96,56,27,259,15,38,18,433243.91,3666.37,1139.6,1675.62,6481.59,4276.71,19652.46
2025-11-01,referral,mass,589,482,417,268,143,1187,58,171,78,326970.92,4119.89,1068.3,1227.19,6415.38,4754.15,12245.14
2025-11-01,referral,affluent,259,198,166,108,56,751,25,71,30,555439.39,5005.85,1952.6,1907.99,8866.44,6163.53,5963.6
2025-11-01,referral,freelancer,192,153,132,87,46,486,19,52,22,240448.57,3127.11,874.8,1029.54,5031.45,3526.82,5356.77
2025-11-01,referral,smb,107,86,73,44,23,261,15,36,17,416286.83,3245.86,1148.4,1482.66,5876.92,3880.73,3032.21
2025-11-01,partner,mass,631,504,413,270,141,1337,75,195,92,492574.56,4682.65,1203.3,2013.39,7899.34,5465.99,20562.98
2025-11-01,partner,affluent,291,226,180,116,62,782,26,93,39,564981.46,4196.84,2033.2,2208.94,8438.98,5879.11,12860.2
2025-11-01,partner,freelancer,229,178,149,92,48,521,25,63,28,259972.88,2777.5,937.8,1016.35,4731.65,3432.12,8409.46
2025-11-01,partner,smb,139,100,82,52,27,298,11,38,16,373085.49,4424.62,1311.2,1343.77,7079.59,5368.7,6088.18
2025-11-01,lifecycle,mass,500,382,313,194,99,944,55,114,55,260287.24,2928.71,849.6,1107.87,4886.18,3333.14,8724.99
2025-11-01,lifecycle,affluent,227,180,150,91,47,575,15,45,18,515932.27,3282.82,1495.0,2251.56,7029.38,4699.53,4594.61
2025-11-01,lifecycle,freelancer,190,142,116,74,41,372,17,41,18,198957.1,1881.46,669.6,667.78,3218.84,2154.19,3101.66
2025-11-01,lifecycle,smb,90,73,58,36,17,197,8,26,11,282708.07,2839.74,866.8,1190.34,4896.88,3476.79,1575.14
2025-12-01,organic,mass,609,458,381,233,122,1256,75,181,86,356779.71,4398.35,1130.4,1573.41,7102.15,5025.42,15192.36
2025-12-01,organic,affluent,311,241,194,120,60,796,19,87,34,655908.79,5488.32,2069.6,2698.94,10256.86,6821.73,11635.49
2025-12-01,organic,freelancer,236,178,149,97,52,504,27,63,29,266401.17,2595.47,907.2,1258.56,4761.23,3217.93,7945.23
2025-12-01,organic,smb,132,102,84,52,25,279,12,31,13,424232.19,3688.2,1227.6,1781.44,6697.23,4362.31,4993.19
2025-12-01,paid_search,mass,759,589,492,289,140,1221,87,161,82,326098.77,4408.86,1098.9,1219.31,6727.08,4626.72,63897.82
2025-12-01,paid_search,affluent,386,289,240,142,72,665,37,103,48,608606.78,4493.1,1729.0,2312.76,8534.86,5660.66,39049.14
2025-12-01,paid_search,freelancer,305,238,193,114,57,456,29,67,33,202046.99,2603.74,820.8,866.67,4291.21,3108.89,32099.22
2025-12-01,paid_search,smb,179,140,112,65,33,273,14,35,16,420708.18,3555.91,1201.2,1675.85,6432.96,4669.33,16905.76
2025-12-01,paid_social,mass,955,694,574,341,171,1170,86,196,100,411980.55,3576.32,1053.0,1527.46,6156.78,4400.77,115089.75
2025-12-01,paid_social,affluent,399,304,236,134,66,689,42,110,52,527893.95,4330.7,1791.4,1785.21,7907.31,4985.99,39889.1
2025-12-01,paid_social,freelancer,302,217,169,95,46,438,31,76,38,194460.12,2186.33,788.4,819.59,3794.33,2563.58,34063.56
2025-12-01,paid_social,smb,161,118,93,54,25,258,16,44,21,331206.67,3016.16,1135.2,1332.9,5484.26,3574.86,19474.86
2025-12-01,referral,mass,580,451,374,229,121,1327,65,123,57,339766.41,4001.87,1194.3,1423.56,6619.73,4434.73,17146.78
2025-12-01,referral,affluent,288,224,195,123,66,777,24,78,32,631526.87,5312.3,2020.2,2390.94,9723.44,7196.52,4331.79
2025-12-01,referral,freelancer,219,172,139,84,42,505,22,54,24,222403.8,2419.38,909.0,885.47,4213.85,3028.75,6555.54
2025-12-01,referral,smb,113,86,68,43,24,275,13,33,14,448414.66,4211.57,1210.0,1600.37,7021.94,4423.39,2885.93
2025-12-01,partner,mass,581,454,369,226,123,1421,72,170,78,412431.57,4915.75,1278.9,877.13,7071.77,4565.1,25559.41
2025-12-01,partner,affluent,367,279,226,150,76,861,28,77,32,795127.07,6035.51,2238.6,2925.55,11199.67,7858.8,13917.97
2025-12-01,partner,freelancer,249,208,171,108,53,546,21,63,27,289123.35,2851.28,982.8,890.27,4724.35,3065.52,9853.38
2025-12-01,partner,smb,151,116,97,64,33,323,11,36,15,411244.41,4556.4,1421.2,1712.9,7690.49,5596.61,6295.46
2025-12-01,lifecycle,mass,474,367,296,191,102,960,50,131,60,305913.13,2695.16,864.0,1243.9,4803.06,3273.23,9241.98
2025-12-01,lifecycle,affluent,241,195,153,97,48,560,21,71,30,389373.86,3753.89,1456.0,1647.86,6857.75,4532.26,4979.32
2025-12-01,lifecycle,freelancer,181,141,120,72,39,363,19,60,27,200395.02,1952.12,653.4,802.18,3407.7,2399.13,3025.78
2025-12-01,lifecycle,smb,100,73,61,36,19,216,8,22,9,358834.4,2693.09,950.4,1712.14,5355.64,3344.01,1449.4
2026-01-01,organic,mass,622,493,418,251,128,1271,70,202,94,470731.68,3949.72,1143.9,1919.28,7012.9,4738.76,21331.93
2026-01-01,organic,affluent,346,261,221,135,73,842,23,91,36,701845.06,5536.49,2189.2,2799.39,10525.08,6655.31,7282.06
2026-01-01,organic,freelancer,212,169,142,87,44,494,25,77,35,238112.54,2825.63,889.2,935.82,4650.65,3098.19,5979.16
2026-01-01,organic,smb,134,97,79,48,25,281,13,37,16,466968.23,3932.48,1236.4,1814.45,6983.33,5175.91,4833.58
2026-01-01,paid_search,mass,844,653,541,320,159,1280,99,168,89,423751.65,4478.11,1152.0,1411.96,7042.07,4639.57,80752.01
2026-01-01,paid_search,affluent,400,292,243,149,74,690,42,110,52,610995.7,5064.88,1794.0,2426.98,9285.86,6347.13,42121.75
2026-01-01,paid_search,freelancer,325,229,184,115,61,481,31,70,34,238969.37,2796.13,865.8,1186.96,4848.89,3418.67,30197.99
2026-01-01,paid_search,smb,170,129,100,60,29,279,16,40,19,417436.91,4149.3,1227.6,1630.75,7007.65,4982.71,18106.29
2026-01-01,paid_social,mass,1093,829,638,369,182,1251,83,202,101,344050.79,3922.11,1125.9,1097.64,6145.65,4200.84,129921.36
2026-01-01,paid_social,affluent,502,362,289,163,74,766,38,82,38,697571.07,4829.47,1991.6,2648.3,9469.36,6433.71,59231.66
2026-01-01,paid_social,freelancer,336,257,208,119,59,468,32,75,37,305009.29,2527.98,842.4,1292.06,4662.44,3334.84,45158.78
2026-01-01,paid_social,smb,184,141,110,65,32,283,17,39,19,446110.79,3283.81,1245.2,1806.58,6335.59,4425.46,23264.19
2026-01-01,referral,mass,625,487,402,241,128,1358,69,141,65,502327.04,4942.51,1222.2,1466.83,7631.54,5274.36,13235.84
2026-01-01,referral,affluent,350,281,236,153,81,827,31,82,35,627371.49,5076.72,2150.2,2554.78,9781.71,6389.81,9977.1
2026-01-01,referral,freelancer,234,189,160,102,56,527,25,60,27,294515.18,2769.06,948.6,1139.24,4856.9,3683.2,5332.7
2026-01-01,referral,smb,103,75,62,39,21,290,12,29,12,467798.37,4313.07,1276.0,1912.81,7501.88,5075.71,2852.95
2026-01-01,partner,mass,710,562,473,296,153,1557,73,137,62,482049.14,5889.13,1401.3,1750.87,9041.3,6314.53,29410.8
2026-01-01,partner,affluent,367,294,245,151,80,866,21,99,39,708668.96,5103.78,2251.6,2146.11,9501.49,6394.99,14358.69
2026-01-01,partner,freelancer,287,228,186,111,58,577,21,66,28,272338.3,3232.84,1038.6,1019.75,5291.19,3564.76,14119.38
2026-01-01,partner,smb,166,125,103,62,31,336,14,40,17,477313.45,4624.58,1478.4,1404.09,7507.07,4876.01,7672.46
2026-01-01,lifecycle,mass,509,414,335,214,111,1030,62,124,60,290086.95,3070.69,927.0,1185.52,5183.21,3463.17,8683.68
2026-01-01,lifecycle,affluent,274,209,169,105,54,617,23,57,24,432318.12,4861.14,1604.2,1550.97,8016.31,5767.85,6102.55
2026-01-01,lifecycle,freelancer,187,152,125,77,40,395,19,52,23,224808.26,1929.96,711.0,710.28,3351.25,2274.5,2816.43
2026-01-01,lifecycle,smb,106,76,60,36,17,215,8,27,11,279328.93,3085.78,946.0,1061.43,5093.21,3344.1,1938.4
2026-02-01,organic,mass,708,589,510,319,173,1353,87,217,107,430510.79,3490.06,1217.7,1740.57,6448.33,4142.3,22153.11
2026-02-01,organic,affluent,335,261,217,135,72,884,31,95,40,794341.15,5484.79,2298.4,2301.16,10084.34,6626.07,12405.12
2026-02-01,organic,freelancer,290,232,186,113,61,543,27,69,31,376666.6,2827.94,977.4,1181.17,4986.51,3564.55,8569.12
2026-02-01,organic,smb,158,119,97,61,31,297,12,37,16,438196.17,3704.9,1306.8,1408.95,6420.65,5198.96,4246.91
2026-02-01,paid_search,mass,911,715,587,346,180,1303,91,204,103,470953.29,4164.95,1172.7,1353.42,6691.06,4998.84,98583.79
2026-02-01,paid_search,affluent,486,362,295,174,88,743,35,103,46,597530.3,5738.37,1931.8,2328.15,9998.32,7065.3,53949.03
2026-02-01,paid_search,freelancer,338,255,205,121,64,520,33,66,33,350919.47,3015.26,936.0,1352.03,5303.28,3599.25,36065.18
2026-02-01,paid_search,smb,169,131,108,64,31,286,19,45,22,370895.8,3987.95,1258.4,1468.19,6714.54,4652.93,17861.77
2026-02-01,paid_social,mass,925,689,548,312,152,1261,90,237,119,391043.76,4211.11,1134.9,1402.9,6748.91,4194.92,113607.57
2026-02-01,paid_social,affluent,486,380,298,172,85,740,40,124,57,682768.41,4435.71,1924.0,2647.42,9007.13,6137.17,66733.22
2026-02-01,paid_social,freelancer,416,313,259,151,72,485,34,88,44,287551.14,2944.81,873.0,1154.17,4971.98,3222.51,49445.84
2026-02-01,paid_social,smb,216,173,132,75,35,294,19,43,21,520655.6,4336.75,1293.6,1733.21,7363.56,4946.75,28899.82
2026-02-01,referral,mass,666,536,429,279,150,1397,81,165,79,434921.16,4906.06,1257.3,1733.26,7896.62,5554.59,19421.28
2026-02-01,referral,affluent,298,249,206,125,67,864,29,81,34,691035.0,5503.41,2246.4,2820.78,10570.58,7089.77,8513.9
2026-02-01,referral,freelancer,226,179,144,93,47,532,30,70,33,279516.41,2727.97,957.6,1050.8,4736.37,3471.95,5676.51
2026-02-01,referral,smb,148,111,94,61,34,303,12,34,15,516419.29,3607.2,1333.2,2031.59,6972.0,4599.72,2772.84
2026-02-01,partner,mass,867,647,544,320,179,1550,97,205,101,483384.79,5309.84,1395.0,1610.7,8315.54,5721.79,36971.41
2026-02-01,partner,affluent,437,351,305,202,108,924,35,117,50,864948.83,6051.1,2402.4,3067.45,11520.95,8253.92,13940.26
2026-02-01,partner,freelancer,338,267,216,133,66,597,32,81,38,331542.27,3236.45,1074.6,1366.6,5677.65,3750.0,11910.22
2026-02-01,partner,smb,137,105,84,51,27,354,11,36,15,553885.4,5048.56,1557.6,1983.38,8589.54,5817.9,5959.38
2026-02-01,lifecycle,mass,589,457,376,229,124,1060,58,143,67,306156.33,2891.91,954.0,1187.16,5033.07,3519.02,5771.72
2026-02-01,lifecycle,affluent,286,222,184,112,63,626,24,74,32,469482.78,4295.38,1627.6,1680.05,7603.03,5297.21,3248.53
2026-02-01,lifecycle,freelancer,234,171,139,85,44,419,20,53,24,256946.5,2550.64,754.2,1079.0,4383.84,2918.31,4382.96
2026-02-01,lifecycle,smb,114,88,74,46,23,237,7,22,9,330920.04,3250.88,1042.8,1145.58,5439.25,4234.46,2117.2
2026-03-01,organic,mass,751,600,516,331,177,1528,71,159,72,402813.72,5351.47,1375.2,1750.69,8477.36,5964.25,14070.26
2026-03-01,organic,affluent,359,280,233,141,71,911,28,101,42,791441.52,6953.58,2368.6,2680.89,12003.07,8934.54,13468.14
2026-03-01,organic,freelancer,285,225,188,117,63,561,33,80,38,332958.26,3201.49,1009.8,1028.18,5239.48,3466.47,10223.19
2026-03-01,organic,smb,139,111,94,57,27,315,13,35,15,399884.89,4989.73,1386.0,1537.99,7913.72,5507.2,4358.61
2026-03-01,paid_search,mass,989,781,605,363,167,1375,101,203,104,489823.04,4734.62,1237.5,2104.61,8076.73,5608.14,105646.63
2026-03-01,paid_search,affluent,444,354,297,179,91,779,43,115,54,701305.79,5365.84,2025.4,2788.59,10179.83,7860.18,46237.94
2026-03-01,paid_search,freelancer,349,275,215,128,61,530,40,77,40,335131.39,2742.0,954.0,1625.87,5321.86,3534.08,29642.26
2026-03-01,paid_search,smb,227,175,147,89,43,315,20,41,20,567347.81,3681.61,1386.0,2043.4,7111.01,5496.82,21998.9
2026-03-01,paid_social,mass,956,684,556,317,154,1362,102,211,108,416686.56,4748.22,1225.8,1066.56,7040.58,4529.47,113810.75
2026-03-01,paid_social,affluent,540,395,324,194,86,783,43,125,58,664740.75,4674.25,2035.8,2495.3,9205.35,5723.25,50267.92
2026-03-01,paid_social,freelancer,368,260,208,122,54,545,33,61,30,290205.57,2813.93,981.0,1107.72,4902.65,3516.64,45908.04
2026-03-01,paid_social,smb,222,165,129,82,42,282,21,66,33,465457.15,4655.07,1240.8,2022.2,7918.08,5537.23,28138.64
2026-03-01,referral,mass,749,606,528,342,180,1467,78,180,84,397730.25,4273.38,1320.3,1684.22,7277.89,5019.85,10797.16
2026-03-01,referral,affluent,343,270,228,145,78,889,28,93,38,791711.73,7479.75,2311.4,3241.08,13032.22,10087.8,7531.31
2026-03-01,referral,freelancer,279,216,176,113,59,570,26,64,29,321217.0,2645.06,1026.0,1056.07,4727.13,3348.79,7823.74
2026-03-01,referral,smb,130,101,81,50,27,325,13,29,12,610477.46,4931.79,1430.0,2152.12,8513.91,5888.35,2762.45
2026-03-01,partner,mass,831,623,488,306,166,1641,75,186,84,508492.61,6136.84,1476.9,1976.17,9589.9,6549.55,21158.95
2026-03-01,partner,affluent,445,339,280,176,89,956,30,126,52,629797.54,6037.37,2485.6,2221.15,10744.12,7114.95,25112.38
2026-03-01,partner,freelancer,347,270,227,150,75,634,35,84,39,373060.77,3193.84,1141.2,1252.1,5587.14,3984.07,15922.61
2026-03-01,partner,smb,204,160,125,79,40,379,16,39,17,637520.55,5389.66,1667.6,2257.18,9314.44,6562.1,5551.08
2026-03-01,lifecycle,mass,646,471,385,238,122,1077,72,172,85,309260.53,3877.57,969.3,1298.57,6145.44,3989.6,13846.05
2026-03-01,lifecycle,affluent,273,203,163,98,49,630,25,85,36,548605.58,4267.74,1638.0,1975.47,7881.2,5660.06,4654.54
2026-03-01,lifecycle,freelancer,239,178,148,91,45,445,18,51,22,244672.81,2405.73,801.0,1075.34,4282.08,2967.99,4468.15
2026-03-01,lifecycle,smb,128,93,75,46,23,237,8,31,13,308468.22,2659.19,1042.8,848.66,4550.64,3141.89,2054.78
2026-04-01,organic,mass,819,692,584,381,193,1583,73,195,88,515934.11,5887.29,1424.7,1973.13,9285.12,6380.23,23985.52
2026-04-01,organic,affluent,368,292,239,149,77,936,33,114,48,812743.39,6457.11,2433.6,3121.0,12011.71,7651.61,13278.99
2026-04-01,organic,freelancer,265,202,173,111,56,591,30,74,34,282126.45,3273.02,1063.8,1199.13,5535.96,4007.02,7393.14
2026-04-01,organic,smb,165,127,106,64,33,329,13,38,16,624490.89,5072.46,1447.6,2624.3,9144.35,6243.41,4014.99
2026-04-01,paid_search,mass,970,741,587,343,174,1397,117,236,126,512094.56,5101.11,1257.3,1793.3,8151.71,5336.73,75622.42
2026-04-01,paid_search,affluent,478,356,292,174,86,847,47,98,46,774430.54,5402.09,2202.2,3325.81,10930.1,7319.71,48942.34
2026-04-01,paid_search,freelancer,303,233,188,110,51,523,40,87,44,313814.0,2704.94,941.4,1186.86,4833.2,3316.84,32729.11
2026-04-01,paid_search,smb,190,143,114,64,31,316,18,47,22,462455.82,4159.79,1390.4,1590.55,7140.74,5145.42,17645.77
2026-04-01,paid_social,mass,992,767,587,357,182,1446,107,206,106,449331.06,6180.66,1301.4,1845.38,9327.44,6702.77,113771.17
2026-04-01,paid_social,affluent,460,343,279,164,73,797,47,134,63,635007.58,5470.66,2072.2,2404.39,9947.25,6174.27,58940.82
2026-04-01,paid_social,freelancer,431,328,252,135,64,514,36,101,50,295372.25,3056.51,925.2,1052.48,5034.19,3444.18,54766.48
2026-04-01,paid_social,smb,244,176,138,78,38,323,20,49,24,472985.65,4418.12,1421.2,2093.36,7932.68,5397.65,29710.61
2026-04-01,referral,mass,709,570,475,299,162,1542,84,183,86,474575.65,5012.05,1387.8,2047.71,8447.57,5803.03,18097.26
2026-04-01,referral,affluent,306,251,211,139,76,948,31,86,36,684352.96,5554.59,2464.8,2249.21,10268.59,7007.17,8237.08
2026-04-01,referral,freelancer,251,196,166,105,54,593,32,66,31,262221.96,3276.45,1067.4,924.2,5268.04,3404.95,6128.45
2026-04-01,referral,smb,135,103,83,53,29,338,11,31,13,472944.52,4800.21,1487.2,1648.26,7935.67,5742.81,2696.57
2026-04-01,partner,mass,799,613,501,304,160,1696,99,203,97,534498.49,5968.8,1526.4,2229.85,9725.05,6858.1,34599.47
2026-04-01,partner,affluent,409,326,279,178,87,1011,37,128,54,847284.45,6625.51,2628.6,3286.93,12541.04,8313.54,19432.09
2026-04-01,partner,freelancer,280,212,185,114,63,642,34,94,43,226213.64,3932.48,1155.6,744.48,5832.56,3813.51,10889.5
2026-04-01,partner,smb,162,126,107,66,32,400,16,35,15,547896.6,5707.52,1760.0,1992.35,9459.88,6215.07,4539.06
2026-04-01,lifecycle,mass,579,443,359,227,116,1146,62,152,71,313231.26,3948.02,1031.4,1147.4,6126.83,4144.82,10005.35
2026-04-01,lifecycle,affluent,297,249,201,122,59,633,23,100,42,504254.85,4559.26,1645.8,1762.88,7967.94,4677.22,6209.0
2026-04-01,lifecycle,freelancer,232,179,152,91,42,453,25,60,28,236028.3,2328.07,815.4,1015.68,4159.15,3186.85,4418.76
2026-04-01,lifecycle,smb,93,72,60,38,18,250,11,30,13,379564.99,3756.11,1100.0,1271.06,6127.17,4332.21,1276.88
2026-05-01,organic,mass,706,553,441,265,134,1663,78,182,82,495638.62,5261.91,1496.7,2001.9,8760.5,6276.5,22940.64
2026-05-01,organic,affluent,392,298,249,159,85,1003,39,106,46,865197.99,6427.82,2607.8,3476.72,12512.34,8212.77,13966.34
2026-05-01,organic,freelancer,272,213,174,106,54,601,30,82,37,264094.74,3084.48,1081.8,907.22,5073.5,3674.2,8088.43
2026-05-01,organic,smb,171,132,109,65,35,349,14,39,17,580861.03,4829.74,1535.6,2372.37,8737.71,5933.53,4476.85
2026-05-01,paid_search,mass,944,727,623,376,185,1426,117,260,137,440597.68,4827.99,1283.4,1597.51,7708.89,4855.09,92505.94
2026-05-01,paid_search,affluent,536,411,333,201,103,873,47,115,54,710314.15,5832.65,2269.8,2868.9,10971.35,7510.07,55385.23
2026-05-01,paid_search,freelancer,419,316,254,146,74,559,40,86,44,350199.64,2880.72,1006.2,1263.86,5150.78,3856.39,42569.93
2026-05-01,paid_search,smb,200,148,114,70,36,339,23,43,21,644508.41,4754.51,1491.6,2760.96,9007.07,6689.16,19332.53
2026-05-01,paid_social,mass,1127,884,716,414,184,1485,112,229,119,481566.12,5109.63,1336.5,1592.45,8038.59,5900.89,125981.52
2026-05-01,paid_social,affluent,506,376,299,186,84,832,43,133,61,560536.75,6195.72,2163.2,2220.54,10579.46,7445.03,59375.29
2026-05-01,paid_social,freelancer,385,276,213,132,63,567,41,83,42,303688.03,2796.94,1020.6,1200.45,5017.99,3640.46,47882.1
2026-05-01,paid_social,smb,238,192,155,95,46,333,21,58,28,523451.72,4823.55,1465.2,1834.07,8122.82,5684.82,29133.46
2026-05-01,referral,mass,716,590,487,322,168,1532,87,238,112,576480.5,5270.64,1378.8,2065.08,8714.52,6082.73,16173.52
2026-05-01,referral,affluent,409,340,285,180,91,951,33,117,49,848576.7,6598.83,2472.6,3453.81,12525.24,8366.04,10455.01
2026-05-01,referral,freelancer,260,209,171,107,53,611,27,67,30,382395.82,3333.51,1099.8,1474.78,5908.09,4086.9,7575.15
2026-05-01,referral,smb,142,110,92,60,31,343,16,39,17,546074.11,5251.6,1509.2,2245.52,9006.32,6380.33,2590.42
2026-05-01,partner,mass,810,604,482,300,155,1666,77,249,111,543644.6,6064.28,1499.4,2186.66,9750.34,7042.89,32609.69
2026-05-01,partner,affluent,413,308,254,158,82,1101,37,101,42,814404.13,6762.1,2862.6,3024.67,12649.37,9149.48,19653.64
2026-05-01,partner,freelancer,367,301,243,145,73,686,33,91,41,451020.0,3452.8,1234.8,1752.67,6440.27,4866.48,19737.33
2026-05-01,partner,smb,190,149,128,82,44,413,16,43,18,560528.37,5398.06,1817.2,2242.81,9458.07,6592.14,7426.59
2026-05-01,lifecycle,mass,607,463,378,231,125,1197,71,159,76,333170.8,4258.77,1077.3,1031.28,6367.35,4496.1,12402.29
2026-05-01,lifecycle,affluent,264,189,159,98,50,663,21,97,40,464467.2,4617.22,1723.8,1757.81,8098.83,6055.38,5192.23
2026-05-01,lifecycle,freelancer,238,191,153,90,45,474,20,59,26,273821.8,2672.2,853.2,1228.16,4753.56,3453.83,3549.76
2026-05-01,lifecycle,smb,131,100,81,49,24,261,11,30,13,434551.27,4393.66,1148.4,1957.4,7499.46,5634.32,2226.34
