invoice_id,entity_id,vendor_id,invoice_date,due_date,currency,invoice_amount_usd,outstanding_usd,days_to_due,due_window,payment_week_id,payment_priority,is_synthetic
AP00001,SG01,V002,2026-02-27,2026-03-14,SGD,59511.62,24761.86,-93,Past due,W01,Hold,TRUE
AP00002,BR01,V004,2026-05-12,2026-06-26,BRL,21414.43,20200.22,11,0-14 days,W02,Pay,TRUE
AP00003,VN01,V015,2026-05-23,2026-06-22,VND,45848.41,37973.56,7,0-14 days,W02,Review,TRUE
AP00004,BR01,V016,2026-05-15,2026-05-30,BRL,28711.92,21445.4,-16,Past due,W01,Review,TRUE
AP00005,BR01,V010,2026-04-21,2026-05-06,BRL,32420.85,10037.78,-40,Past due,W01,Hold,TRUE
AP00006,GB01,V013,2026-02-08,2026-03-10,GBP,50784.35,45144.28,-97,Past due,W01,Review,TRUE
AP00007,SG01,V002,2026-02-16,2026-03-03,SGD,52823.0,40314.85,-104,Past due,W01,Hold,TRUE
AP00008,SG01,V008,2026-06-07,2026-06-22,SGD,12020.23,11222.12,7,0-14 days,W02,Pay,TRUE
AP00009,GB01,V001,2026-03-20,2026-05-04,GBP,18579.85,13043.35,-42,Past due,W01,Review,TRUE
AP00010,GB01,V013,2026-03-20,2026-04-19,GBP,33345.26,11472.11,-57,Past due,W01,Hold,TRUE
AP00011,VN01,V015,2026-06-03,2026-07-03,VND,50610.99,40604.95,18,15-30 days,W03,Review,TRUE
AP00012,DE01,V006,2026-02-05,2026-03-07,EUR,68226.76,27501.11,-100,Past due,W01,Pay,TRUE
AP00013,DE01,V012,2026-02-15,2026-04-16,EUR,55387.62,21440.83,-60,Past due,W01,Review,TRUE
AP00014,DE01,V006,2026-04-30,2026-05-30,EUR,112459.54,79930.28,-16,Past due,W01,Hold,TRUE
AP00015,VN01,V015,2026-03-29,2026-04-28,VND,35623.27,18277.39,-48,Past due,W01,Pay,TRUE
AP00016,GB01,V001,2026-04-17,2026-06-01,GBP,107323.86,95062.84,-14,Past due,W01,Review,TRUE
AP00017,SG01,V014,2026-05-16,2026-06-30,SGD,58571.34,48485.22,15,15-30 days,W03,Hold,TRUE
AP00018,BR01,V016,2026-05-25,2026-06-09,BRL,23072.1,22559.58,-6,Past due,W01,Review,TRUE
AP00019,US01,V011,2026-06-02,2026-08-01,USD,139393.08,129968.13,47,31-60 days,W07,Review,TRUE
AP00020,DE01,V006,2026-04-06,2026-05-06,EUR,39773.22,15229.7,-40,Past due,W01,Review,TRUE
AP00021,VN01,V003,2026-02-01,2026-02-16,VND,34288.47,28845.8,-119,Past due,W01,Hold,TRUE
AP00022,DE01,V012,2026-03-05,2026-05-04,EUR,37530.81,30345.75,-42,Past due,W01,Pay,TRUE
AP00023,BR01,V010,2026-06-01,2026-06-16,BRL,85239.57,73839.64,1,0-14 days,W01,Review,TRUE
AP00024,DE01,V006,2026-05-31,2026-06-30,EUR,90118.31,84576.73,15,15-30 days,W03,Pay,TRUE
AP00025,DE01,V012,2026-05-22,2026-07-21,EUR,27676.51,22323.39,36,31-60 days,W06,Hold,TRUE
AP00026,BR01,V010,2026-05-30,2026-06-14,BRL,24197.91,23702.18,-1,Past due,W01,Review,TRUE
AP00027,BR01,V004,2026-06-06,2026-07-21,BRL,119706.53,96225.06,36,31-60 days,W06,Pay,TRUE
AP00028,DE01,V012,2026-03-25,2026-05-24,EUR,44767.95,37298.78,-22,Past due,W01,Hold,TRUE
AP00029,BR01,V004,2026-05-24,2026-07-08,BRL,34677.85,28316.32,23,15-30 days,W04,Hold,TRUE
AP00030,DE01,V006,2026-02-12,2026-03-14,EUR,43188.85,17531.03,-93,Past due,W01,Pay,TRUE
AP00031,SG01,V008,2026-05-28,2026-06-12,SGD,47050.16,42345.19,-3,Past due,W01,Pay,TRUE
AP00032,GB01,V001,2026-02-19,2026-04-05,GBP,86212.53,83625.09,-71,Past due,W01,Hold,TRUE
AP00033,GB01,V001,2026-02-12,2026-03-29,GBP,28187.06,16976.2,-78,Past due,W01,Hold,TRUE
AP00034,SG01,V008,2026-05-01,2026-05-16,SGD,46549.47,29365.26,-30,Past due,W01,Hold,TRUE
AP00035,SG01,V008,2026-04-10,2026-04-25,SGD,52571.16,32418.92,-51,Past due,W01,Review,TRUE
AP00036,US01,V005,2026-05-21,2026-07-20,USD,112751.21,107765.55,35,31-60 days,W06,Pay,TRUE
AP00037,GB01,V001,2026-04-30,2026-06-14,GBP,51490.22,49562.05,-1,Past due,W01,Review,TRUE
AP00038,SG01,V002,2026-02-14,2026-03-01,SGD,47287.03,33163.06,-106,Past due,W01,Review,TRUE
AP00039,DE01,V012,2026-03-15,2026-05-14,EUR,72663.7,29259.96,-32,Past due,W01,Review,TRUE
AP00040,VN01,V009,2026-02-11,2026-02-26,VND,53602.98,39973.83,-109,Past due,W01,Review,TRUE
AP00041,GB01,V013,2026-04-07,2026-05-07,GBP,65872.8,35601.26,-39,Past due,W01,Hold,TRUE
AP00042,US01,V005,2026-03-10,2026-05-09,USD,81611.38,43627.5,-37,Past due,W01,Pay,TRUE
AP00043,GB01,V007,2026-03-08,2026-04-07,GBP,58261.18,41590.66,-69,Past due,W01,Hold,TRUE
AP00044,VN01,V015,2026-03-21,2026-04-20,VND,40938.54,22118.27,-56,Past due,W01,Pay,TRUE
AP00045,GB01,V007,2026-04-12,2026-05-12,GBP,10194.67,6668.72,-34,Past due,W01,Pay,TRUE
AP00046,GB01,V001,2026-05-03,2026-06-17,GBP,54097.19,46835.91,2,0-14 days,W01,Hold,TRUE
AP00047,BR01,V010,2026-05-28,2026-06-12,BRL,35850.89,31294.47,-3,Past due,W01,Review,TRUE
AP00048,VN01,V009,2026-03-18,2026-04-02,VND,19688.33,17438.32,-74,Past due,W01,Hold,TRUE
AP00049,US01,V005,2026-04-15,2026-06-14,USD,90423.71,86238.29,-1,Past due,W01,Hold,TRUE
AP00050,VN01,V015,2026-03-22,2026-04-21,VND,39329.74,27524.89,-55,Past due,W01,Hold,TRUE
AP00051,BR01,V010,2026-03-14,2026-03-29,BRL,27997.85,21367.54,-78,Past due,W01,Pay,TRUE
AP00052,DE01,V006,2026-03-24,2026-04-23,EUR,44554.79,30474.21,-53,Past due,W01,Pay,TRUE
AP00053,BR01,V010,2026-06-08,2026-06-23,BRL,21959.57,18814.87,8,0-14 days,W02,Review,TRUE
AP00054,SG01,V008,2026-04-11,2026-04-26,SGD,54697.96,50600.75,-50,Past due,W01,Hold,TRUE
AP00055,SG01,V002,2026-04-26,2026-05-11,SGD,48524.91,25390.75,-35,Past due,W01,Hold,TRUE
AP00056,GB01,V007,2026-02-05,2026-03-07,GBP,62035.7,35415.27,-100,Past due,W01,Hold,TRUE
AP00057,GB01,V001,2026-03-13,2026-04-27,GBP,53428.43,18525.03,-49,Past due,W01,Pay,TRUE
AP00058,DE01,V006,2026-03-08,2026-04-07,EUR,50876.76,42254.06,-69,Past due,W01,Review,TRUE
AP00059,SG01,V002,2026-04-29,2026-05-14,SGD,30571.74,12936.57,-32,Past due,W01,Review,TRUE
AP00060,SG01,V014,2026-04-05,2026-05-20,SGD,34275.98,20405.7,-26,Past due,W01,Hold,TRUE
AP00061,BR01,V010,2026-04-05,2026-04-20,BRL,20775.43,13168.27,-56,Past due,W01,Hold,TRUE
AP00062,US01,V011,2026-04-26,2026-06-25,USD,40108.37,37463.44,10,0-14 days,W02,Review,TRUE
AP00063,DE01,V006,2026-06-03,2026-07-03,EUR,29422.13,25674.65,18,15-30 days,W03,Review,TRUE
AP00064,US01,V005,2026-03-22,2026-05-21,USD,130001.59,84807.55,-25,Past due,W01,Hold,TRUE
AP00065,BR01,V004,2026-03-22,2026-05-06,BRL,68116.03,40710.69,-40,Past due,W01,Hold,TRUE
AP00066,DE01,V006,2026-06-01,2026-07-01,EUR,169597.88,142084.28,16,15-30 days,W03,Pay,TRUE
AP00067,VN01,V003,2026-03-01,2026-03-16,VND,24347.05,19630.01,-91,Past due,W01,Pay,TRUE
AP00068,DE01,V012,2026-06-08,2026-08-07,EUR,94100.16,93749.66,53,31-60 days,W08,Hold,TRUE
AP00069,DE01,V006,2026-03-12,2026-04-11,EUR,48127.55,40578.47,-65,Past due,W01,Review,TRUE
AP00070,GB01,V001,2026-02-15,2026-04-01,GBP,54126.74,24835.32,-75,Past due,W01,Review,TRUE
AP00071,GB01,V001,2026-03-13,2026-04-27,GBP,17597.57,16951.12,-49,Past due,W01,Pay,TRUE
AP00072,DE01,V012,2026-06-05,2026-08-04,EUR,63402.25,55325.49,50,31-60 days,W08,Hold,TRUE
AP00073,US01,V011,2026-05-26,2026-07-25,USD,37513.09,37185.97,40,31-60 days,W06,Pay,TRUE
AP00074,BR01,V016,2026-02-04,2026-02-19,BRL,25769.86,15556.3,-116,Past due,W01,Review,TRUE
AP00075,GB01,V013,2026-04-02,2026-05-02,GBP,56217.42,28792.22,-44,Past due,W01,Pay,TRUE
AP00076,BR01,V010,2026-05-23,2026-06-07,BRL,53531.43,49874.15,-8,Past due,W01,Hold,TRUE
AP00077,DE01,V012,2026-02-07,2026-04-08,EUR,60796.72,24048.51,-68,Past due,W01,Pay,TRUE
AP00078,US01,V011,2026-03-13,2026-05-12,USD,31453.65,21412.68,-34,Past due,W01,Review,TRUE
AP00079,VN01,V009,2026-04-01,2026-04-16,VND,19250.65,6074.3,-60,Past due,W01,Hold,TRUE
AP00080,BR01,V010,2026-02-03,2026-02-18,BRL,32452.33,17248.92,-117,Past due,W01,Review,TRUE
AP00081,VN01,V015,2026-02-24,2026-03-26,VND,43851.17,22007.43,-81,Past due,W01,Review,TRUE
AP00082,VN01,V003,2026-05-22,2026-06-06,VND,33522.22,28631.2,-9,Past due,W01,Review,TRUE
AP00083,US01,V005,2026-03-28,2026-05-27,USD,73798.22,71058.01,-19,Past due,W01,Hold,TRUE
AP00084,BR01,V004,2026-05-14,2026-06-28,BRL,39102.86,32038.79,13,0-14 days,W02,Review,TRUE
AP00085,VN01,V015,2026-04-29,2026-05-29,VND,63876.19,23040.36,-17,Past due,W01,Pay,TRUE
AP00086,VN01,V015,2026-03-01,2026-03-31,VND,32722.23,28444.32,-76,Past due,W01,Hold,TRUE
AP00087,BR01,V016,2026-02-11,2026-02-26,BRL,34065.46,25507.73,-109,Past due,W01,Pay,TRUE
AP00088,US01,V011,2026-04-19,2026-06-18,USD,53243.47,51172.27,3,0-14 days,W01,Pay,TRUE
AP00089,BR01,V010,2026-03-12,2026-03-27,BRL,34217.12,33430.22,-80,Past due,W01,Review,TRUE
AP00090,SG01,V014,2026-03-01,2026-04-15,SGD,49408.49,19730.88,-61,Past due,W01,Review,TRUE
AP00091,VN01,V003,2026-05-21,2026-06-05,VND,71747.32,60221.56,-10,Past due,W01,Pay,TRUE
AP00092,US01,V011,2026-02-26,2026-04-27,USD,48171.48,46465.85,-49,Past due,W01,Hold,TRUE
AP00093,DE01,V006,2026-03-12,2026-04-11,EUR,75235.39,57848.82,-65,Past due,W01,Review,TRUE
AP00094,VN01,V015,2026-05-06,2026-06-05,VND,23212.46,22688.29,-10,Past due,W01,Hold,TRUE
AP00095,US01,V005,2026-04-13,2026-06-12,USD,238246.24,213348.14,-3,Past due,W01,Pay,TRUE
AP00096,BR01,V004,2026-04-28,2026-06-12,BRL,33465.87,26582.26,-3,Past due,W01,Hold,TRUE
AP00097,BR01,V004,2026-03-16,2026-04-30,BRL,55192.33,46233.3,-46,Past due,W01,Pay,TRUE
AP00098,BR01,V010,2026-04-20,2026-05-05,BRL,16907.71,13150.4,-41,Past due,W01,Hold,TRUE
AP00099,US01,V005,2026-05-14,2026-07-13,USD,29575.24,28354.14,28,15-30 days,W05,Review,TRUE
AP00100,US01,V005,2026-03-21,2026-05-20,USD,49295.31,42827.89,-26,Past due,W01,Hold,TRUE
AP00101,VN01,V009,2026-04-06,2026-04-21,VND,74808.49,51815.54,-55,Past due,W01,Hold,TRUE
AP00102,VN01,V009,2026-05-05,2026-05-20,VND,34645.28,24164.32,-26,Past due,W01,Hold,TRUE
AP00103,SG01,V014,2026-02-24,2026-04-10,SGD,41162.07,32337.14,-66,Past due,W01,Pay,TRUE
AP00104,VN01,V015,2026-04-04,2026-05-04,VND,29520.5,16790.14,-42,Past due,W01,Review,TRUE
AP00105,VN01,V003,2026-06-10,2026-06-25,VND,32145.87,27630.32,10,0-14 days,W02,Review,TRUE
AP00106,SG01,V008,2026-03-11,2026-03-26,SGD,67560.75,39634.96,-81,Past due,W01,Pay,TRUE
AP00107,VN01,V015,2026-04-15,2026-05-15,VND,70966.14,65384.62,-31,Past due,W01,Pay,TRUE
AP00108,BR01,V016,2026-04-29,2026-05-14,BRL,40053.22,32718.59,-32,Past due,W01,Review,TRUE
AP00109,BR01,V004,2026-03-18,2026-05-02,BRL,85250.46,59672.92,-44,Past due,W01,Pay,TRUE
AP00110,US01,V011,2026-03-26,2026-05-25,USD,26923.26,24987.29,-21,Past due,W01,Pay,TRUE
AP00111,GB01,V001,2026-04-26,2026-06-10,GBP,65496.45,63811.84,-5,Past due,W01,Review,TRUE
AP00112,BR01,V004,2026-05-14,2026-06-28,BRL,58982.33,54192.41,13,0-14 days,W02,Hold,TRUE
AP00113,VN01,V009,2026-02-26,2026-03-13,VND,22140.39,15509.62,-94,Past due,W01,Hold,TRUE
AP00114,DE01,V006,2026-04-09,2026-05-09,EUR,59582.12,46041.98,-37,Past due,W01,Review,TRUE
AP00115,US01,V005,2026-03-12,2026-05-11,USD,56803.26,51463.66,-35,Past due,W01,Review,TRUE
AP00116,DE01,V012,2026-02-04,2026-04-05,EUR,184577.27,179394.12,-71,Past due,W01,Review,TRUE
AP00117,VN01,V015,2026-05-15,2026-06-14,VND,41797.17,33569.67,-1,Past due,W01,Pay,TRUE
AP00118,DE01,V012,2026-03-05,2026-05-04,EUR,23824.09,11310.23,-42,Past due,W01,Review,TRUE
AP00119,US01,V011,2026-05-18,2026-07-17,USD,88030.08,81689.6,32,31-60 days,W05,Review,TRUE
AP00120,GB01,V007,2026-02-18,2026-03-20,GBP,74109.34,29181.95,-87,Past due,W01,Hold,TRUE
AP00121,US01,V011,2026-03-20,2026-05-19,USD,126396.22,80161.31,-27,Past due,W01,Pay,TRUE
AP00122,SG01,V014,2026-05-23,2026-07-07,SGD,30763.97,26012.72,22,15-30 days,W04,Pay,TRUE
AP00123,BR01,V016,2026-05-16,2026-05-31,BRL,42397.36,29901.76,-15,Past due,W01,Hold,TRUE
AP00124,GB01,V007,2026-03-09,2026-04-08,GBP,41610.07,14375.88,-68,Past due,W01,Pay,TRUE
AP00125,US01,V005,2026-06-06,2026-08-05,USD,121854.5,104212.19,51,31-60 days,W08,Pay,TRUE
AP00126,DE01,V006,2026-05-24,2026-06-23,EUR,109637.01,102466.94,8,0-14 days,W02,Hold,TRUE
AP00127,VN01,V015,2026-02-03,2026-03-05,VND,54230.98,33543.76,-102,Past due,W01,Hold,TRUE
AP00128,VN01,V003,2026-06-12,2026-06-27,VND,22006.07,17425.22,12,0-14 days,W02,Review,TRUE
AP00129,VN01,V003,2026-02-15,2026-03-02,VND,42812.18,29910.22,-105,Past due,W01,Hold,TRUE
AP00130,GB01,V001,2026-03-22,2026-05-06,GBP,113868.48,102249.17,-40,Past due,W01,Pay,TRUE
AP00131,GB01,V001,2026-02-07,2026-03-24,GBP,30685.91,29096.95,-83,Past due,W01,Hold,TRUE
AP00132,SG01,V014,2026-05-10,2026-06-24,SGD,44804.92,36317.88,9,0-14 days,W02,Hold,TRUE
AP00133,VN01,V003,2026-02-27,2026-03-14,VND,21814.55,14635.58,-93,Past due,W01,Pay,TRUE
AP00134,DE01,V012,2026-04-14,2026-06-13,EUR,78127.34,72241.28,-2,Past due,W01,Hold,TRUE
AP00135,DE01,V006,2026-04-20,2026-05-20,EUR,83332.11,64213.2,-26,Past due,W01,Review,TRUE
AP00136,VN01,V009,2026-05-03,2026-05-18,VND,35981.65,18968.89,-28,Past due,W01,Hold,TRUE
AP00137,VN01,V015,2026-05-20,2026-06-19,VND,40040.13,33923.28,4,0-14 days,W01,Hold,TRUE
AP00138,VN01,V003,2026-04-15,2026-04-30,VND,35341.03,34205.15,-46,Past due,W01,Hold,TRUE
AP00139,BR01,V016,2026-04-12,2026-04-27,BRL,27992.01,20664.55,-49,Past due,W01,Hold,TRUE
AP00140,SG01,V008,2026-03-20,2026-04-04,SGD,42129.3,38328.8,-72,Past due,W01,Review,TRUE
AP00141,SG01,V014,2026-03-21,2026-05-05,SGD,224881.01,111364.94,-41,Past due,W01,Hold,TRUE
AP00142,BR01,V010,2026-02-14,2026-03-01,BRL,32392.03,30284.21,-106,Past due,W01,Pay,TRUE
AP00143,DE01,V006,2026-05-06,2026-06-05,EUR,115929.01,111883.37,-10,Past due,W01,Pay,TRUE
AP00144,BR01,V016,2026-05-26,2026-06-10,BRL,53463.92,52389.58,-5,Past due,W01,Hold,TRUE
AP00145,SG01,V008,2026-02-12,2026-02-27,SGD,94208.48,41917.81,-108,Past due,W01,Hold,TRUE
AP00146,VN01,V003,2026-01-31,2026-02-15,VND,26565.52,8604.73,-120,Past due,W01,Review,TRUE
AP00147,DE01,V006,2026-05-15,2026-06-14,EUR,39952.63,39726.64,-1,Past due,W01,Review,TRUE
AP00148,VN01,V015,2026-02-02,2026-03-04,VND,104966.55,78214.58,-103,Past due,W01,Review,TRUE
AP00149,US01,V011,2026-04-05,2026-06-04,USD,83895.5,29651.92,-11,Past due,W01,Hold,TRUE
AP00150,US01,V011,2026-02-11,2026-04-12,USD,78672.56,61266.19,-64,Past due,W01,Hold,TRUE
AP00151,US01,V011,2026-05-23,2026-07-22,USD,52500.53,46462.14,37,31-60 days,W06,Review,TRUE
AP00152,SG01,V002,2026-05-20,2026-06-04,SGD,32560.88,18249.47,-11,Past due,W01,Pay,TRUE
AP00153,GB01,V007,2026-05-24,2026-06-23,GBP,47705.92,44005.25,8,0-14 days,W02,Hold,TRUE
AP00154,DE01,V012,2026-03-23,2026-05-22,EUR,81223.0,78970.46,-24,Past due,W01,Hold,TRUE
AP00155,SG01,V002,2026-05-31,2026-06-15,SGD,51917.14,49291.29,0,0-14 days,W01,Hold,TRUE
AP00156,DE01,V012,2026-04-06,2026-06-05,EUR,53291.64,48792.03,-10,Past due,W01,Review,TRUE
AP00157,SG01,V002,2026-02-25,2026-03-12,SGD,14631.64,7343.2,-95,Past due,W01,Review,TRUE
AP00158,VN01,V015,2026-02-15,2026-03-17,VND,20039.93,8541.22,-90,Past due,W01,Review,TRUE
AP00159,SG01,V008,2026-03-12,2026-03-27,SGD,70773.48,21600.87,-80,Past due,W01,Pay,TRUE
AP00160,SG01,V008,2026-03-09,2026-03-24,SGD,37882.5,21608.5,-83,Past due,W01,Hold,TRUE
AP00161,GB01,V013,2026-03-22,2026-04-21,GBP,42479.54,39353.49,-55,Past due,W01,Review,TRUE
AP00162,VN01,V003,2026-05-02,2026-05-17,VND,32695.75,23690.14,-29,Past due,W01,Review,TRUE
AP00163,SG01,V008,2026-04-25,2026-05-10,SGD,55736.7,38583.75,-36,Past due,W01,Hold,TRUE
AP00164,GB01,V001,2026-03-25,2026-05-09,GBP,35925.48,25494.94,-37,Past due,W01,Review,TRUE
AP00165,BR01,V004,2026-06-02,2026-07-17,BRL,23421.8,20081.79,32,31-60 days,W05,Hold,TRUE
AP00166,BR01,V004,2026-02-22,2026-04-08,BRL,25261.83,23783.25,-68,Past due,W01,Review,TRUE
AP00167,GB01,V001,2026-05-12,2026-06-26,GBP,56913.83,55257.53,11,0-14 days,W02,Review,TRUE
AP00168,BR01,V004,2026-05-05,2026-06-19,BRL,28430.94,23461.46,4,0-14 days,W01,Pay,TRUE
AP00169,SG01,V008,2026-04-17,2026-05-02,SGD,73997.12,63225.75,-44,Past due,W01,Hold,TRUE
AP00170,GB01,V013,2026-04-23,2026-05-23,GBP,26867.56,21088.08,-23,Past due,W01,Hold,TRUE
AP00171,BR01,V010,2026-03-14,2026-03-29,BRL,32620.47,16116.1,-78,Past due,W01,Hold,TRUE
AP00172,BR01,V004,2026-05-31,2026-07-15,BRL,37257.81,37015.5,30,15-30 days,W05,Pay,TRUE
AP00173,SG01,V008,2026-02-28,2026-03-15,SGD,47160.51,45986.51,-92,Past due,W01,Pay,TRUE
AP00174,BR01,V004,2026-02-06,2026-03-23,BRL,53020.3,31693.66,-84,Past due,W01,Pay,TRUE
AP00175,SG01,V014,2026-02-17,2026-04-03,SGD,32397.3,12696.75,-73,Past due,W01,Review,TRUE
AP00176,DE01,V006,2026-03-20,2026-04-19,EUR,54735.59,49068.64,-57,Past due,W01,Pay,TRUE
AP00177,BR01,V010,2026-05-18,2026-06-02,BRL,27740.48,25182.76,-13,Past due,W01,Review,TRUE
AP00178,SG01,V002,2026-05-17,2026-06-01,SGD,170130.04,123564.17,-14,Past due,W01,Pay,TRUE
AP00179,VN01,V003,2026-02-03,2026-02-18,VND,51523.61,44247.61,-117,Past due,W01,Review,TRUE
AP00180,BR01,V004,2026-04-25,2026-06-09,BRL,17560.92,15932.23,-6,Past due,W01,Review,TRUE
AP00181,BR01,V016,2026-03-11,2026-03-26,BRL,30823.63,13628.76,-81,Past due,W01,Pay,TRUE
AP00182,GB01,V001,2026-03-20,2026-05-04,GBP,69224.83,24617.43,-42,Past due,W01,Review,TRUE
AP00183,BR01,V010,2026-05-27,2026-06-11,BRL,19245.21,15498.35,-4,Past due,W01,Review,TRUE
AP00184,DE01,V012,2026-05-22,2026-07-21,EUR,64983.36,55993.76,36,31-60 days,W06,Hold,TRUE
AP00185,BR01,V004,2026-04-07,2026-05-22,BRL,33365.78,25684.73,-24,Past due,W01,Review,TRUE
AP00186,VN01,V003,2026-04-30,2026-05-15,VND,19063.52,14653.78,-31,Past due,W01,Review,TRUE
AP00187,VN01,V009,2026-03-13,2026-03-28,VND,27701.46,21102.57,-79,Past due,W01,Hold,TRUE
AP00188,BR01,V010,2026-04-02,2026-04-17,BRL,21252.22,15882.98,-59,Past due,W01,Pay,TRUE
AP00189,VN01,V009,2026-06-04,2026-06-19,VND,25653.49,22616.15,4,0-14 days,W01,Review,TRUE
AP00190,US01,V011,2026-04-17,2026-06-16,USD,55233.34,55228.66,1,0-14 days,W01,Review,TRUE
AP00191,SG01,V002,2026-06-01,2026-06-16,SGD,20283.26,17247.11,1,0-14 days,W01,Hold,TRUE
AP00192,VN01,V003,2026-03-19,2026-04-03,VND,43280.73,39752.37,-73,Past due,W01,Pay,TRUE
AP00193,VN01,V009,2026-04-02,2026-04-17,VND,54052.06,26496.85,-59,Past due,W01,Pay,TRUE
AP00194,SG01,V014,2026-02-11,2026-03-28,SGD,82506.62,45468.24,-79,Past due,W01,Hold,TRUE
AP00195,US01,V005,2026-03-21,2026-05-20,USD,77463.21,26919.13,-26,Past due,W01,Pay,TRUE
AP00196,SG01,V008,2026-02-26,2026-03-13,SGD,36596.79,31791.22,-94,Past due,W01,Review,TRUE
AP00197,DE01,V012,2026-06-04,2026-08-03,EUR,108597.91,94966.38,49,31-60 days,W08,Hold,TRUE
AP00198,BR01,V016,2026-05-22,2026-06-06,BRL,97472.94,91302.54,-9,Past due,W01,Pay,TRUE
AP00199,DE01,V006,2026-03-05,2026-04-04,EUR,73155.62,60096.31,-72,Past due,W01,Pay,TRUE
AP00200,DE01,V006,2026-05-15,2026-06-14,EUR,130289.31,126934.65,-1,Past due,W01,Review,TRUE
AP00201,GB01,V007,2026-02-17,2026-03-19,GBP,39569.76,15142.29,-88,Past due,W01,Pay,TRUE
AP00202,DE01,V012,2026-04-07,2026-06-06,EUR,44862.61,43617.88,-9,Past due,W01,Pay,TRUE
AP00203,SG01,V008,2026-05-24,2026-06-08,SGD,55611.05,49571.06,-7,Past due,W01,Hold,TRUE
AP00204,BR01,V004,2026-03-26,2026-05-10,BRL,80673.87,44194.74,-36,Past due,W01,Hold,TRUE
AP00205,BR01,V004,2026-03-13,2026-04-27,BRL,102925.68,50352.41,-49,Past due,W01,Review,TRUE
AP00206,VN01,V003,2026-05-31,2026-06-15,VND,41278.57,35734.58,0,0-14 days,W01,Pay,TRUE
AP00207,SG01,V002,2026-04-06,2026-04-21,SGD,29959.86,14851.89,-55,Past due,W01,Review,TRUE
AP00208,BR01,V004,2026-04-06,2026-05-21,BRL,75740.53,57356.16,-25,Past due,W01,Pay,TRUE
AP00209,DE01,V006,2026-05-17,2026-06-16,EUR,84812.66,81956.24,1,0-14 days,W01,Hold,TRUE
AP00210,SG01,V008,2026-05-27,2026-06-11,SGD,35338.74,32522.31,-4,Past due,W01,Review,TRUE
AP00211,SG01,V014,2026-04-05,2026-05-20,SGD,61730.17,38663.74,-26,Past due,W01,Hold,TRUE
AP00212,US01,V005,2026-02-04,2026-04-05,USD,32433.91,24163.17,-71,Past due,W01,Pay,TRUE
AP00213,BR01,V004,2026-02-02,2026-03-19,BRL,29265.26,13583.09,-88,Past due,W01,Review,TRUE
AP00214,SG01,V008,2026-03-31,2026-04-15,SGD,34912.15,28291.95,-61,Past due,W01,Review,TRUE
AP00215,VN01,V009,2026-04-05,2026-04-20,VND,53950.9,44176.54,-56,Past due,W01,Pay,TRUE
AP00216,GB01,V013,2026-02-09,2026-03-11,GBP,54313.11,38543.72,-96,Past due,W01,Hold,TRUE
AP00217,BR01,V004,2026-03-06,2026-04-20,BRL,88631.06,29771.8,-56,Past due,W01,Pay,TRUE
AP00218,BR01,V004,2026-03-25,2026-05-09,BRL,24500.57,23729.38,-37,Past due,W01,Review,TRUE
AP00219,GB01,V001,2026-05-05,2026-06-19,GBP,74944.32,65237.92,4,0-14 days,W01,Pay,TRUE
AP00220,GB01,V001,2026-04-16,2026-05-31,GBP,45989.93,14173.18,-15,Past due,W01,Review,TRUE
AP00221,GB01,V001,2026-05-25,2026-07-09,GBP,47798.82,45374.36,24,15-30 days,W04,Review,TRUE
AP00222,VN01,V003,2026-04-23,2026-05-08,VND,27313.97,25688.94,-38,Past due,W01,Pay,TRUE
AP00223,SG01,V002,2026-02-06,2026-02-21,SGD,20419.17,10103.57,-114,Past due,W01,Hold,TRUE
AP00224,VN01,V003,2026-02-25,2026-03-12,VND,56843.87,45914.4,-95,Past due,W01,Review,TRUE
AP00225,US01,V011,2026-04-24,2026-06-23,USD,70593.96,69522.21,8,0-14 days,W02,Hold,TRUE
AP00226,DE01,V006,2026-02-21,2026-03-23,EUR,65569.69,60352.93,-84,Past due,W01,Pay,TRUE
AP00227,BR01,V004,2026-06-06,2026-07-21,BRL,32848.71,28034.76,36,31-60 days,W06,Hold,TRUE
AP00228,VN01,V009,2026-04-10,2026-04-25,VND,29952.67,26129.67,-51,Past due,W01,Hold,TRUE
AP00229,VN01,V003,2026-06-08,2026-06-23,VND,32135.55,29948.62,8,0-14 days,W02,Hold,TRUE
AP00230,GB01,V001,2026-05-01,2026-06-15,GBP,53926.4,48745.87,0,0-14 days,W01,Review,TRUE
AP00231,GB01,V013,2026-06-11,2026-07-11,GBP,19147.99,17596.8,26,15-30 days,W04,Hold,TRUE
AP00232,BR01,V004,2026-05-04,2026-06-18,BRL,48461.92,42920.68,3,0-14 days,W01,Review,TRUE
AP00233,SG01,V002,2026-03-14,2026-03-29,SGD,20390.21,8279.3,-78,Past due,W01,Review,TRUE
AP00234,BR01,V004,2026-03-28,2026-05-12,BRL,20258.22,18883.88,-34,Past due,W01,Hold,TRUE
AP00235,SG01,V002,2026-03-04,2026-03-19,SGD,21457.97,16285.29,-88,Past due,W01,Review,TRUE
AP00236,GB01,V007,2026-05-14,2026-06-13,GBP,34768.51,33701.92,-2,Past due,W01,Pay,TRUE
AP00237,DE01,V006,2026-04-11,2026-05-11,EUR,48592.58,22671.41,-35,Past due,W01,Hold,TRUE
AP00238,GB01,V013,2026-02-03,2026-03-05,GBP,53292.09,34064.29,-102,Past due,W01,Pay,TRUE
AP00239,GB01,V007,2026-05-05,2026-06-04,GBP,24041.39,16339.02,-11,Past due,W01,Hold,TRUE
AP00240,BR01,V016,2026-02-01,2026-02-16,BRL,23839.8,10269.83,-119,Past due,W01,Pay,TRUE
AP00241,US01,V005,2026-04-17,2026-06-16,USD,47540.88,41232.34,1,0-14 days,W01,Review,TRUE
AP00242,VN01,V015,2026-05-20,2026-06-19,VND,60493.39,58973.33,4,0-14 days,W01,Hold,TRUE
AP00243,US01,V011,2026-05-20,2026-07-19,USD,59670.01,59382.31,34,31-60 days,W05,Pay,TRUE
AP00244,DE01,V012,2026-02-14,2026-04-15,EUR,48749.45,34148.49,-61,Past due,W01,Hold,TRUE
AP00245,VN01,V009,2026-04-27,2026-05-12,VND,19960.14,16684.82,-34,Past due,W01,Pay,TRUE
AP00246,BR01,V010,2026-05-09,2026-05-24,BRL,19056.1,18552.99,-22,Past due,W01,Hold,TRUE
AP00247,VN01,V015,2026-03-20,2026-04-19,VND,49506.82,48565.77,-57,Past due,W01,Pay,TRUE
AP00248,US01,V005,2026-05-14,2026-07-13,USD,18165.56,15933.37,28,15-30 days,W05,Hold,TRUE
AP00249,DE01,V006,2026-05-10,2026-06-09,EUR,56616.94,46276.27,-6,Past due,W01,Hold,TRUE
AP00250,BR01,V004,2026-02-10,2026-03-27,BRL,28155.15,15912.27,-80,Past due,W01,Hold,TRUE
AP00251,VN01,V009,2026-03-17,2026-04-01,VND,37163.16,27585.03,-75,Past due,W01,Hold,TRUE
AP00252,BR01,V010,2026-02-11,2026-02-26,BRL,39291.65,37452.83,-109,Past due,W01,Pay,TRUE
AP00253,GB01,V013,2026-05-02,2026-06-01,GBP,44942.04,42546.91,-14,Past due,W01,Pay,TRUE
AP00254,BR01,V010,2026-04-04,2026-04-19,BRL,48052.69,35082.98,-57,Past due,W01,Hold,TRUE
AP00255,BR01,V016,2026-02-04,2026-02-19,BRL,30354.1,27172.68,-116,Past due,W01,Hold,TRUE
AP00256,GB01,V007,2026-05-09,2026-06-08,GBP,28714.23,25253.92,-7,Past due,W01,Hold,TRUE
AP00257,BR01,V016,2026-02-02,2026-02-17,BRL,55118.79,21059.28,-118,Past due,W01,Review,TRUE
AP00258,SG01,V008,2026-02-25,2026-03-12,SGD,80484.34,29610.59,-95,Past due,W01,Review,TRUE
AP00259,BR01,V004,2026-02-27,2026-04-13,BRL,31904.82,25387.27,-63,Past due,W01,Hold,TRUE
AP00260,VN01,V003,2026-05-30,2026-06-14,VND,35534.53,27994.41,-1,Past due,W01,Pay,TRUE
AP00261,SG01,V002,2026-03-06,2026-03-21,SGD,67736.14,22470.07,-86,Past due,W01,Pay,TRUE
AP00262,DE01,V006,2026-04-17,2026-05-17,EUR,75541.74,31330.56,-29,Past due,W01,Hold,TRUE
AP00263,US01,V005,2026-03-24,2026-05-23,USD,25654.81,22193.7,-23,Past due,W01,Pay,TRUE
AP00264,GB01,V007,2026-04-24,2026-05-24,GBP,35414.71,12988.7,-22,Past due,W01,Hold,TRUE
AP00265,SG01,V014,2026-02-05,2026-03-22,SGD,41358.95,19818.49,-85,Past due,W01,Review,TRUE
AP00266,GB01,V007,2026-02-06,2026-03-08,GBP,48222.66,45495.34,-99,Past due,W01,Hold,TRUE
AP00267,VN01,V003,2026-05-30,2026-06-14,VND,49382.04,46521.15,-1,Past due,W01,Hold,TRUE
AP00268,SG01,V008,2026-06-07,2026-06-22,SGD,29106.63,26579.58,7,0-14 days,W02,Hold,TRUE
AP00269,BR01,V010,2026-04-13,2026-04-28,BRL,37080.03,25581.62,-48,Past due,W01,Pay,TRUE
AP00270,DE01,V012,2026-03-21,2026-05-20,EUR,44120.78,41319.09,-26,Past due,W01,Pay,TRUE
AP00271,VN01,V003,2026-02-08,2026-02-23,VND,26663.34,25662.53,-112,Past due,W01,Hold,TRUE
AP00272,BR01,V016,2026-05-05,2026-05-20,BRL,28259.67,14143.81,-26,Past due,W01,Review,TRUE
AP00273,GB01,V001,2026-03-28,2026-05-12,GBP,15594.22,13704.24,-34,Past due,W01,Review,TRUE
AP00274,BR01,V016,2026-03-13,2026-03-28,BRL,24333.25,13669.94,-79,Past due,W01,Hold,TRUE
AP00275,VN01,V003,2026-02-01,2026-02-16,VND,21703.56,11537.76,-119,Past due,W01,Hold,TRUE
AP00276,SG01,V014,2026-04-06,2026-05-21,SGD,28242.5,10802.2,-25,Past due,W01,Hold,TRUE
AP00277,DE01,V006,2026-03-17,2026-04-16,EUR,28857.83,10025.62,-60,Past due,W01,Review,TRUE
AP00278,SG01,V008,2026-05-22,2026-06-06,SGD,54651.97,50300.6,-9,Past due,W01,Review,TRUE
AP00279,US01,V011,2026-05-30,2026-07-29,USD,71141.25,63494.66,44,31-60 days,W07,Hold,TRUE
AP00280,SG01,V008,2026-04-01,2026-04-16,SGD,53473.22,50737.24,-60,Past due,W01,Hold,TRUE
AP00281,DE01,V012,2026-03-15,2026-05-14,EUR,51804.06,31496.31,-32,Past due,W01,Review,TRUE
AP00282,SG01,V014,2026-06-03,2026-07-18,SGD,69904.87,65228.5,33,31-60 days,W05,Pay,TRUE
AP00283,SG01,V002,2026-06-01,2026-06-16,SGD,100365.81,98276.23,1,0-14 days,W01,Hold,TRUE
AP00284,BR01,V016,2026-02-27,2026-03-14,BRL,77005.55,25983.53,-93,Past due,W01,Hold,TRUE
AP00285,GB01,V001,2026-02-04,2026-03-21,GBP,49601.36,37341.62,-86,Past due,W01,Hold,TRUE
AP00286,GB01,V013,2026-03-07,2026-04-06,GBP,11061.18,3502.33,-70,Past due,W01,Pay,TRUE
AP00287,SG01,V008,2026-03-30,2026-04-14,SGD,44063.33,36896.95,-62,Past due,W01,Pay,TRUE
AP00288,VN01,V003,2026-02-01,2026-02-16,VND,62042.96,29483.87,-119,Past due,W01,Hold,TRUE
AP00289,BR01,V010,2026-04-24,2026-05-09,BRL,93498.25,68372.18,-37,Past due,W01,Review,TRUE
AP00290,US01,V011,2026-04-27,2026-06-26,USD,113029.19,96731.48,11,0-14 days,W02,Review,TRUE
AP00291,US01,V005,2026-06-03,2026-08-02,USD,67821.7,56694.61,48,31-60 days,W07,Hold,TRUE
AP00292,VN01,V009,2026-05-28,2026-06-12,VND,23514.18,21790.6,-3,Past due,W01,Pay,TRUE
AP00293,DE01,V006,2026-02-10,2026-03-12,EUR,79885.77,42606.2,-95,Past due,W01,Review,TRUE
AP00294,SG01,V002,2026-04-06,2026-04-21,SGD,42300.43,23758.77,-55,Past due,W01,Review,TRUE
AP00295,GB01,V007,2026-05-10,2026-06-09,GBP,70339.48,65177.01,-6,Past due,W01,Hold,TRUE
AP00296,BR01,V004,2026-04-18,2026-06-02,BRL,51926.29,29080.25,-13,Past due,W01,Pay,TRUE
AP00297,BR01,V004,2026-03-27,2026-05-11,BRL,30038.73,21932.48,-35,Past due,W01,Hold,TRUE
AP00298,BR01,V004,2026-04-27,2026-06-11,BRL,36102.91,31879.75,-4,Past due,W01,Pay,TRUE
AP00299,SG01,V002,2026-02-18,2026-03-05,SGD,45489.0,37801.46,-102,Past due,W01,Pay,TRUE
AP00300,GB01,V013,2026-03-06,2026-04-05,GBP,32884.2,32417.92,-71,Past due,W01,Hold,TRUE
AP00301,DE01,V006,2026-04-23,2026-05-23,EUR,34787.02,25467.64,-23,Past due,W01,Hold,TRUE
AP00302,VN01,V003,2026-03-23,2026-04-07,VND,55574.27,44856.2,-69,Past due,W01,Review,TRUE
AP00303,GB01,V013,2026-05-03,2026-06-02,GBP,73286.68,57027.11,-13,Past due,W01,Pay,TRUE
AP00304,GB01,V007,2026-02-10,2026-03-12,GBP,83403.46,77579.86,-95,Past due,W01,Review,TRUE
AP00305,BR01,V016,2026-05-03,2026-05-18,BRL,26340.22,12180.75,-28,Past due,W01,Hold,TRUE
AP00306,BR01,V016,2026-06-05,2026-06-20,BRL,20704.59,18539.39,5,0-14 days,W01,Pay,TRUE
AP00307,US01,V005,2026-05-25,2026-07-24,USD,55569.83,48627.36,39,31-60 days,W06,Pay,TRUE
AP00308,US01,V005,2026-02-24,2026-04-25,USD,125433.59,60073.04,-51,Past due,W01,Pay,TRUE
AP00309,VN01,V003,2026-05-19,2026-06-03,VND,20209.84,13964.46,-12,Past due,W01,Hold,TRUE
AP00310,VN01,V015,2026-03-31,2026-04-30,VND,155022.09,142989.4,-46,Past due,W01,Hold,TRUE
AP00311,GB01,V013,2026-03-22,2026-04-21,GBP,52304.17,40219.0,-55,Past due,W01,Hold,TRUE
AP00312,US01,V005,2026-05-13,2026-07-12,USD,68925.15,57902.78,27,15-30 days,W04,Pay,TRUE
AP00313,VN01,V009,2026-05-12,2026-05-27,VND,26720.81,24960.09,-19,Past due,W01,Pay,TRUE
AP00314,DE01,V012,2026-03-14,2026-05-13,EUR,82869.53,54895.32,-33,Past due,W01,Review,TRUE
AP00315,DE01,V006,2026-03-05,2026-04-04,EUR,67143.17,28599.93,-72,Past due,W01,Review,TRUE
AP00316,SG01,V008,2026-02-22,2026-03-09,SGD,23097.39,13561.35,-98,Past due,W01,Hold,TRUE
AP00317,DE01,V006,2026-05-26,2026-06-25,EUR,32346.31,30075.94,10,0-14 days,W02,Hold,TRUE
AP00318,GB01,V013,2026-02-26,2026-03-28,GBP,43631.72,36484.4,-79,Past due,W01,Review,TRUE
AP00319,DE01,V006,2026-06-02,2026-07-02,EUR,99137.65,87587.68,17,15-30 days,W03,Pay,TRUE
AP00320,DE01,V012,2026-05-15,2026-07-14,EUR,52912.24,43553.12,29,15-30 days,W05,Hold,TRUE
AP00321,GB01,V007,2026-02-04,2026-03-06,GBP,51897.72,45581.56,-101,Past due,W01,Review,TRUE
AP00322,VN01,V009,2026-04-05,2026-04-20,VND,23150.8,18688.27,-56,Past due,W01,Hold,TRUE
AP00323,SG01,V014,2026-04-22,2026-06-06,SGD,37498.63,34432.78,-9,Past due,W01,Pay,TRUE
AP00324,SG01,V008,2026-04-19,2026-05-04,SGD,55928.89,18934.39,-42,Past due,W01,Pay,TRUE
AP00325,SG01,V002,2026-03-30,2026-04-14,SGD,35588.79,24240.54,-62,Past due,W01,Review,TRUE
AP00326,SG01,V014,2026-03-16,2026-04-30,SGD,52145.53,36252.58,-46,Past due,W01,Review,TRUE
AP00327,GB01,V013,2026-04-01,2026-05-01,GBP,37103.58,22504.01,-45,Past due,W01,Pay,TRUE
AP00328,SG01,V014,2026-05-20,2026-07-04,SGD,48583.04,38257.91,19,15-30 days,W03,Pay,TRUE
AP00329,SG01,V014,2026-06-03,2026-07-18,SGD,27250.58,26506.69,33,31-60 days,W05,Hold,TRUE
AP00330,BR01,V010,2026-05-10,2026-05-25,BRL,21424.79,13996.36,-21,Past due,W01,Pay,TRUE
AP00331,SG01,V008,2026-02-03,2026-02-18,SGD,31549.78,27730.53,-117,Past due,W01,Pay,TRUE
AP00332,GB01,V007,2026-04-29,2026-05-29,GBP,50125.9,49259.95,-17,Past due,W01,Hold,TRUE
AP00333,VN01,V015,2026-04-08,2026-05-08,VND,41314.34,19688.15,-38,Past due,W01,Review,TRUE
AP00334,SG01,V002,2026-02-24,2026-03-11,SGD,37621.73,16746.71,-96,Past due,W01,Review,TRUE
AP00335,VN01,V009,2026-03-23,2026-04-07,VND,21271.95,19613.13,-69,Past due,W01,Pay,TRUE
AP00336,SG01,V002,2026-04-12,2026-04-27,SGD,45728.15,36128.3,-49,Past due,W01,Review,TRUE
AP00337,BR01,V010,2026-05-07,2026-05-22,BRL,28607.15,26834.13,-24,Past due,W01,Pay,TRUE
AP00338,GB01,V007,2026-03-05,2026-04-04,GBP,64517.88,27985.7,-72,Past due,W01,Hold,TRUE
AP00339,DE01,V012,2026-02-26,2026-04-27,EUR,56474.14,42246.85,-49,Past due,W01,Hold,TRUE
AP00340,BR01,V004,2026-02-06,2026-03-23,BRL,53553.71,28000.98,-84,Past due,W01,Review,TRUE
AP00341,US01,V005,2026-04-16,2026-06-15,USD,60053.56,49299.48,0,0-14 days,W01,Pay,TRUE
AP00342,DE01,V012,2026-05-18,2026-07-17,EUR,38965.97,37055.79,32,31-60 days,W05,Hold,TRUE
AP00343,BR01,V010,2026-03-05,2026-03-20,BRL,17648.49,10526.4,-87,Past due,W01,Review,TRUE
AP00344,BR01,V004,2026-03-12,2026-04-26,BRL,18693.29,15142.19,-50,Past due,W01,Review,TRUE
AP00345,BR01,V016,2026-02-17,2026-03-04,BRL,55701.95,21395.24,-103,Past due,W01,Pay,TRUE
AP00346,VN01,V015,2026-04-18,2026-05-18,VND,82319.09,81700.89,-28,Past due,W01,Hold,TRUE
AP00347,GB01,V001,2026-03-15,2026-04-29,GBP,30314.52,29903.12,-47,Past due,W01,Hold,TRUE
AP00348,BR01,V004,2026-05-26,2026-07-10,BRL,19955.52,16045.02,25,15-30 days,W04,Hold,TRUE
AP00349,SG01,V002,2026-06-10,2026-06-25,SGD,29586.53,24431.34,10,0-14 days,W02,Hold,TRUE
AP00350,GB01,V001,2026-04-10,2026-05-25,GBP,34089.63,20695.96,-21,Past due,W01,Review,TRUE
AP00351,BR01,V010,2026-03-07,2026-03-22,BRL,66218.39,33734.84,-85,Past due,W01,Hold,TRUE
AP00352,GB01,V001,2026-04-01,2026-05-16,GBP,27477.16,11595.33,-30,Past due,W01,Hold,TRUE
AP00353,DE01,V006,2026-03-01,2026-03-31,EUR,97385.69,97159.62,-76,Past due,W01,Hold,TRUE
AP00354,DE01,V006,2026-05-16,2026-06-15,EUR,112291.11,111154.97,0,0-14 days,W01,Pay,TRUE
AP00355,VN01,V015,2026-04-06,2026-05-06,VND,96772.05,92380.34,-40,Past due,W01,Review,TRUE
AP00356,VN01,V009,2026-03-25,2026-04-09,VND,18891.45,7467.84,-67,Past due,W01,Review,TRUE
AP00357,VN01,V015,2026-03-28,2026-04-27,VND,21776.66,10572.5,-49,Past due,W01,Review,TRUE
AP00358,DE01,V006,2026-02-10,2026-03-12,EUR,176944.79,133973.97,-95,Past due,W01,Pay,TRUE
AP00359,US01,V005,2026-05-13,2026-07-12,USD,44287.07,41979.38,27,15-30 days,W04,Hold,TRUE
AP00360,SG01,V014,2026-05-19,2026-07-03,SGD,60529.67,53019.18,18,15-30 days,W03,Pay,TRUE
AP00361,BR01,V004,2026-03-30,2026-05-14,BRL,36493.22,23182.8,-32,Past due,W01,Review,TRUE
AP00362,DE01,V012,2026-02-05,2026-04-06,EUR,33457.43,18256.75,-70,Past due,W01,Hold,TRUE
AP00363,GB01,V001,2026-02-27,2026-04-13,GBP,50351.56,30477.02,-63,Past due,W01,Review,TRUE
AP00364,DE01,V012,2026-05-13,2026-07-12,EUR,43379.19,42808.96,27,15-30 days,W04,Hold,TRUE
AP00365,BR01,V016,2026-04-09,2026-04-24,BRL,163401.74,122959.5,-52,Past due,W01,Hold,TRUE
AP00366,SG01,V002,2026-02-04,2026-02-19,SGD,32466.97,29098.79,-116,Past due,W01,Review,TRUE
AP00367,VN01,V015,2026-02-08,2026-03-10,VND,34365.29,20190.46,-97,Past due,W01,Review,TRUE
AP00368,VN01,V003,2026-06-10,2026-06-25,VND,55668.12,51577.8,10,0-14 days,W02,Hold,TRUE
AP00369,BR01,V016,2026-05-11,2026-05-26,BRL,69952.84,66901.62,-20,Past due,W01,Hold,TRUE
AP00370,GB01,V013,2026-05-31,2026-06-30,GBP,18415.94,15671.61,15,15-30 days,W03,Hold,TRUE
AP00371,SG01,V002,2026-04-16,2026-05-01,SGD,39926.53,27802.54,-45,Past due,W01,Hold,TRUE
AP00372,GB01,V013,2026-05-30,2026-06-29,GBP,59375.51,51700.68,14,0-14 days,W03,Hold,TRUE
AP00373,VN01,V009,2026-05-24,2026-06-08,VND,40863.55,36155.63,-7,Past due,W01,Review,TRUE
AP00374,GB01,V007,2026-01-31,2026-03-02,GBP,42112.58,34235.08,-105,Past due,W01,Pay,TRUE
AP00375,BR01,V004,2026-03-11,2026-04-25,BRL,40889.7,32471.49,-51,Past due,W01,Hold,TRUE
AP00376,BR01,V004,2026-05-15,2026-06-29,BRL,34409.2,29115.6,14,0-14 days,W03,Hold,TRUE
AP00377,DE01,V012,2026-03-09,2026-05-08,EUR,77777.14,41160.06,-38,Past due,W01,Pay,TRUE
AP00378,SG01,V008,2026-06-07,2026-06-22,SGD,131445.35,129439.19,7,0-14 days,W02,Review,TRUE
AP00379,VN01,V015,2026-03-18,2026-04-17,VND,59284.5,30007.42,-59,Past due,W01,Hold,TRUE
AP00380,GB01,V013,2026-04-13,2026-05-13,GBP,26617.06,10463.13,-33,Past due,W01,Hold,TRUE
AP00381,US01,V005,2026-05-11,2026-07-10,USD,22496.67,22236.7,25,15-30 days,W04,Pay,TRUE
AP00382,BR01,V004,2026-03-10,2026-04-24,BRL,77308.21,44051.17,-52,Past due,W01,Pay,TRUE
AP00383,GB01,V001,2026-05-26,2026-07-10,GBP,72989.01,63668.86,25,15-30 days,W04,Hold,TRUE
AP00384,SG01,V002,2026-04-07,2026-04-22,SGD,18871.31,15325.08,-54,Past due,W01,Review,TRUE
AP00385,US01,V011,2026-04-23,2026-06-22,USD,118946.31,105048.23,7,0-14 days,W02,Review,TRUE
AP00386,DE01,V006,2026-03-14,2026-04-13,EUR,90121.16,66986.3,-63,Past due,W01,Hold,TRUE
AP00387,VN01,V003,2026-02-26,2026-03-13,VND,37951.0,20015.11,-94,Past due,W01,Hold,TRUE
AP00388,US01,V011,2026-06-10,2026-08-09,USD,62688.5,51142.15,55,31-60 days,W08,Pay,TRUE
AP00389,BR01,V004,2026-06-03,2026-07-18,BRL,47757.82,38030.62,33,31-60 days,W05,Pay,TRUE
AP00390,BR01,V010,2026-05-29,2026-06-13,BRL,42648.35,36869.76,-2,Past due,W01,Pay,TRUE
AP00391,GB01,V013,2026-05-11,2026-06-10,GBP,86326.5,68779.48,-5,Past due,W01,Pay,TRUE
AP00392,GB01,V007,2026-03-23,2026-04-22,GBP,38762.48,17983.28,-54,Past due,W01,Pay,TRUE
AP00393,BR01,V004,2026-04-29,2026-06-13,BRL,28644.4,27114.51,-2,Past due,W01,Hold,TRUE
AP00394,DE01,V006,2026-05-15,2026-06-14,EUR,75388.79,69772.63,-1,Past due,W01,Pay,TRUE
AP00395,US01,V011,2026-04-13,2026-06-12,USD,66608.6,53262.49,-3,Past due,W01,Pay,TRUE
AP00396,BR01,V010,2026-05-05,2026-05-20,BRL,50526.43,42046.01,-26,Past due,W01,Hold,TRUE
AP00397,GB01,V007,2026-05-12,2026-06-11,GBP,31165.55,29600.96,-4,Past due,W01,Review,TRUE
AP00398,SG01,V008,2026-06-01,2026-06-16,SGD,34195.19,32861.73,1,0-14 days,W01,Hold,TRUE
AP00399,GB01,V001,2026-02-12,2026-03-29,GBP,23891.19,9960.27,-78,Past due,W01,Hold,TRUE
AP00400,DE01,V006,2026-02-12,2026-03-14,EUR,55506.08,44748.22,-93,Past due,W01,Review,TRUE
AP00401,BR01,V004,2026-05-13,2026-06-27,BRL,34731.3,33345.95,12,0-14 days,W02,Pay,TRUE
AP00402,BR01,V016,2026-05-23,2026-06-07,BRL,25676.74,23398.19,-8,Past due,W01,Pay,TRUE
AP00403,SG01,V002,2026-04-19,2026-05-04,SGD,50611.69,41271.0,-42,Past due,W01,Hold,TRUE
AP00404,SG01,V008,2026-03-06,2026-03-21,SGD,34182.48,15685.35,-86,Past due,W01,Review,TRUE
AP00405,SG01,V002,2026-04-01,2026-04-16,SGD,41899.18,15168.85,-60,Past due,W01,Pay,TRUE
AP00406,VN01,V003,2026-02-20,2026-03-07,VND,70043.53,32741.1,-100,Past due,W01,Review,TRUE
AP00407,SG01,V014,2026-02-10,2026-03-27,SGD,33073.91,25682.24,-80,Past due,W01,Hold,TRUE
AP00408,DE01,V012,2026-04-04,2026-06-03,EUR,77848.4,74222.65,-12,Past due,W01,Pay,TRUE
AP00409,VN01,V003,2026-05-15,2026-05-30,VND,45714.66,44138.87,-16,Past due,W01,Hold,TRUE
AP00410,BR01,V004,2026-02-07,2026-03-24,BRL,15645.42,12657.46,-83,Past due,W01,Hold,TRUE
AP00411,GB01,V013,2026-02-13,2026-03-15,GBP,80774.14,51065.29,-92,Past due,W01,Pay,TRUE
AP00412,DE01,V012,2026-06-09,2026-08-08,EUR,63189.27,62567.14,54,31-60 days,W08,Hold,TRUE
AP00413,US01,V011,2026-02-17,2026-04-18,USD,86699.02,67442.85,-58,Past due,W01,Review,TRUE
AP00414,VN01,V003,2026-03-28,2026-04-12,VND,36880.33,14172.33,-64,Past due,W01,Review,TRUE
AP00415,SG01,V002,2026-03-28,2026-04-12,SGD,65731.49,61294.95,-64,Past due,W01,Review,TRUE
AP00416,VN01,V003,2026-03-12,2026-03-27,VND,118400.44,60903.04,-80,Past due,W01,Pay,TRUE
AP00417,GB01,V001,2026-06-04,2026-07-19,GBP,71183.0,64890.97,34,31-60 days,W05,Pay,TRUE
AP00418,VN01,V015,2026-03-04,2026-04-03,VND,19509.18,15975.75,-73,Past due,W01,Pay,TRUE
AP00419,BR01,V004,2026-03-07,2026-04-21,BRL,56651.4,33599.43,-55,Past due,W01,Hold,TRUE
AP00420,US01,V011,2026-04-27,2026-06-26,USD,59787.17,57191.26,11,0-14 days,W02,Review,TRUE
AP00421,VN01,V009,2026-05-05,2026-05-20,VND,61669.58,58926.57,-26,Past due,W01,Hold,TRUE
AP00422,BR01,V004,2026-05-28,2026-07-12,BRL,54445.1,45056.79,27,15-30 days,W04,Hold,TRUE
AP00423,DE01,V012,2026-05-14,2026-07-13,EUR,68146.79,67564.06,28,15-30 days,W05,Hold,TRUE
AP00424,DE01,V012,2026-05-11,2026-07-10,EUR,16508.07,13185.75,25,15-30 days,W04,Hold,TRUE
AP00425,DE01,V006,2026-03-02,2026-04-01,EUR,78221.02,27309.92,-75,Past due,W01,Review,TRUE
AP00426,DE01,V012,2026-03-13,2026-05-12,EUR,51932.39,51755.98,-34,Past due,W01,Hold,TRUE
AP00427,GB01,V013,2026-03-14,2026-04-13,GBP,37312.71,21156.86,-63,Past due,W01,Review,TRUE
AP00428,BR01,V004,2026-04-29,2026-06-13,BRL,45511.5,38154.36,-2,Past due,W01,Review,TRUE
AP00429,GB01,V013,2026-03-20,2026-04-19,GBP,19762.49,18667.7,-57,Past due,W01,Review,TRUE
AP00430,US01,V005,2026-05-10,2026-07-09,USD,77586.2,75072.52,24,15-30 days,W04,Review,TRUE
AP00431,SG01,V008,2026-03-06,2026-03-21,SGD,61820.95,23719.47,-86,Past due,W01,Hold,TRUE
AP00432,BR01,V004,2026-02-09,2026-03-26,BRL,111313.48,88649.92,-81,Past due,W01,Review,TRUE
AP00433,SG01,V008,2026-03-11,2026-03-26,SGD,155909.15,83935.92,-81,Past due,W01,Pay,TRUE
AP00434,GB01,V007,2026-03-28,2026-04-27,GBP,56705.85,34001.98,-49,Past due,W01,Pay,TRUE
AP00435,GB01,V001,2026-03-16,2026-04-30,GBP,25037.54,22289.79,-46,Past due,W01,Review,TRUE
AP00436,GB01,V013,2026-03-26,2026-04-25,GBP,13353.1,9481.63,-51,Past due,W01,Pay,TRUE
AP00437,VN01,V015,2026-05-28,2026-06-27,VND,42038.95,37253.99,12,0-14 days,W02,Review,TRUE
AP00438,BR01,V016,2026-04-03,2026-04-18,BRL,18889.54,16984.58,-58,Past due,W01,Review,TRUE
AP00439,GB01,V001,2026-03-08,2026-04-22,GBP,32911.52,11176.79,-54,Past due,W01,Pay,TRUE
AP00440,BR01,V016,2026-03-19,2026-04-03,BRL,24871.99,18594.51,-73,Past due,W01,Hold,TRUE
AP00441,SG01,V002,2026-05-24,2026-06-08,SGD,36180.67,34098.26,-7,Past due,W01,Review,TRUE
AP00442,BR01,V010,2026-02-28,2026-03-15,BRL,49083.96,21209.54,-92,Past due,W01,Hold,TRUE
AP00443,SG01,V002,2026-06-02,2026-06-17,SGD,24731.81,21764.24,2,0-14 days,W01,Hold,TRUE
AP00444,VN01,V015,2026-03-08,2026-04-07,VND,52827.45,51445.9,-69,Past due,W01,Pay,TRUE
AP00445,VN01,V003,2026-05-04,2026-05-19,VND,31050.38,17227.01,-27,Past due,W01,Hold,TRUE
AP00446,GB01,V013,2026-06-06,2026-07-06,GBP,60220.68,56926.02,21,15-30 days,W04,Pay,TRUE
AP00447,GB01,V007,2026-05-19,2026-06-18,GBP,48649.26,45212.73,3,0-14 days,W01,Hold,TRUE
AP00448,VN01,V009,2026-03-04,2026-03-19,VND,73245.77,47721.52,-88,Past due,W01,Pay,TRUE
AP00449,SG01,V014,2026-04-19,2026-06-03,SGD,87989.27,53121.74,-12,Past due,W01,Hold,TRUE
AP00450,SG01,V002,2026-05-10,2026-05-25,SGD,36753.5,14279.61,-21,Past due,W01,Hold,TRUE
AP00451,US01,V005,2026-05-07,2026-07-06,USD,57679.0,50905.35,21,15-30 days,W04,Review,TRUE
AP00452,DE01,V006,2026-05-27,2026-06-26,EUR,52469.52,48205.02,11,0-14 days,W02,Hold,TRUE
AP00453,BR01,V016,2026-05-12,2026-05-27,BRL,40653.2,15911.06,-19,Past due,W01,Review,TRUE
AP00454,SG01,V008,2026-06-09,2026-06-24,SGD,33082.83,29149.24,9,0-14 days,W02,Pay,TRUE
AP00455,SG01,V002,2026-06-02,2026-06-17,SGD,33861.77,30128.43,2,0-14 days,W01,Pay,TRUE
AP00456,US01,V011,2026-02-02,2026-04-03,USD,52074.04,36891.68,-73,Past due,W01,Pay,TRUE
AP00457,BR01,V004,2026-04-19,2026-06-03,BRL,22604.52,6928.68,-12,Past due,W01,Hold,TRUE
AP00458,DE01,V012,2026-05-27,2026-07-26,EUR,84265.67,69683.74,41,31-60 days,W06,Hold,TRUE
AP00459,BR01,V010,2026-06-12,2026-06-27,BRL,29403.79,28491.98,12,0-14 days,W02,Review,TRUE
AP00460,SG01,V014,2026-04-10,2026-05-25,SGD,42840.0,41679.26,-21,Past due,W01,Pay,TRUE
AP00461,BR01,V004,2026-02-23,2026-04-09,BRL,28728.7,18303.22,-67,Past due,W01,Review,TRUE
AP00462,GB01,V013,2026-05-23,2026-06-22,GBP,63496.39,51440.53,7,0-14 days,W02,Review,TRUE
AP00463,BR01,V016,2026-02-28,2026-03-15,BRL,44118.02,26264.88,-92,Past due,W01,Review,TRUE
AP00464,BR01,V004,2026-03-23,2026-05-07,BRL,50590.31,46680.66,-39,Past due,W01,Pay,TRUE
AP00465,DE01,V006,2026-03-01,2026-03-31,EUR,31885.97,22632.23,-76,Past due,W01,Hold,TRUE
AP00466,SG01,V008,2026-04-09,2026-04-24,SGD,42251.92,15175.09,-52,Past due,W01,Hold,TRUE
AP00467,SG01,V008,2026-05-28,2026-06-12,SGD,46374.15,39081.98,-3,Past due,W01,Review,TRUE
AP00468,US01,V011,2026-04-15,2026-06-14,USD,66379.51,57236.07,-1,Past due,W01,Hold,TRUE
AP00469,GB01,V007,2026-04-02,2026-05-02,GBP,50788.2,27707.81,-44,Past due,W01,Review,TRUE
AP00470,US01,V005,2026-05-05,2026-07-04,USD,97531.12,80062.05,19,15-30 days,W03,Pay,TRUE
AP00471,DE01,V006,2026-04-10,2026-05-10,EUR,33795.17,19953.49,-36,Past due,W01,Hold,TRUE
AP00472,VN01,V009,2026-05-21,2026-06-05,VND,49513.1,46539.08,-10,Past due,W01,Review,TRUE
AP00473,US01,V005,2026-03-24,2026-05-23,USD,23536.86,14381.31,-23,Past due,W01,Pay,TRUE
AP00474,US01,V011,2026-06-07,2026-08-06,USD,76108.89,69968.93,52,31-60 days,W08,Hold,TRUE
AP00475,US01,V005,2026-05-14,2026-07-13,USD,130422.58,113899.66,28,15-30 days,W05,Review,TRUE
AP00476,SG01,V014,2026-04-25,2026-06-09,SGD,77546.33,60668.87,-6,Past due,W01,Pay,TRUE
AP00477,BR01,V016,2026-03-26,2026-04-10,BRL,74139.72,70925.09,-66,Past due,W01,Pay,TRUE
AP00478,GB01,V013,2026-02-17,2026-03-19,GBP,54963.63,54300.79,-88,Past due,W01,Hold,TRUE
AP00479,BR01,V016,2026-03-21,2026-04-05,BRL,17122.69,7575.96,-71,Past due,W01,Hold,TRUE
AP00480,DE01,V012,2026-03-17,2026-05-16,EUR,147462.44,88683.46,-30,Past due,W01,Hold,TRUE
AP00481,DE01,V006,2026-05-05,2026-06-04,EUR,35779.36,29487.21,-11,Past due,W01,Pay,TRUE
AP00482,DE01,V006,2026-05-06,2026-06-05,EUR,43138.66,36451.08,-10,Past due,W01,Hold,TRUE
AP00483,VN01,V003,2026-05-19,2026-06-03,VND,33960.68,24874.5,-12,Past due,W01,Review,TRUE
AP00484,VN01,V009,2026-06-11,2026-06-26,VND,39645.29,31004.59,11,0-14 days,W02,Hold,TRUE
AP00485,VN01,V009,2026-05-17,2026-06-01,VND,32927.6,16487.44,-14,Past due,W01,Review,TRUE
AP00486,GB01,V001,2026-05-26,2026-07-10,GBP,26865.63,25208.63,25,15-30 days,W04,Pay,TRUE
AP00487,BR01,V010,2026-02-11,2026-02-26,BRL,54186.58,36815.35,-109,Past due,W01,Pay,TRUE
AP00488,BR01,V004,2026-03-08,2026-04-22,BRL,30661.75,24404.87,-54,Past due,W01,Review,TRUE
AP00489,VN01,V009,2026-05-27,2026-06-11,VND,118965.02,102510.9,-4,Past due,W01,Hold,TRUE
AP00490,GB01,V001,2026-03-06,2026-04-20,GBP,30329.27,13997.92,-56,Past due,W01,Pay,TRUE
AP00491,SG01,V014,2026-05-12,2026-06-26,SGD,43019.28,36802.8,11,0-14 days,W02,Pay,TRUE
AP00492,DE01,V012,2026-03-07,2026-05-06,EUR,24606.47,14358.18,-40,Past due,W01,Pay,TRUE
AP00493,DE01,V012,2026-04-03,2026-06-02,EUR,83651.06,65727.33,-13,Past due,W01,Pay,TRUE
AP00494,US01,V005,2026-03-22,2026-05-21,USD,90907.79,45921.63,-25,Past due,W01,Pay,TRUE
AP00495,SG01,V008,2026-02-05,2026-02-20,SGD,61266.61,21275.45,-115,Past due,W01,Pay,TRUE
AP00496,US01,V005,2026-04-06,2026-06-05,USD,97172.25,79919.25,-10,Past due,W01,Hold,TRUE
AP00497,VN01,V003,2026-02-25,2026-03-12,VND,34728.92,12333.82,-95,Past due,W01,Pay,TRUE
AP00498,BR01,V004,2026-05-30,2026-07-14,BRL,27399.13,27351.88,29,15-30 days,W05,Hold,TRUE
AP00499,US01,V005,2026-04-20,2026-06-19,USD,37357.08,33072.3,4,0-14 days,W01,Review,TRUE
AP00500,SG01,V008,2026-06-05,2026-06-20,SGD,51067.47,48499.41,5,0-14 days,W01,Hold,TRUE
AP00501,US01,V005,2026-04-17,2026-06-16,USD,81678.22,81654.36,1,0-14 days,W01,Pay,TRUE
AP00502,VN01,V009,2026-02-22,2026-03-09,VND,73432.32,39017.22,-98,Past due,W01,Review,TRUE
AP00503,SG01,V014,2026-05-31,2026-07-15,SGD,46071.04,38249.57,30,15-30 days,W05,Review,TRUE
AP00504,US01,V011,2026-04-05,2026-06-04,USD,41004.45,12902.24,-11,Past due,W01,Pay,TRUE
AP00505,DE01,V012,2026-03-03,2026-05-02,EUR,82997.19,54778.59,-44,Past due,W01,Pay,TRUE
AP00506,SG01,V002,2026-05-09,2026-05-24,SGD,17167.39,6933.19,-22,Past due,W01,Hold,TRUE
AP00507,VN01,V003,2026-02-03,2026-02-18,VND,47491.16,31667.87,-117,Past due,W01,Review,TRUE
AP00508,BR01,V004,2026-06-06,2026-07-21,BRL,12474.48,10571.72,36,31-60 days,W06,Review,TRUE
AP00509,VN01,V009,2026-02-09,2026-02-24,VND,36721.61,16287.62,-111,Past due,W01,Hold,TRUE
AP00510,SG01,V008,2026-04-04,2026-04-19,SGD,70810.67,40481.14,-57,Past due,W01,Pay,TRUE
AP00511,BR01,V004,2026-06-02,2026-07-17,BRL,10738.26,9426.1,32,31-60 days,W05,Pay,TRUE
AP00512,US01,V011,2026-05-01,2026-06-30,USD,57245.34,47143.95,15,15-30 days,W03,Review,TRUE
AP00513,US01,V011,2026-04-03,2026-06-02,USD,124443.45,53442.85,-13,Past due,W01,Hold,TRUE
AP00514,US01,V011,2026-03-22,2026-05-21,USD,142219.42,139697.87,-25,Past due,W01,Pay,TRUE
AP00515,DE01,V006,2026-05-26,2026-06-25,EUR,113112.43,91424.57,10,0-14 days,W02,Hold,TRUE
AP00516,US01,V005,2026-05-04,2026-07-03,USD,180221.02,144502.88,18,15-30 days,W03,Pay,TRUE
AP00517,DE01,V006,2026-02-12,2026-03-14,EUR,81677.91,76080.69,-93,Past due,W01,Hold,TRUE
AP00518,BR01,V004,2026-04-21,2026-06-05,BRL,18432.87,17705.52,-10,Past due,W01,Pay,TRUE
AP00519,SG01,V002,2026-02-11,2026-02-26,SGD,54622.1,50597.21,-109,Past due,W01,Review,TRUE
AP00520,SG01,V014,2026-06-08,2026-07-23,SGD,66987.79,54710.95,38,31-60 days,W06,Pay,TRUE
AP00521,BR01,V004,2026-03-30,2026-05-14,BRL,23187.59,19804.96,-32,Past due,W01,Review,TRUE
AP00522,US01,V005,2026-04-29,2026-06-28,USD,60141.29,55020.87,13,0-14 days,W02,Hold,TRUE
AP00523,GB01,V001,2026-04-20,2026-06-04,GBP,36079.81,11719.29,-11,Past due,W01,Pay,TRUE
AP00524,US01,V011,2026-06-01,2026-07-31,USD,115596.18,94747.04,46,31-60 days,W07,Review,TRUE
AP00525,BR01,V010,2026-03-18,2026-04-02,BRL,13744.07,7233.64,-74,Past due,W01,Hold,TRUE
AP00526,BR01,V016,2026-03-06,2026-03-21,BRL,52231.92,49325.98,-86,Past due,W01,Pay,TRUE
AP00527,VN01,V009,2026-04-13,2026-04-28,VND,25329.44,15782.12,-48,Past due,W01,Hold,TRUE
AP00528,GB01,V007,2026-05-02,2026-06-01,GBP,19517.72,8115.48,-14,Past due,W01,Hold,TRUE
AP00529,VN01,V015,2026-03-04,2026-04-03,VND,52192.43,34798.71,-73,Past due,W01,Pay,TRUE
AP00530,VN01,V009,2026-02-24,2026-03-11,VND,48345.4,35154.47,-96,Past due,W01,Hold,TRUE
AP00531,US01,V005,2026-03-08,2026-05-07,USD,38721.53,28462.06,-39,Past due,W01,Pay,TRUE
AP00532,GB01,V007,2026-03-10,2026-04-09,GBP,64106.79,45481.36,-67,Past due,W01,Pay,TRUE
AP00533,VN01,V015,2026-02-28,2026-03-30,VND,31414.42,24417.43,-77,Past due,W01,Pay,TRUE
AP00534,GB01,V001,2026-05-16,2026-06-30,GBP,62086.42,55694.59,15,15-30 days,W03,Pay,TRUE
AP00535,VN01,V003,2026-03-15,2026-03-30,VND,17041.35,11161.01,-77,Past due,W01,Pay,TRUE
AP00536,SG01,V014,2026-02-12,2026-03-29,SGD,52879.66,38957.3,-78,Past due,W01,Hold,TRUE
AP00537,SG01,V008,2026-05-07,2026-05-22,SGD,49666.76,30706.64,-24,Past due,W01,Review,TRUE
AP00538,BR01,V010,2026-05-18,2026-06-02,BRL,38492.01,23727.14,-13,Past due,W01,Pay,TRUE
AP00539,DE01,V012,2026-04-14,2026-06-13,EUR,114612.23,102386.58,-2,Past due,W01,Hold,TRUE
AP00540,DE01,V012,2026-05-14,2026-07-13,EUR,66486.0,55550.92,28,15-30 days,W05,Hold,TRUE
AP00541,US01,V005,2026-05-05,2026-07-04,USD,60650.6,47406.4,19,15-30 days,W03,Review,TRUE
AP00542,VN01,V003,2026-03-28,2026-04-12,VND,27501.45,20803.02,-64,Past due,W01,Review,TRUE
AP00543,BR01,V016,2026-05-07,2026-05-22,BRL,13980.04,5576.37,-24,Past due,W01,Review,TRUE
AP00544,GB01,V013,2026-05-22,2026-06-21,GBP,16338.61,14598.83,6,0-14 days,W01,Hold,TRUE
AP00545,US01,V005,2026-02-19,2026-04-20,USD,55652.3,26642.98,-56,Past due,W01,Hold,TRUE
AP00546,DE01,V006,2026-02-07,2026-03-09,EUR,43413.8,39193.01,-98,Past due,W01,Hold,TRUE
AP00547,VN01,V009,2026-05-23,2026-06-07,VND,34131.77,31790.44,-8,Past due,W01,Hold,TRUE
AP00548,DE01,V012,2026-02-22,2026-04-23,EUR,218054.59,87014.11,-53,Past due,W01,Hold,TRUE
AP00549,SG01,V008,2026-02-28,2026-03-15,SGD,32220.18,21798.0,-92,Past due,W01,Review,TRUE
AP00550,DE01,V006,2026-03-21,2026-04-20,EUR,59452.91,43648.42,-56,Past due,W01,Pay,TRUE
AP00551,SG01,V008,2026-05-29,2026-06-13,SGD,24589.52,20170.56,-2,Past due,W01,Review,TRUE
AP00552,US01,V011,2026-02-08,2026-04-09,USD,133355.39,74081.75,-67,Past due,W01,Review,TRUE
AP00553,GB01,V007,2026-05-22,2026-06-21,GBP,52240.85,41760.88,6,0-14 days,W01,Pay,TRUE
AP00554,US01,V011,2026-04-22,2026-06-21,USD,50635.53,44546.61,6,0-14 days,W01,Hold,TRUE
AP00555,GB01,V001,2026-05-27,2026-07-11,GBP,15275.65,12332.59,26,15-30 days,W04,Review,TRUE
AP00556,GB01,V001,2026-04-27,2026-06-11,GBP,73928.56,60141.89,-4,Past due,W01,Review,TRUE
AP00557,VN01,V003,2026-03-28,2026-04-12,VND,25540.87,19039.3,-64,Past due,W01,Hold,TRUE
AP00558,SG01,V002,2026-03-12,2026-03-27,SGD,36603.52,23086.72,-80,Past due,W01,Pay,TRUE
AP00559,GB01,V001,2026-03-29,2026-05-13,GBP,37881.87,13697.2,-33,Past due,W01,Pay,TRUE
AP00560,DE01,V012,2026-05-24,2026-07-23,EUR,51450.82,46790.79,38,31-60 days,W06,Hold,TRUE
AP00561,VN01,V003,2026-04-09,2026-04-24,VND,118468.67,110005.58,-52,Past due,W01,Review,TRUE
AP00562,GB01,V001,2026-04-21,2026-06-05,GBP,66143.67,52823.71,-10,Past due,W01,Review,TRUE
AP00563,VN01,V003,2026-04-17,2026-05-02,VND,53353.86,37872.86,-44,Past due,W01,Hold,TRUE
AP00564,SG01,V002,2026-03-09,2026-03-24,SGD,16849.75,14005.63,-83,Past due,W01,Review,TRUE
AP00565,GB01,V007,2026-03-16,2026-04-15,GBP,29741.42,10748.2,-61,Past due,W01,Pay,TRUE
AP00566,DE01,V006,2026-05-06,2026-06-05,EUR,72572.14,57601.91,-10,Past due,W01,Hold,TRUE
AP00567,VN01,V009,2026-05-10,2026-05-25,VND,17187.19,15080.71,-21,Past due,W01,Hold,TRUE
AP00568,GB01,V013,2026-02-07,2026-03-09,GBP,23102.03,13114.15,-98,Past due,W01,Pay,TRUE
AP00569,SG01,V014,2026-05-21,2026-07-05,SGD,38764.87,34642.99,20,15-30 days,W03,Hold,TRUE
AP00570,BR01,V016,2026-04-03,2026-04-18,BRL,24803.99,22884.02,-58,Past due,W01,Review,TRUE
AP00571,US01,V005,2026-02-24,2026-04-25,USD,37779.34,20904.45,-51,Past due,W01,Pay,TRUE
AP00572,SG01,V014,2026-06-04,2026-07-19,SGD,41742.1,37651.42,34,31-60 days,W05,Hold,TRUE
AP00573,GB01,V013,2026-04-15,2026-05-15,GBP,29671.95,24858.62,-31,Past due,W01,Review,TRUE
AP00574,DE01,V012,2026-04-23,2026-06-22,EUR,43999.99,37934.49,7,0-14 days,W02,Hold,TRUE
AP00575,GB01,V013,2026-06-04,2026-07-04,GBP,59262.73,54678.17,19,15-30 days,W03,Hold,TRUE
AP00576,SG01,V014,2026-03-27,2026-05-11,SGD,140941.4,121744.1,-35,Past due,W01,Review,TRUE
AP00577,BR01,V016,2026-04-30,2026-05-15,BRL,27986.05,12523.4,-31,Past due,W01,Review,TRUE
AP00578,SG01,V014,2026-02-12,2026-03-29,SGD,50969.46,29807.09,-78,Past due,W01,Review,TRUE
AP00579,SG01,V014,2026-04-24,2026-06-08,SGD,25565.03,21527.22,-7,Past due,W01,Review,TRUE
AP00580,BR01,V004,2026-03-03,2026-04-17,BRL,17929.4,6288.48,-59,Past due,W01,Hold,TRUE
AP00581,BR01,V016,2026-03-07,2026-03-22,BRL,11495.64,6854.09,-85,Past due,W01,Hold,TRUE
AP00582,SG01,V008,2026-04-07,2026-04-22,SGD,37808.27,14002.18,-54,Past due,W01,Review,TRUE
AP00583,GB01,V013,2026-05-28,2026-06-27,GBP,32512.43,31223.18,12,0-14 days,W02,Pay,TRUE
AP00584,BR01,V016,2026-02-04,2026-02-19,BRL,24985.87,19608.46,-116,Past due,W01,Pay,TRUE
AP00585,VN01,V003,2026-02-09,2026-02-24,VND,49944.43,44412.93,-111,Past due,W01,Review,TRUE
AP00586,GB01,V013,2026-02-04,2026-03-06,GBP,53934.56,52211.21,-101,Past due,W01,Pay,TRUE
AP00587,GB01,V007,2026-06-11,2026-07-11,GBP,51303.56,41959.81,26,15-30 days,W04,Pay,TRUE
AP00588,BR01,V010,2026-02-27,2026-03-14,BRL,20208.89,17900.87,-93,Past due,W01,Hold,TRUE
AP00589,GB01,V007,2026-03-13,2026-04-12,GBP,39448.12,28912.56,-64,Past due,W01,Pay,TRUE
AP00590,GB01,V001,2026-02-16,2026-04-02,GBP,32285.1,17629.77,-74,Past due,W01,Review,TRUE
AP00591,GB01,V013,2026-02-25,2026-03-27,GBP,63717.14,25754.91,-80,Past due,W01,Hold,TRUE
AP00592,VN01,V003,2026-03-31,2026-04-15,VND,71684.26,54290.08,-61,Past due,W01,Hold,TRUE
AP00593,DE01,V006,2026-02-08,2026-03-10,EUR,60344.84,38149.27,-97,Past due,W01,Review,TRUE
AP00594,GB01,V001,2026-06-09,2026-07-24,GBP,41674.21,37724.41,39,31-60 days,W06,Review,TRUE
AP00595,SG01,V002,2026-03-03,2026-03-18,SGD,21609.41,7426.67,-89,Past due,W01,Hold,TRUE
AP00596,BR01,V010,2026-04-04,2026-04-19,BRL,36700.25,30974.48,-57,Past due,W01,Review,TRUE
AP00597,BR01,V010,2026-04-03,2026-04-18,BRL,53634.06,46172.45,-58,Past due,W01,Pay,TRUE
AP00598,BR01,V010,2026-02-18,2026-03-05,BRL,44051.57,17922.52,-102,Past due,W01,Review,TRUE
AP00599,GB01,V007,2026-02-19,2026-03-21,GBP,46503.31,23475.1,-86,Past due,W01,Review,TRUE
AP00600,VN01,V009,2026-02-03,2026-02-18,VND,36748.14,19733.74,-117,Past due,W01,Review,TRUE
AP00601,BR01,V016,2026-03-12,2026-03-27,BRL,30180.13,26479.89,-80,Past due,W01,Hold,TRUE
AP00602,GB01,V001,2026-03-26,2026-05-10,GBP,31906.89,11664.67,-36,Past due,W01,Pay,TRUE
AP00603,VN01,V003,2026-05-31,2026-06-15,VND,48130.85,46298.51,0,0-14 days,W01,Pay,TRUE
AP00604,SG01,V002,2026-06-06,2026-06-21,SGD,77801.55,64381.19,6,0-14 days,W01,Review,TRUE
AP00605,DE01,V012,2026-06-03,2026-08-02,EUR,39009.46,38769.95,48,31-60 days,W07,Hold,TRUE
AP00606,BR01,V010,2026-03-21,2026-04-05,BRL,16969.84,15789.89,-71,Past due,W01,Pay,TRUE
AP00607,GB01,V001,2026-04-02,2026-05-17,GBP,24835.9,23770.12,-29,Past due,W01,Review,TRUE
AP00608,DE01,V006,2026-03-07,2026-04-06,EUR,60604.48,24695.33,-70,Past due,W01,Hold,TRUE
AP00609,DE01,V012,2026-02-16,2026-04-17,EUR,32980.24,26957.84,-59,Past due,W01,Pay,TRUE
AP00610,DE01,V006,2026-04-09,2026-05-09,EUR,41036.63,16276.03,-37,Past due,W01,Pay,TRUE
AP00611,GB01,V001,2026-04-13,2026-05-28,GBP,64657.32,33965.14,-18,Past due,W01,Pay,TRUE
AP00612,GB01,V013,2026-05-31,2026-06-30,GBP,29677.98,25580.81,15,15-30 days,W03,Hold,TRUE
AP00613,DE01,V006,2026-02-23,2026-03-25,EUR,28544.16,14423.86,-82,Past due,W01,Hold,TRUE
AP00614,US01,V011,2026-05-19,2026-07-18,USD,35065.67,30738.79,33,31-60 days,W05,Review,TRUE
AP00615,VN01,V015,2026-04-08,2026-05-08,VND,77953.65,42168.46,-38,Past due,W01,Hold,TRUE
AP00616,GB01,V013,2026-05-12,2026-06-11,GBP,105137.74,88347.25,-4,Past due,W01,Pay,TRUE
AP00617,GB01,V001,2026-05-23,2026-07-07,GBP,84271.95,80872.13,22,15-30 days,W04,Review,TRUE
AP00618,US01,V005,2026-04-26,2026-06-25,USD,67632.94,55589.53,10,0-14 days,W02,Hold,TRUE
AP00619,GB01,V007,2026-02-02,2026-03-04,GBP,43283.25,39682.02,-103,Past due,W01,Review,TRUE
AP00620,SG01,V008,2026-02-25,2026-03-12,SGD,68260.93,55498.11,-95,Past due,W01,Hold,TRUE
AP00621,GB01,V001,2026-03-03,2026-04-17,GBP,34728.24,20771.89,-59,Past due,W01,Hold,TRUE
AP00622,BR01,V010,2026-02-20,2026-03-07,BRL,25166.87,16878.0,-100,Past due,W01,Review,TRUE
AP00623,BR01,V016,2026-01-31,2026-02-15,BRL,58486.41,58319.11,-120,Past due,W01,Review,TRUE
AP00624,US01,V005,2026-04-06,2026-06-05,USD,47010.53,45276.8,-10,Past due,W01,Review,TRUE
AP00625,SG01,V008,2026-05-06,2026-05-21,SGD,68392.33,57782.13,-25,Past due,W01,Pay,TRUE
AP00626,VN01,V015,2026-03-27,2026-04-26,VND,83285.89,67495.12,-50,Past due,W01,Hold,TRUE
AP00627,VN01,V015,2026-02-02,2026-03-04,VND,23143.77,8062.91,-103,Past due,W01,Pay,TRUE
AP00628,DE01,V006,2026-03-19,2026-04-18,EUR,53669.45,17541.74,-58,Past due,W01,Review,TRUE
AP00629,GB01,V013,2026-03-29,2026-04-28,GBP,88645.72,67670.52,-48,Past due,W01,Review,TRUE
AP00630,SG01,V008,2026-06-01,2026-06-16,SGD,36255.55,29065.45,1,0-14 days,W01,Review,TRUE
AP00631,VN01,V003,2026-02-09,2026-02-24,VND,39378.79,19755.24,-111,Past due,W01,Pay,TRUE
AP00632,US01,V005,2026-04-10,2026-06-09,USD,61616.86,53888.75,-6,Past due,W01,Pay,TRUE
AP00633,DE01,V012,2026-06-11,2026-08-10,EUR,77816.27,71928.0,56,31-60 days,W09,Hold,TRUE
AP00634,GB01,V013,2026-05-16,2026-06-15,GBP,35758.44,30452.26,0,0-14 days,W01,Review,TRUE
AP00635,SG01,V014,2026-02-25,2026-04-11,SGD,16642.87,11032.04,-65,Past due,W01,Review,TRUE
AP00636,SG01,V014,2026-05-06,2026-06-20,SGD,82781.19,73347.08,5,0-14 days,W01,Hold,TRUE
AP00637,GB01,V007,2026-06-04,2026-07-04,GBP,28846.03,24804.53,19,15-30 days,W03,Review,TRUE
AP00638,SG01,V008,2026-03-16,2026-03-31,SGD,37660.82,17115.78,-76,Past due,W01,Hold,TRUE
AP00639,GB01,V007,2026-03-19,2026-04-18,GBP,71981.15,31146.06,-58,Past due,W01,Pay,TRUE
AP00640,GB01,V007,2026-03-26,2026-04-25,GBP,24513.1,13016.07,-51,Past due,W01,Hold,TRUE
AP00641,BR01,V010,2026-05-04,2026-05-19,BRL,45437.08,33700.13,-27,Past due,W01,Hold,TRUE
AP00642,SG01,V008,2026-03-24,2026-04-08,SGD,132416.82,79631.48,-68,Past due,W01,Review,TRUE
AP00643,DE01,V006,2026-02-28,2026-03-30,EUR,61775.17,50188.23,-77,Past due,W01,Review,TRUE
AP00644,GB01,V007,2026-04-17,2026-05-17,GBP,14174.57,9476.32,-29,Past due,W01,Review,TRUE
AP00645,GB01,V007,2026-03-27,2026-04-26,GBP,8034.54,4008.3,-50,Past due,W01,Pay,TRUE
AP00646,SG01,V008,2026-04-30,2026-05-15,SGD,51035.98,24183.45,-31,Past due,W01,Hold,TRUE
AP00647,VN01,V009,2026-05-10,2026-05-25,VND,64662.68,39920.88,-21,Past due,W01,Review,TRUE
AP00648,BR01,V004,2026-04-24,2026-06-08,BRL,10123.98,9144.66,-7,Past due,W01,Review,TRUE
AP00649,GB01,V001,2026-02-19,2026-04-05,GBP,42381.88,40708.63,-71,Past due,W01,Pay,TRUE
AP00650,US01,V005,2026-05-15,2026-07-14,USD,57014.95,52116.33,29,15-30 days,W05,Review,TRUE
AP00651,BR01,V004,2026-04-04,2026-05-19,BRL,25790.7,15622.41,-27,Past due,W01,Pay,TRUE
AP00652,VN01,V015,2026-04-28,2026-05-28,VND,40638.04,22052.82,-18,Past due,W01,Pay,TRUE
AP00653,GB01,V013,2026-02-17,2026-03-19,GBP,79205.84,45172.75,-88,Past due,W01,Hold,TRUE
AP00654,DE01,V012,2026-05-19,2026-07-18,EUR,48813.9,44849.13,33,31-60 days,W05,Hold,TRUE
AP00655,GB01,V007,2026-05-10,2026-06-09,GBP,39591.7,34758.12,-6,Past due,W01,Pay,TRUE
AP00656,BR01,V016,2026-05-28,2026-06-12,BRL,44862.26,43698.99,-3,Past due,W01,Review,TRUE
AP00657,VN01,V015,2026-04-16,2026-05-16,VND,67458.27,49659.09,-30,Past due,W01,Review,TRUE
AP00658,BR01,V004,2026-05-08,2026-06-22,BRL,45040.72,39668.81,7,0-14 days,W02,Review,TRUE
AP00659,GB01,V013,2026-06-11,2026-07-11,GBP,57990.27,52601.26,26,15-30 days,W04,Hold,TRUE
AP00660,SG01,V002,2026-03-29,2026-04-13,SGD,21359.86,18613.16,-63,Past due,W01,Review,TRUE
AP00661,GB01,V001,2026-05-15,2026-06-29,GBP,59136.07,52713.48,14,0-14 days,W03,Pay,TRUE
AP00662,BR01,V004,2026-03-07,2026-04-21,BRL,55924.28,20157.86,-55,Past due,W01,Hold,TRUE
AP00663,GB01,V001,2026-04-02,2026-05-17,GBP,36651.18,31242.78,-29,Past due,W01,Hold,TRUE
AP00664,BR01,V016,2026-03-06,2026-03-21,BRL,18000.31,14685.04,-86,Past due,W01,Pay,TRUE
AP00665,BR01,V016,2026-04-24,2026-05-09,BRL,16710.97,15135.27,-37,Past due,W01,Hold,TRUE
AP00666,BR01,V016,2026-06-08,2026-06-23,BRL,77061.33,64712.71,8,0-14 days,W02,Pay,TRUE
AP00667,GB01,V001,2026-03-25,2026-05-09,GBP,39183.68,25495.88,-37,Past due,W01,Pay,TRUE
AP00668,GB01,V013,2026-04-20,2026-05-20,GBP,36486.32,22257.13,-26,Past due,W01,Pay,TRUE
AP00669,BR01,V004,2026-06-05,2026-07-20,BRL,76641.54,66568.98,35,31-60 days,W06,Pay,TRUE
AP00670,GB01,V013,2026-04-12,2026-05-12,GBP,33580.46,13882.47,-34,Past due,W01,Review,TRUE
AP00671,BR01,V004,2026-02-08,2026-03-25,BRL,21531.75,7089.38,-82,Past due,W01,Review,TRUE
AP00672,VN01,V003,2026-02-09,2026-02-24,VND,40587.45,39125.92,-111,Past due,W01,Pay,TRUE
AP00673,US01,V005,2026-05-26,2026-07-25,USD,55882.82,46065.91,40,31-60 days,W06,Hold,TRUE
AP00674,BR01,V016,2026-04-23,2026-05-08,BRL,31588.71,20417.1,-38,Past due,W01,Review,TRUE
AP00675,GB01,V007,2026-03-04,2026-04-03,GBP,20114.76,7677.0,-73,Past due,W01,Pay,TRUE
AP00676,US01,V005,2026-04-20,2026-06-19,USD,19099.55,17784.61,4,0-14 days,W01,Review,TRUE
AP00677,SG01,V002,2026-02-23,2026-03-10,SGD,57694.4,30198.44,-97,Past due,W01,Hold,TRUE
AP00678,GB01,V013,2026-03-27,2026-04-26,GBP,35857.37,15290.99,-50,Past due,W01,Review,TRUE
AP00679,GB01,V013,2026-05-03,2026-06-02,GBP,124606.62,42568.26,-13,Past due,W01,Pay,TRUE
AP00680,GB01,V013,2026-06-01,2026-07-01,GBP,29883.2,27329.16,16,15-30 days,W03,Review,TRUE
AP00681,SG01,V008,2026-02-22,2026-03-09,SGD,84471.74,70160.95,-98,Past due,W01,Hold,TRUE
AP00682,VN01,V015,2026-03-18,2026-04-17,VND,47966.02,38190.04,-59,Past due,W01,Review,TRUE
AP00683,VN01,V009,2026-05-23,2026-06-07,VND,37754.55,31662.8,-8,Past due,W01,Pay,TRUE
AP00684,GB01,V013,2026-02-16,2026-03-18,GBP,37402.27,32176.94,-89,Past due,W01,Pay,TRUE
AP00685,US01,V005,2026-03-28,2026-05-27,USD,79634.61,41894.26,-19,Past due,W01,Pay,TRUE
AP00686,BR01,V010,2026-02-26,2026-03-13,BRL,14048.27,8598.03,-94,Past due,W01,Hold,TRUE
AP00687,BR01,V016,2026-06-08,2026-06-23,BRL,35565.46,27961.08,8,0-14 days,W02,Pay,TRUE
AP00688,US01,V005,2026-06-04,2026-08-03,USD,20174.76,16060.24,49,31-60 days,W08,Pay,TRUE
AP00689,GB01,V007,2026-05-12,2026-06-11,GBP,104890.12,97332.42,-4,Past due,W01,Hold,TRUE
AP00690,BR01,V004,2026-03-30,2026-05-14,BRL,11589.91,9782.38,-32,Past due,W01,Pay,TRUE
AP00691,SG01,V014,2026-02-21,2026-04-07,SGD,111813.3,58180.0,-69,Past due,W01,Review,TRUE
AP00692,DE01,V006,2026-03-15,2026-04-14,EUR,68613.73,45031.42,-62,Past due,W01,Pay,TRUE
AP00693,GB01,V007,2026-04-04,2026-05-04,GBP,45355.81,14605.95,-42,Past due,W01,Review,TRUE
AP00694,GB01,V001,2026-02-27,2026-04-13,GBP,52096.89,46554.95,-63,Past due,W01,Review,TRUE
AP00695,SG01,V002,2026-02-22,2026-03-09,SGD,65256.09,29696.66,-98,Past due,W01,Hold,TRUE
AP00696,US01,V005,2026-04-04,2026-06-03,USD,114400.71,74357.41,-12,Past due,W01,Pay,TRUE
AP00697,DE01,V012,2026-04-15,2026-06-14,EUR,45028.33,36289.75,-1,Past due,W01,Hold,TRUE
AP00698,VN01,V009,2026-04-06,2026-04-21,VND,21755.98,11143.03,-55,Past due,W01,Pay,TRUE
AP00699,US01,V005,2026-02-21,2026-04-22,USD,117891.16,80541.75,-54,Past due,W01,Pay,TRUE
AP00700,SG01,V002,2026-04-17,2026-05-02,SGD,70068.57,51674.65,-44,Past due,W01,Pay,TRUE
AP00701,VN01,V009,2026-06-10,2026-06-25,VND,67169.86,64260.92,10,0-14 days,W02,Pay,TRUE
AP00702,SG01,V014,2026-04-10,2026-05-25,SGD,19544.41,17958.14,-21,Past due,W01,Hold,TRUE
AP00703,VN01,V015,2026-05-20,2026-06-19,VND,65613.71,56482.12,4,0-14 days,W01,Pay,TRUE
AP00704,DE01,V006,2026-03-11,2026-04-10,EUR,44343.64,42575.58,-66,Past due,W01,Hold,TRUE
AP00705,VN01,V003,2026-06-07,2026-06-22,VND,75511.54,64707.47,7,0-14 days,W02,Review,TRUE
AP00706,VN01,V009,2026-06-11,2026-06-26,VND,83502.82,78210.59,11,0-14 days,W02,Hold,TRUE
AP00707,US01,V005,2026-02-05,2026-04-06,USD,84407.28,54086.37,-70,Past due,W01,Hold,TRUE
AP00708,SG01,V008,2026-05-23,2026-06-07,SGD,74460.8,67699.54,-8,Past due,W01,Review,TRUE
AP00709,BR01,V004,2026-04-01,2026-05-16,BRL,72693.0,51294.46,-30,Past due,W01,Hold,TRUE
AP00710,US01,V005,2026-04-28,2026-06-27,USD,130191.39,113844.82,12,0-14 days,W02,Pay,TRUE
AP00711,BR01,V010,2026-01-31,2026-02-15,BRL,90335.62,67809.81,-120,Past due,W01,Review,TRUE
AP00712,GB01,V013,2026-04-29,2026-05-29,GBP,61304.99,56695.01,-17,Past due,W01,Pay,TRUE
AP00713,GB01,V013,2026-03-03,2026-04-02,GBP,68727.13,55378.61,-74,Past due,W01,Review,TRUE
AP00714,GB01,V001,2026-05-17,2026-07-01,GBP,50298.04,41590.42,16,15-30 days,W03,Pay,TRUE
AP00715,BR01,V016,2026-05-13,2026-05-28,BRL,114146.67,72762.13,-18,Past due,W01,Hold,TRUE
AP00716,US01,V011,2026-03-26,2026-05-25,USD,81509.24,58005.6,-21,Past due,W01,Hold,TRUE
AP00717,GB01,V007,2026-02-04,2026-03-06,GBP,38960.51,33668.62,-101,Past due,W01,Hold,TRUE
AP00718,BR01,V016,2026-03-27,2026-04-11,BRL,24951.17,16884.62,-65,Past due,W01,Hold,TRUE
AP00719,GB01,V013,2026-04-05,2026-05-05,GBP,36389.84,34350.47,-41,Past due,W01,Pay,TRUE
AP00720,US01,V005,2026-02-05,2026-04-06,USD,46201.3,44036.85,-70,Past due,W01,Pay,TRUE
AP00721,VN01,V009,2026-02-28,2026-03-15,VND,51893.44,44618.64,-92,Past due,W01,Pay,TRUE
AP00722,VN01,V009,2026-05-06,2026-05-21,VND,69455.5,63338.1,-25,Past due,W01,Pay,TRUE
AP00723,VN01,V003,2026-03-24,2026-04-08,VND,41466.71,40434.28,-68,Past due,W01,Pay,TRUE
AP00724,BR01,V004,2026-05-10,2026-06-24,BRL,36333.15,35288.78,9,0-14 days,W02,Pay,TRUE
AP00725,GB01,V001,2026-05-10,2026-06-24,GBP,29409.98,23964.62,9,0-14 days,W02,Review,TRUE
AP00726,US01,V011,2026-05-04,2026-07-03,USD,76974.08,70066.54,18,15-30 days,W03,Hold,TRUE
AP00727,US01,V011,2026-04-01,2026-05-31,USD,149693.18,92924.88,-15,Past due,W01,Review,TRUE
AP00728,DE01,V012,2026-02-15,2026-04-16,EUR,54364.42,17990.89,-60,Past due,W01,Review,TRUE
AP00729,BR01,V004,2026-04-03,2026-05-18,BRL,39399.73,27469.54,-28,Past due,W01,Review,TRUE
AP00730,BR01,V010,2026-05-12,2026-05-27,BRL,33610.78,21701.35,-19,Past due,W01,Review,TRUE
AP00731,BR01,V004,2026-02-12,2026-03-29,BRL,30009.13,24579.65,-78,Past due,W01,Review,TRUE
AP00732,GB01,V001,2026-05-27,2026-07-11,GBP,38193.04,33807.9,26,15-30 days,W04,Review,TRUE
AP00733,BR01,V016,2026-05-12,2026-05-27,BRL,54402.43,26087.27,-19,Past due,W01,Pay,TRUE
AP00734,GB01,V013,2026-02-06,2026-03-08,GBP,57320.29,20373.95,-99,Past due,W01,Review,TRUE
AP00735,BR01,V010,2026-04-17,2026-05-02,BRL,25113.04,8355.9,-44,Past due,W01,Hold,TRUE
AP00736,DE01,V006,2026-04-15,2026-05-15,EUR,43011.76,31729.89,-31,Past due,W01,Review,TRUE
AP00737,GB01,V001,2026-02-26,2026-04-12,GBP,34091.69,24840.61,-64,Past due,W01,Pay,TRUE
AP00738,GB01,V007,2026-02-07,2026-03-09,GBP,19959.08,7478.5,-98,Past due,W01,Review,TRUE
AP00739,GB01,V013,2026-03-03,2026-04-02,GBP,43005.61,26239.22,-74,Past due,W01,Pay,TRUE
AP00740,VN01,V003,2026-05-23,2026-06-07,VND,25944.16,24080.38,-8,Past due,W01,Pay,TRUE
AP00741,DE01,V006,2026-05-04,2026-06-03,EUR,36890.05,32602.72,-12,Past due,W01,Review,TRUE
AP00742,SG01,V014,2026-04-09,2026-05-24,SGD,23901.61,19171.49,-22,Past due,W01,Hold,TRUE
AP00743,BR01,V016,2026-04-28,2026-05-13,BRL,23976.26,19558.55,-33,Past due,W01,Pay,TRUE
AP00744,DE01,V006,2026-03-24,2026-04-23,EUR,30865.8,13867.15,-53,Past due,W01,Review,TRUE
AP00745,GB01,V013,2026-04-28,2026-05-28,GBP,68052.63,31421.39,-18,Past due,W01,Review,TRUE
AP00746,BR01,V004,2026-02-15,2026-04-01,BRL,86800.58,66554.79,-75,Past due,W01,Pay,TRUE
AP00747,DE01,V006,2026-04-05,2026-05-05,EUR,57628.93,25836.56,-41,Past due,W01,Review,TRUE
AP00748,GB01,V013,2026-02-06,2026-03-08,GBP,55362.34,53447.09,-99,Past due,W01,Review,TRUE
AP00749,SG01,V002,2026-03-31,2026-04-15,SGD,35800.05,28036.71,-61,Past due,W01,Review,TRUE
AP00750,SG01,V014,2026-05-13,2026-06-27,SGD,70726.49,59281.38,12,0-14 days,W02,Pay,TRUE
AP00751,US01,V005,2026-06-08,2026-08-07,USD,83799.72,74105.46,53,31-60 days,W08,Pay,TRUE
AP00752,VN01,V009,2026-05-22,2026-06-06,VND,18158.17,14493.65,-9,Past due,W01,Pay,TRUE
AP00753,SG01,V002,2026-05-30,2026-06-14,SGD,87715.35,85760.42,-1,Past due,W01,Hold,TRUE
AP00754,SG01,V002,2026-02-26,2026-03-13,SGD,112210.05,41631.18,-94,Past due,W01,Pay,TRUE
AP00755,GB01,V001,2026-02-21,2026-04-07,GBP,66674.34,32498.77,-69,Past due,W01,Hold,TRUE
AP00756,US01,V011,2026-06-05,2026-08-04,USD,99670.66,90331.18,50,31-60 days,W08,Hold,TRUE
AP00757,BR01,V010,2026-02-21,2026-03-08,BRL,31185.67,11294.22,-99,Past due,W01,Hold,TRUE
AP00758,BR01,V010,2026-02-24,2026-03-11,BRL,37743.72,28159.53,-96,Past due,W01,Hold,TRUE
AP00759,DE01,V006,2026-03-10,2026-04-09,EUR,39868.65,21459.15,-67,Past due,W01,Review,TRUE
AP00760,US01,V005,2026-02-04,2026-04-05,USD,109875.4,104562.23,-71,Past due,W01,Hold,TRUE
AP00761,US01,V005,2026-04-10,2026-06-09,USD,27265.89,25181.29,-6,Past due,W01,Pay,TRUE
AP00762,VN01,V003,2026-04-11,2026-04-26,VND,122544.31,62206.91,-50,Past due,W01,Review,TRUE
AP00763,SG01,V014,2026-06-01,2026-07-16,SGD,48479.81,44876.9,31,31-60 days,W05,Pay,TRUE
AP00764,SG01,V008,2026-04-05,2026-04-20,SGD,45371.67,44543.56,-56,Past due,W01,Review,TRUE
AP00765,GB01,V007,2026-05-22,2026-06-21,GBP,63743.85,54227.45,6,0-14 days,W01,Hold,TRUE
AP00766,VN01,V009,2026-03-21,2026-04-05,VND,55880.19,30006.39,-71,Past due,W01,Review,TRUE
AP00767,BR01,V010,2026-05-19,2026-06-03,BRL,61948.15,55202.37,-12,Past due,W01,Hold,TRUE
AP00768,SG01,V002,2026-02-02,2026-02-17,SGD,30143.38,25059.55,-118,Past due,W01,Review,TRUE
AP00769,BR01,V016,2026-02-24,2026-03-11,BRL,25966.59,23655.79,-96,Past due,W01,Review,TRUE
AP00770,BR01,V016,2026-04-18,2026-05-03,BRL,19353.69,16183.06,-43,Past due,W01,Hold,TRUE
AP00771,DE01,V012,2026-05-14,2026-07-13,EUR,77615.86,68828.82,28,15-30 days,W05,Hold,TRUE
AP00772,SG01,V014,2026-05-22,2026-07-06,SGD,20906.04,17715.12,21,15-30 days,W04,Review,TRUE
AP00773,DE01,V006,2026-04-13,2026-05-13,EUR,27720.35,14048.16,-33,Past due,W01,Pay,TRUE
AP00774,SG01,V008,2026-04-01,2026-04-16,SGD,38554.86,19661.7,-60,Past due,W01,Review,TRUE
AP00775,DE01,V012,2026-03-27,2026-05-26,EUR,129275.23,126714.16,-20,Past due,W01,Pay,TRUE
AP00776,SG01,V014,2026-04-01,2026-05-16,SGD,27070.89,19176.81,-30,Past due,W01,Hold,TRUE
AP00777,BR01,V010,2026-02-16,2026-03-03,BRL,10019.95,4427.98,-104,Past due,W01,Review,TRUE
AP00778,VN01,V009,2026-06-05,2026-06-20,VND,73676.22,60040.11,5,0-14 days,W01,Review,TRUE
AP00779,US01,V005,2026-04-22,2026-06-21,USD,74086.84,58975.04,6,0-14 days,W01,Pay,TRUE
AP00780,US01,V005,2026-04-10,2026-06-09,USD,30525.59,25484.13,-6,Past due,W01,Pay,TRUE
AP00781,GB01,V013,2026-03-10,2026-04-09,GBP,26555.26,24300.03,-67,Past due,W01,Review,TRUE
AP00782,BR01,V010,2026-02-24,2026-03-11,BRL,59778.39,30130.78,-96,Past due,W01,Hold,TRUE
AP00783,GB01,V007,2026-06-05,2026-07-05,GBP,49048.78,44948.15,20,15-30 days,W03,Review,TRUE
AP00784,US01,V011,2026-03-31,2026-05-30,USD,49736.92,16551.23,-16,Past due,W01,Pay,TRUE
AP00785,US01,V011,2026-05-21,2026-07-20,USD,79149.03,67054.65,35,31-60 days,W06,Hold,TRUE
AP00786,VN01,V009,2026-02-17,2026-03-04,VND,25211.92,21227.41,-103,Past due,W01,Hold,TRUE
AP00787,SG01,V014,2026-02-14,2026-03-31,SGD,66429.99,24946.4,-76,Past due,W01,Pay,TRUE
AP00788,SG01,V002,2026-04-18,2026-05-03,SGD,48183.59,21050.37,-43,Past due,W01,Review,TRUE
AP00789,VN01,V009,2026-05-06,2026-05-21,VND,50996.32,16674.96,-25,Past due,W01,Review,TRUE
AP00790,VN01,V003,2026-04-09,2026-04-24,VND,55014.61,47569.97,-52,Past due,W01,Review,TRUE
AP00791,GB01,V013,2026-05-10,2026-06-09,GBP,121403.25,96752.07,-6,Past due,W01,Hold,TRUE
AP00792,SG01,V008,2026-03-28,2026-04-12,SGD,69489.2,36019.04,-64,Past due,W01,Hold,TRUE
AP00793,VN01,V003,2026-05-25,2026-06-09,VND,40754.95,37018.25,-6,Past due,W01,Pay,TRUE
AP00794,DE01,V006,2026-02-02,2026-03-04,EUR,33706.73,13579.09,-103,Past due,W01,Review,TRUE
AP00795,VN01,V003,2026-04-25,2026-05-10,VND,27936.84,16243.0,-36,Past due,W01,Pay,TRUE
AP00796,SG01,V014,2026-02-12,2026-03-29,SGD,74460.39,31278.14,-78,Past due,W01,Review,TRUE
AP00797,BR01,V004,2026-04-01,2026-05-16,BRL,36347.97,16997.27,-30,Past due,W01,Hold,TRUE
AP00798,DE01,V012,2026-06-12,2026-08-11,EUR,61879.23,58333.45,57,31-60 days,W09,Hold,TRUE
AP00799,GB01,V007,2026-05-17,2026-06-16,GBP,29877.04,24401.26,1,0-14 days,W01,Review,TRUE
AP00800,VN01,V009,2026-04-08,2026-04-23,VND,22313.44,15891.62,-53,Past due,W01,Hold,TRUE
AP00801,DE01,V006,2026-02-12,2026-03-14,EUR,68565.42,52844.26,-93,Past due,W01,Hold,TRUE
AP00802,BR01,V004,2026-04-18,2026-06-02,BRL,54997.24,32250.13,-13,Past due,W01,Hold,TRUE
AP00803,BR01,V016,2026-04-01,2026-04-16,BRL,31661.17,27676.51,-60,Past due,W01,Review,TRUE
AP00804,US01,V005,2026-02-24,2026-04-25,USD,61088.75,21407.07,-51,Past due,W01,Hold,TRUE
AP00805,BR01,V010,2026-02-27,2026-03-14,BRL,25501.96,15622.1,-93,Past due,W01,Hold,TRUE
AP00806,BR01,V004,2026-03-25,2026-05-09,BRL,37046.89,26338.78,-37,Past due,W01,Pay,TRUE
AP00807,BR01,V016,2026-03-11,2026-03-26,BRL,26544.51,11532.02,-81,Past due,W01,Review,TRUE
AP00808,US01,V011,2026-03-13,2026-05-12,USD,49523.15,36409.52,-34,Past due,W01,Pay,TRUE
AP00809,BR01,V016,2026-05-01,2026-05-16,BRL,21849.97,21814.89,-30,Past due,W01,Review,TRUE
AP00810,SG01,V002,2026-02-18,2026-03-05,SGD,26710.71,12927.92,-102,Past due,W01,Hold,TRUE
AP00811,SG01,V002,2026-03-15,2026-03-30,SGD,42734.58,29536.04,-77,Past due,W01,Pay,TRUE
AP00812,SG01,V002,2026-04-21,2026-05-06,SGD,53502.93,16963.56,-40,Past due,W01,Review,TRUE
AP00813,BR01,V016,2026-05-28,2026-06-12,BRL,18441.39,16411.17,-3,Past due,W01,Pay,TRUE
AP00814,SG01,V014,2026-03-28,2026-05-12,SGD,32000.0,13181.74,-34,Past due,W01,Review,TRUE
AP00815,DE01,V006,2026-04-15,2026-05-15,EUR,52260.66,33064.4,-31,Past due,W01,Pay,TRUE
AP00816,VN01,V015,2026-02-01,2026-03-03,VND,29037.59,25933.7,-104,Past due,W01,Review,TRUE
AP00817,GB01,V007,2026-03-18,2026-04-17,GBP,58861.25,26546.13,-59,Past due,W01,Pay,TRUE
AP00818,BR01,V016,2026-05-27,2026-06-11,BRL,109061.19,98168.02,-4,Past due,W01,Hold,TRUE
AP00819,VN01,V009,2026-02-28,2026-03-15,VND,78564.95,38094.58,-92,Past due,W01,Review,TRUE
AP00820,SG01,V014,2026-03-05,2026-04-19,SGD,54899.72,37991.76,-57,Past due,W01,Hold,TRUE
AP00821,US01,V005,2026-06-08,2026-08-07,USD,58513.68,58326.8,53,31-60 days,W08,Pay,TRUE
AP00822,SG01,V002,2026-04-22,2026-05-07,SGD,28482.29,24080.51,-39,Past due,W01,Hold,TRUE
AP00823,VN01,V009,2026-02-11,2026-02-26,VND,27763.54,11063.34,-109,Past due,W01,Hold,TRUE
AP00824,US01,V005,2026-02-22,2026-04-23,USD,119707.93,77307.2,-53,Past due,W01,Hold,TRUE
AP00825,GB01,V001,2026-05-24,2026-07-08,GBP,23888.24,19355.79,23,15-30 days,W04,Hold,TRUE
AP00826,GB01,V007,2026-02-18,2026-03-20,GBP,36022.6,21025.38,-87,Past due,W01,Hold,TRUE
AP00827,DE01,V006,2026-03-05,2026-04-04,EUR,42394.16,33944.89,-72,Past due,W01,Hold,TRUE
AP00828,BR01,V016,2026-04-02,2026-04-17,BRL,28554.42,11000.45,-59,Past due,W01,Hold,TRUE
AP00829,BR01,V010,2026-05-07,2026-05-22,BRL,50869.39,28250.82,-24,Past due,W01,Pay,TRUE
AP00830,GB01,V001,2026-02-28,2026-04-14,GBP,22415.28,14633.83,-62,Past due,W01,Review,TRUE
AP00831,US01,V005,2026-03-31,2026-05-30,USD,48533.07,41086.24,-16,Past due,W01,Review,TRUE
AP00832,BR01,V010,2026-06-09,2026-06-24,BRL,31057.62,29115.85,9,0-14 days,W02,Pay,TRUE
AP00833,BR01,V004,2026-03-21,2026-05-05,BRL,26386.02,24232.45,-41,Past due,W01,Pay,TRUE
AP00834,BR01,V010,2026-02-13,2026-02-28,BRL,25724.81,22449.22,-107,Past due,W01,Review,TRUE
AP00835,SG01,V002,2026-05-15,2026-05-30,SGD,63359.27,40743.53,-16,Past due,W01,Review,TRUE
AP00836,DE01,V006,2026-04-18,2026-05-18,EUR,110512.32,66804.96,-28,Past due,W01,Review,TRUE
AP00837,US01,V011,2026-02-11,2026-04-12,USD,70247.41,67175.09,-64,Past due,W01,Review,TRUE
AP00838,US01,V011,2026-02-05,2026-04-06,USD,116602.52,109181.53,-70,Past due,W01,Hold,TRUE
AP00839,US01,V011,2026-04-18,2026-06-17,USD,36624.91,28826.66,2,0-14 days,W01,Review,TRUE
AP00840,VN01,V003,2026-02-08,2026-02-23,VND,38329.5,19023.74,-112,Past due,W01,Hold,TRUE
AP00841,VN01,V015,2026-03-15,2026-04-14,VND,73478.82,56175.45,-62,Past due,W01,Review,TRUE
AP00842,US01,V005,2026-02-15,2026-04-16,USD,52287.36,35988.21,-60,Past due,W01,Pay,TRUE
AP00843,VN01,V009,2026-03-07,2026-03-22,VND,79289.52,69494.04,-85,Past due,W01,Pay,TRUE
AP00844,BR01,V016,2026-04-22,2026-05-07,BRL,40105.43,37984.62,-39,Past due,W01,Hold,TRUE
AP00845,VN01,V015,2026-05-29,2026-06-28,VND,31646.93,26551.78,13,0-14 days,W02,Hold,TRUE
AP00846,GB01,V007,2026-04-13,2026-05-13,GBP,59887.22,33558.6,-33,Past due,W01,Review,TRUE
AP00847,BR01,V016,2026-04-20,2026-05-05,BRL,28384.51,11695.78,-41,Past due,W01,Hold,TRUE
AP00848,US01,V005,2026-04-17,2026-06-16,USD,54664.93,47201.74,1,0-14 days,W01,Hold,TRUE
AP00849,DE01,V012,2026-05-06,2026-07-05,EUR,36516.5,28559.13,20,15-30 days,W03,Hold,TRUE
AP00850,US01,V005,2026-03-21,2026-05-20,USD,43688.28,41065.93,-26,Past due,W01,Hold,TRUE
AP00851,DE01,V006,2026-03-06,2026-04-05,EUR,41888.43,27230.67,-71,Past due,W01,Pay,TRUE
AP00852,VN01,V015,2026-02-09,2026-03-11,VND,81675.91,50635.61,-96,Past due,W01,Review,TRUE
AP00853,SG01,V002,2026-03-05,2026-03-20,SGD,42802.06,40883.46,-87,Past due,W01,Review,TRUE
AP00854,GB01,V013,2026-03-08,2026-04-07,GBP,43222.13,16525.55,-69,Past due,W01,Review,TRUE
AP00855,VN01,V009,2026-05-12,2026-05-27,VND,22864.24,9939.41,-19,Past due,W01,Pay,TRUE
AP00856,BR01,V010,2026-04-24,2026-05-09,BRL,51479.79,40993.39,-37,Past due,W01,Hold,TRUE
AP00857,VN01,V009,2026-02-22,2026-03-09,VND,16739.97,16370.3,-98,Past due,W01,Hold,TRUE
AP00858,US01,V011,2026-02-05,2026-04-06,USD,59070.34,44216.93,-70,Past due,W01,Hold,TRUE
AP00859,VN01,V015,2026-04-19,2026-05-19,VND,90928.97,77958.14,-27,Past due,W01,Review,TRUE
AP00860,BR01,V010,2026-04-03,2026-04-18,BRL,42811.2,21952.36,-58,Past due,W01,Pay,TRUE
AP00861,DE01,V006,2026-05-30,2026-06-29,EUR,35724.85,29389.33,14,0-14 days,W03,Review,TRUE
AP00862,GB01,V007,2026-02-12,2026-03-14,GBP,67148.51,66820.11,-93,Past due,W01,Review,TRUE
AP00863,VN01,V015,2026-04-15,2026-05-15,VND,25212.31,9551.22,-31,Past due,W01,Review,TRUE
AP00864,DE01,V012,2026-05-07,2026-07-06,EUR,101371.16,85109.01,21,15-30 days,W04,Hold,TRUE
AP00865,BR01,V016,2026-06-09,2026-06-24,BRL,20113.64,16597.91,9,0-14 days,W02,Pay,TRUE
AP00866,GB01,V013,2026-03-08,2026-04-07,GBP,36176.93,17483.26,-69,Past due,W01,Review,TRUE
AP00867,BR01,V004,2026-02-20,2026-04-06,BRL,35432.77,26086.65,-70,Past due,W01,Pay,TRUE
AP00868,GB01,V013,2026-05-11,2026-06-10,GBP,57484.9,49358.78,-5,Past due,W01,Pay,TRUE
AP00869,BR01,V010,2026-01-31,2026-02-15,BRL,26240.26,12126.13,-120,Past due,W01,Pay,TRUE
AP00870,GB01,V007,2026-03-03,2026-04-02,GBP,41288.79,25370.07,-74,Past due,W01,Hold,TRUE
AP00871,US01,V011,2026-04-06,2026-06-05,USD,126118.74,123065.33,-10,Past due,W01,Review,TRUE
AP00872,VN01,V003,2026-02-07,2026-02-22,VND,28523.26,11840.11,-113,Past due,W01,Hold,TRUE
AP00873,SG01,V002,2026-06-01,2026-06-16,SGD,14582.99,14254.18,1,0-14 days,W01,Hold,TRUE
AP00874,GB01,V013,2026-04-23,2026-05-23,GBP,126482.28,61586.84,-23,Past due,W01,Review,TRUE
AP00875,SG01,V008,2026-02-19,2026-03-06,SGD,77431.14,33715.28,-101,Past due,W01,Review,TRUE
AP00876,GB01,V001,2026-05-26,2026-07-10,GBP,43521.84,35001.84,25,15-30 days,W04,Pay,TRUE
AP00877,SG01,V008,2026-02-23,2026-03-10,SGD,32156.51,25460.55,-97,Past due,W01,Hold,TRUE
AP00878,US01,V011,2026-03-09,2026-05-08,USD,41543.07,29057.22,-38,Past due,W01,Hold,TRUE
AP00879,US01,V005,2026-04-18,2026-06-17,USD,92099.45,75422.72,2,0-14 days,W01,Pay,TRUE
AP00880,GB01,V007,2026-05-13,2026-06-12,GBP,59019.58,58541.52,-3,Past due,W01,Hold,TRUE
AP00881,GB01,V013,2026-06-06,2026-07-06,GBP,40639.27,37713.67,21,15-30 days,W04,Review,TRUE
AP00882,VN01,V009,2026-02-26,2026-03-13,VND,34569.93,33043.4,-94,Past due,W01,Hold,TRUE
AP00883,US01,V005,2026-02-26,2026-04-27,USD,39390.65,22469.22,-49,Past due,W01,Hold,TRUE
AP00884,SG01,V008,2026-02-18,2026-03-05,SGD,121244.96,79365.02,-102,Past due,W01,Pay,TRUE
AP00885,SG01,V002,2026-05-14,2026-05-29,SGD,26994.72,8532.67,-17,Past due,W01,Pay,TRUE
AP00886,BR01,V016,2026-04-24,2026-05-09,BRL,67096.76,44756.85,-37,Past due,W01,Pay,TRUE
AP00887,GB01,V007,2026-04-12,2026-05-12,GBP,112825.71,88055.06,-34,Past due,W01,Hold,TRUE
AP00888,US01,V005,2026-03-04,2026-05-03,USD,95605.44,50080.16,-43,Past due,W01,Hold,TRUE
AP00889,VN01,V015,2026-04-16,2026-05-16,VND,81909.15,26810.74,-30,Past due,W01,Hold,TRUE
AP00890,SG01,V002,2026-05-08,2026-05-23,SGD,44998.08,44912.17,-23,Past due,W01,Hold,TRUE
AP00891,SG01,V002,2026-04-18,2026-05-03,SGD,35008.82,16910.67,-43,Past due,W01,Pay,TRUE
AP00892,GB01,V007,2026-02-27,2026-03-29,GBP,19486.12,17862.01,-78,Past due,W01,Pay,TRUE
AP00893,VN01,V009,2026-05-29,2026-06-13,VND,34338.41,32695.63,-2,Past due,W01,Hold,TRUE
AP00894,US01,V011,2026-03-23,2026-05-22,USD,28892.96,26342.4,-24,Past due,W01,Review,TRUE
AP00895,VN01,V003,2026-05-30,2026-06-14,VND,78353.89,74873.6,-1,Past due,W01,Review,TRUE
AP00896,SG01,V014,2026-04-16,2026-05-31,SGD,30031.82,10133.39,-15,Past due,W01,Pay,TRUE
AP00897,SG01,V014,2026-04-01,2026-05-16,SGD,62653.35,26367.99,-30,Past due,W01,Pay,TRUE
AP00898,DE01,V006,2026-02-27,2026-03-29,EUR,44604.48,21600.75,-78,Past due,W01,Hold,TRUE
AP00899,BR01,V004,2026-02-04,2026-03-21,BRL,18845.03,9037.76,-86,Past due,W01,Review,TRUE
AP00900,SG01,V008,2026-02-17,2026-03-04,SGD,87386.33,79755.58,-103,Past due,W01,Hold,TRUE
