DateKey,ReportKey,DeptKey,UsersWithAccess,PrivilegedUsers,OrphanedUsers,RLSExceptions,PendingAccessReviews,UnauthorizedSharingEvents,DeploymentControlScore
20250131,RP001,D001,44,6,1,2,0,0,79.82
20250228,RP001,D001,59,4,0,1,0,0,88.7
20250331,RP001,D001,47,6,0,1,2,0,90.92
20250430,RP001,D001,69,7,0,1,1,0,91.42
20250531,RP001,D001,52,1,1,2,0,0,83.56
20250630,RP001,D001,29,6,0,1,0,0,93.21
20250731,RP001,D001,68,7,0,0,1,0,93.1
20250831,RP001,D001,68,7,0,1,2,0,89.28
20250930,RP001,D001,58,6,0,1,0,0,94.39
20251031,RP001,D001,47,5,1,0,1,0,86.92
20251130,RP001,D001,63,6,0,1,2,0,88.3
20251231,RP001,D001,45,2,0,0,0,0,95.32
20260131,RP001,D001,79,1,1,2,1,0,76.22
20260228,RP001,D001,53,5,1,1,0,0,89.21
20260331,RP001,D001,64,8,1,1,0,0,89.39
20260430,RP001,D001,43,3,0,1,0,0,94.69
20260531,RP001,D001,40,5,0,1,0,0,90.59
20250131,RP001,D002,53,7,0,1,0,0,95.67
20250228,RP001,D002,60,8,0,0,1,0,94.79
20250331,RP001,D002,60,5,0,1,2,0,85.91
20250430,RP001,D002,66,6,0,0,1,0,96.17
20250531,RP001,D002,44,0,0,2,1,0,86.74
20250630,RP001,D002,50,3,0,0,1,0,93.09
20250731,RP001,D002,56,6,1,0,0,0,96.11
20250831,RP001,D002,50,3,0,0,0,1,92.35
20250930,RP001,D002,64,4,0,0,1,0,95.04
20251031,RP001,D002,58,4,0,0,1,0,95.2
20251130,RP001,D002,50,5,0,0,0,0,98.71
20251231,RP001,D002,49,2,0,0,1,0,97.35
20260131,RP001,D002,44,1,1,1,1,0,84.73
20260228,RP001,D002,65,4,0,0,1,0,97.67
20260331,RP001,D002,63,9,0,0,1,0,87.2
20260430,RP001,D002,54,4,0,1,2,0,83.16
20260531,RP001,D002,64,5,1,0,1,0,89.64
20250131,RP001,D003,51,0,0,0,1,0,95.3
20250228,RP001,D003,59,2,0,0,2,0,94.27
20250331,RP001,D003,50,9,0,1,0,0,93.58
20250430,RP001,D003,65,3,0,1,1,0,91.89
20250531,RP001,D003,63,3,1,1,0,0,87.68
20250630,RP001,D003,44,4,1,0,0,0,92.2
20250731,RP001,D003,55,1,0,0,0,0,91.81
20250831,RP001,D003,67,5,0,1,1,0,95.61
20250930,RP001,D003,59,5,0,2,1,0,90.64
20251031,RP001,D003,65,7,0,0,0,0,93.57
20251130,RP001,D003,57,6,0,0,1,0,92.96
20251231,RP001,D003,69,3,0,0,0,0,95.11
20260131,RP001,D003,53,4,0,1,0,0,93.46
20260228,RP001,D003,84,2,0,0,0,0,97.88
20260331,RP001,D003,49,2,0,1,1,0,90.6
20260430,RP001,D003,59,4,0,1,0,0,93.09
20260531,RP001,D003,35,6,0,1,2,0,87.36
20250131,RP001,D004,59,3,1,0,0,0,95.88
20250228,RP001,D004,63,6,0,1,1,0,89.3
20250331,RP001,D004,60,1,0,0,0,0,98.89
20250430,RP001,D004,60,5,0,1,1,0,90.36
20250531,RP001,D004,34,7,0,0,1,0,94.42
20250630,RP001,D004,44,3,0,1,0,0,92.09
20250731,RP001,D004,41,4,0,0,0,0,94.21
20250831,RP001,D004,56,3,0,0,2,0,96.09
20250930,RP001,D004,47,8,2,0,1,0,83.78
20251031,RP001,D004,65,7,0,0,1,0,91.29
20251130,RP001,D004,44,3,1,0,0,0,94.1
20251231,RP001,D004,48,4,0,0,1,0,88.24
20260131,RP001,D004,38,6,0,0,1,0,93.22
20260228,RP001,D004,40,7,0,0,0,0,99.0
20260331,RP001,D004,66,5,0,0,0,0,99.0
20260430,RP001,D004,48,6,0,0,0,0,92.9
20260531,RP001,D004,43,1,0,1,0,0,91.91
20250131,RP001,D005,46,7,0,1,1,0,94.32
20250228,RP001,D005,58,5,0,0,1,0,96.33
20250331,RP001,D005,42,5,0,0,2,0,94.27
20250430,RP001,D005,49,4,0,1,1,0,86.98
20250531,RP001,D005,60,5,0,1,0,0,92.49
20250630,RP001,D005,47,5,0,0,1,0,93.39
20250731,RP001,D005,29,6,0,2,1,0,83.76
20250831,RP001,D005,68,4,0,2,0,0,85.97
20250930,RP001,D005,66,4,0,1,0,0,92.51
20251031,RP001,D005,40,3,1,1,1,0,85.97
20251130,RP001,D005,34,5,0,0,0,0,95.75
20251231,RP001,D005,38,2,0,0,1,0,96.36
20260131,RP001,D005,69,4,0,1,0,0,90.87
20260228,RP001,D005,36,6,0,0,1,1,87.6
20260331,RP001,D005,60,3,1,0,1,0,87.35
20260430,RP001,D005,73,7,0,0,0,0,95.98
20260531,RP001,D005,79,9,0,0,1,0,90.85
20250131,RP001,D006,49,6,0,1,0,0,88.97
20250228,RP001,D006,56,2,0,1,0,0,91.16
20250331,RP001,D006,73,3,0,0,0,0,93.12
20250430,RP001,D006,55,9,0,1,0,0,90.71
20250531,RP001,D006,59,5,0,0,0,0,95.56
20250630,RP001,D006,54,8,0,0,0,0,92.36
20250731,RP001,D006,55,4,0,1,1,0,89.68
20250831,RP001,D006,52,5,0,0,0,0,96.21
20250930,RP001,D006,43,5,0,1,1,0,90.64
20251031,RP001,D006,40,3,0,1,1,0,88.79
20251130,RP001,D006,73,4,0,0,0,0,95.68
20251231,RP001,D006,54,5,2,0,0,0,83.85
20260131,RP001,D006,54,5,0,0,1,0,90.99
20260228,RP001,D006,52,4,0,0,1,0,95.35
20260331,RP001,D006,45,3,0,1,0,0,95.38
20260430,RP001,D006,39,5,0,1,2,0,90.61
20260531,RP001,D006,57,4,0,1,1,0,90.85
20250131,RP001,D007,64,5,1,0,1,0,91.03
20250228,RP001,D007,64,5,1,0,2,0,87.28
20250331,RP001,D007,56,5,0,2,0,0,87.49
20250430,RP001,D007,66,7,0,0,0,0,95.72
20250531,RP001,D007,67,4,0,0,1,0,91.89
20250630,RP001,D007,57,3,0,1,0,0,91.47
20250731,RP001,D007,58,5,1,0,0,0,92.64
20250831,RP001,D007,82,4,0,0,1,0,93.84
20250930,RP001,D007,70,4,0,0,0,0,97.19
20251031,RP001,D007,50,2,0,3,0,0,81.41
20251130,RP001,D007,57,3,1,1,1,0,85.06
20251231,RP001,D007,62,7,0,1,2,0,84.78
20260131,RP001,D007,34,3,0,1,1,0,89.79
20260228,RP001,D007,50,4,0,0,0,0,94.18
20260331,RP001,D007,58,6,0,0,0,0,93.84
20260430,RP001,D007,81,4,0,0,0,0,98.51
20260531,RP001,D007,45,6,0,0,1,0,92.17
20250131,RP001,D008,58,3,0,0,1,0,92.6
20250228,RP001,D008,54,3,0,0,2,0,97.9
20250331,RP001,D008,46,9,0,0,0,0,99.0
20250430,RP001,D008,69,6,0,1,1,0,93.38
20250531,RP001,D008,55,4,0,0,0,0,97.27
20250630,RP001,D008,45,4,0,1,0,0,92.01
20250731,RP001,D008,51,3,0,0,0,0,94.51
20250831,RP001,D008,62,5,0,1,0,0,91.31
20250930,RP001,D008,47,4,0,0,2,1,84.49
20251031,RP001,D008,41,5,0,0,1,0,95.43
20251130,RP001,D008,48,3,0,0,1,0,89.66
20251231,RP001,D008,59,5,0,0,1,0,93.28
20260131,RP001,D008,46,0,0,0,1,0,94.02
20260228,RP001,D008,43,8,0,1,0,0,91.93
20260331,RP001,D008,45,7,0,1,1,0,85.62
20260430,RP001,D008,53,4,0,0,0,0,99.0
20260531,RP001,D008,34,3,1,0,0,0,85.15
20250131,RP002,D001,17,4,0,0,0,0,96.36
20250228,RP002,D001,23,3,0,0,0,0,96.02
20250331,RP002,D001,20,6,0,0,1,0,95.43
20250430,RP002,D001,39,5,1,0,1,1,85.37
20250531,RP002,D001,26,8,0,0,1,0,91.07
20250630,RP002,D001,51,2,0,0,1,0,93.44
20250731,RP002,D001,26,6,0,0,1,0,94.99
20250831,RP002,D001,25,4,0,1,1,0,91.72
20250930,RP002,D001,25,3,0,1,0,0,90.8
20251031,RP002,D001,28,4,1,2,0,1,78.64
20251130,RP002,D001,21,3,0,1,0,0,91.16
20251231,RP002,D001,40,6,0,1,0,0,86.56
20260131,RP002,D001,44,4,0,1,0,0,92.65
20260228,RP002,D001,45,4,0,0,0,0,94.19
20260331,RP002,D001,25,6,1,0,2,0,86.13
20260430,RP002,D001,27,4,0,0,0,0,96.15
20260531,RP002,D001,29,2,0,0,1,0,94.62
20250131,RP002,D002,36,5,0,0,1,0,90.85
20250228,RP002,D002,19,5,0,0,2,0,91.86
20250331,RP002,D002,22,5,0,1,0,0,92.3
20250430,RP002,D002,34,1,1,0,0,0,89.71
20250531,RP002,D002,45,4,0,2,1,0,85.79
20250630,RP002,D002,34,4,0,1,1,0,91.06
20250731,RP002,D002,22,6,0,0,1,0,94.29
20250831,RP002,D002,21,3,1,0,0,0,90.18
20250930,RP002,D002,42,7,0,0,2,0,92.85
20251031,RP002,D002,10,4,0,0,0,0,93.43
20251130,RP002,D002,26,2,1,1,0,0,91.68
20251231,RP002,D002,22,6,0,3,1,0,79.73
20260131,RP002,D002,29,3,0,0,1,0,96.98
20260228,RP002,D002,12,6,0,1,0,0,91.85
20260331,RP002,D002,46,5,0,1,0,0,92.73
20260430,RP002,D002,42,3,1,1,0,0,94.19
20260531,RP002,D002,19,3,0,1,0,0,89.39
20250131,RP002,D003,42,4,0,1,2,0,91.39
20250228,RP002,D003,28,5,1,0,0,0,90.16
20250331,RP002,D003,35,7,0,1,0,1,81.61
20250430,RP002,D003,16,6,0,0,0,0,95.34
20250531,RP002,D003,31,5,0,0,0,0,89.69
20250630,RP002,D003,41,7,0,2,0,0,86.52
20250731,RP002,D003,32,7,1,0,1,0,88.87
20250831,RP002,D003,37,2,0,1,1,0,90.89
20250930,RP002,D003,41,9,1,0,0,0,87.25
20251031,RP002,D003,44,4,0,1,1,0,88.74
20251130,RP002,D003,24,7,0,1,1,0,93.06
20251231,RP002,D003,34,1,0,0,1,0,90.93
20260131,RP002,D003,24,4,0,1,0,0,93.5
20260228,RP002,D003,42,4,0,1,0,0,90.82
20260331,RP002,D003,31,6,0,0,0,0,96.06
20260430,RP002,D003,27,2,0,0,0,0,95.27
20260531,RP002,D003,33,4,0,0,0,0,91.53
20250131,RP002,D004,20,3,0,1,0,0,93.53
20250228,RP002,D004,38,7,0,0,1,0,96.08
20250331,RP002,D004,35,4,0,1,0,0,88.27
20250430,RP002,D004,23,4,0,0,1,0,95.14
20250531,RP002,D004,49,4,1,1,1,0,82.45
20250630,RP002,D004,50,4,0,1,0,0,85.88
20250731,RP002,D004,50,6,0,1,1,0,90.11
20250831,RP002,D004,30,7,0,1,1,0,91.83
20250930,RP002,D004,28,4,0,0,0,0,92.71
20251031,RP002,D004,30,4,0,1,0,1,81.95
20251130,RP002,D004,40,4,0,0,0,0,96.22
20251231,RP002,D004,35,4,0,0,1,0,92.93
20260131,RP002,D004,41,5,1,2,1,0,79.95
20260228,RP002,D004,30,4,1,0,1,0,92.56
20260331,RP002,D004,34,5,1,0,0,0,86.9
20260430,RP002,D004,36,3,0,0,2,0,89.22
20260531,RP002,D004,38,5,0,0,2,0,91.9
20250131,RP002,D005,41,6,0,0,1,0,90.4
20250228,RP002,D005,29,5,1,0,0,0,91.21
20250331,RP002,D005,33,5,0,1,1,0,90.22
20250430,RP002,D005,25,4,0,2,0,0,88.91
20250531,RP002,D005,37,2,0,0,0,0,95.88
20250630,RP002,D005,32,3,1,0,1,0,90.52
20250731,RP002,D005,40,4,0,0,0,0,96.12
20250831,RP002,D005,24,3,1,0,0,0,90.83
20250930,RP002,D005,44,5,1,0,1,0,86.96
20251031,RP002,D005,38,6,0,0,0,0,91.83
20251130,RP002,D005,37,2,0,0,0,0,98.08
20251231,RP002,D005,6,4,0,0,0,0,97.18
20260131,RP002,D005,41,4,0,1,0,0,93.03
20260228,RP002,D005,42,2,0,0,1,0,96.99
20260331,RP002,D005,11,0,0,0,0,0,98.96
20260430,RP002,D005,42,4,0,1,1,0,87.24
20260531,RP002,D005,33,5,0,0,1,0,98.01
20250131,RP002,D006,36,5,0,0,0,0,96.13
20250228,RP002,D006,30,4,0,0,2,0,88.95
20250331,RP002,D006,21,6,0,0,0,0,92.45
20250430,RP002,D006,30,5,0,1,0,0,94.3
20250531,RP002,D006,40,4,1,0,0,0,90.01
20250630,RP002,D006,10,5,0,2,1,0,85.31
20250731,RP002,D006,32,4,0,0,3,0,91.54
20250831,RP002,D006,20,1,1,0,2,0,84.94
20250930,RP002,D006,37,5,0,0,3,0,88.18
20251031,RP002,D006,19,3,0,0,1,0,92.06
20251130,RP002,D006,29,4,1,0,0,0,90.34
20251231,RP002,D006,38,2,1,1,1,0,85.23
20260131,RP002,D006,21,5,0,2,0,0,84.16
20260228,RP002,D006,26,3,1,2,2,0,77.3
20260331,RP002,D006,28,5,1,0,1,0,86.16
20260430,RP002,D006,29,5,0,0,1,0,94.55
20260531,RP002,D006,30,4,0,1,0,0,88.79
20250131,RP002,D007,52,12,0,0,0,1,88.68
20250228,RP002,D007,35,3,0,0,0,0,96.77
20250331,RP002,D007,35,3,1,0,2,0,88.46
20250430,RP002,D007,44,6,0,0,0,0,95.12
20250531,RP002,D007,47,6,1,1,0,0,88.38
20250630,RP002,D007,34,6,1,1,0,0,91.6
20250731,RP002,D007,24,5,0,0,1,0,97.67
20250831,RP002,D007,27,1,0,1,1,0,91.6
20250930,RP002,D007,40,5,0,0,0,0,96.12
20251031,RP002,D007,29,8,0,1,1,0,86.05
20251130,RP002,D007,24,7,0,0,0,0,97.47
20251231,RP002,D007,34,4,1,0,1,0,93.5
20260131,RP002,D007,40,4,1,0,0,0,91.34
20260228,RP002,D007,17,5,0,0,0,0,94.85
20260331,RP002,D007,37,5,0,0,1,0,92.51
20260430,RP002,D007,18,5,0,1,1,0,91.07
20260531,RP002,D007,26,5,0,0,0,0,94.74
20250131,RP002,D008,52,6,0,1,1,0,90.01
20250228,RP002,D008,28,0,1,1,1,1,79.2
20250331,RP002,D008,33,2,0,1,1,1,82.98
20250430,RP002,D008,29,9,0,0,0,0,99.0
20250531,RP002,D008,24,5,0,0,0,0,95.19
20250630,RP002,D008,41,5,0,1,1,0,84.53
20250731,RP002,D008,40,2,0,1,0,0,90.04
20250831,RP002,D008,23,5,0,0,1,0,95.95
20250930,RP002,D008,43,4,0,0,0,0,94.54
20251031,RP002,D008,18,4,1,0,0,1,82.94
20251130,RP002,D008,37,6,0,0,0,0,97.36
20251231,RP002,D008,31,5,1,0,0,0,90.27
20260131,RP002,D008,26,2,1,0,0,0,91.11
20260228,RP002,D008,22,5,0,1,0,0,89.25
20260331,RP002,D008,49,3,0,0,1,0,93.64
20260430,RP002,D008,46,4,0,0,1,0,98.69
20260531,RP002,D008,32,4,1,0,0,2,76.57
20250131,RP003,D001,24,2,0,0,0,0,99.0
20250228,RP003,D001,23,0,0,0,1,0,95.39
20250331,RP003,D001,16,4,1,0,1,0,85.24
20250430,RP003,D001,23,0,0,0,1,0,95.49
20250531,RP003,D001,55,4,0,0,0,0,93.6
20250630,RP003,D001,30,1,0,1,1,0,89.98
20250731,RP003,D001,34,0,0,1,0,0,84.79
20250831,RP003,D001,23,0,0,1,1,0,90.58
20250930,RP003,D001,23,3,0,0,1,0,98.8
20251031,RP003,D001,42,1,0,1,0,0,95.26
20251130,RP003,D001,38,0,0,0,1,0,94.91
20251231,RP003,D001,28,0,0,1,1,0,91.32
20260131,RP003,D001,11,4,1,0,0,0,93.17
20260228,RP003,D001,36,4,0,1,0,0,88.57
20260331,RP003,D001,31,0,1,0,1,0,86.61
20260430,RP003,D001,45,2,0,1,0,1,82.62
20260531,RP003,D001,11,2,0,0,1,0,95.11
20250131,RP003,D002,30,0,0,0,1,0,88.46
20250228,RP003,D002,19,1,0,0,0,0,94.75
20250331,RP003,D002,27,2,0,0,2,0,86.58
20250430,RP003,D002,42,0,1,0,1,0,91.07
20250531,RP003,D002,23,0,0,0,1,0,94.26
20250630,RP003,D002,35,3,0,0,1,0,93.23
20250731,RP003,D002,46,2,0,0,1,0,90.05
20250831,RP003,D002,15,0,1,0,0,0,90.42
20250930,RP003,D002,45,6,0,0,1,0,93.97
20251031,RP003,D002,29,4,1,0,3,0,82.4
20251130,RP003,D002,31,1,0,0,1,1,90.62
20251231,RP003,D002,33,2,0,0,0,0,97.77
20260131,RP003,D002,26,0,0,0,1,0,92.55
20260228,RP003,D002,38,2,0,0,0,0,99.0
20260331,RP003,D002,45,0,0,0,1,0,91.87
20260430,RP003,D002,46,1,0,1,1,0,89.09
20260531,RP003,D002,28,0,1,0,0,0,92.69
20250131,RP003,D003,27,2,0,0,2,0,95.13
20250228,RP003,D003,19,1,0,0,1,0,95.16
20250331,RP003,D003,23,1,1,0,2,0,88.12
20250430,RP003,D003,44,3,0,0,2,0,91.51
20250531,RP003,D003,29,4,1,1,2,0,79.63
20250630,RP003,D003,26,4,0,0,1,0,98.3
20250731,RP003,D003,18,0,0,0,0,0,95.35
20250831,RP003,D003,25,1,0,0,3,0,89.85
20250930,RP003,D003,45,3,0,0,1,1,89.68
20251031,RP003,D003,37,2,0,1,0,0,92.26
20251130,RP003,D003,23,1,1,1,2,0,84.73
20251231,RP003,D003,32,0,0,1,1,0,90.17
20260131,RP003,D003,46,0,0,0,2,0,92.14
20260228,RP003,D003,28,2,1,0,1,0,91.72
20260331,RP003,D003,39,2,0,0,0,0,92.45
20260430,RP003,D003,41,0,1,0,1,0,89.24
20260531,RP003,D003,38,5,1,0,0,0,90.45
20250131,RP003,D004,49,0,2,0,2,0,83.85
20250228,RP003,D004,37,4,0,1,1,0,91.9
20250331,RP003,D004,18,0,1,0,1,0,91.31
20250430,RP003,D004,25,0,0,0,0,0,93.76
20250531,RP003,D004,44,2,0,0,1,0,95.75
20250630,RP003,D004,37,0,0,0,2,0,92.65
20250731,RP003,D004,22,5,0,0,0,0,98.21
20250831,RP003,D004,32,0,0,0,1,0,95.92
20250930,RP003,D004,39,0,0,0,1,0,90.15
20251031,RP003,D004,30,0,0,0,1,0,91.84
20251130,RP003,D004,30,1,0,1,1,0,92.81
20251231,RP003,D004,38,4,0,1,2,0,85.86
20260131,RP003,D004,43,2,1,0,1,0,88.46
20260228,RP003,D004,47,0,0,0,0,0,97.95
20260331,RP003,D004,41,3,0,0,1,0,96.71
20260430,RP003,D004,27,0,1,0,0,0,92.29
20260531,RP003,D004,46,2,0,1,1,0,90.82
20250131,RP003,D005,34,2,0,0,2,0,93.86
20250228,RP003,D005,21,2,0,0,2,0,92.94
20250331,RP003,D005,42,2,0,0,1,0,98.64
20250430,RP003,D005,20,5,1,1,0,0,84.66
20250531,RP003,D005,26,4,0,0,0,0,93.32
20250630,RP003,D005,54,2,0,0,1,0,97.57
20250731,RP003,D005,48,4,0,0,0,0,94.94
20250831,RP003,D005,45,0,0,1,2,0,87.06
20250930,RP003,D005,31,1,1,0,2,0,85.83
20251031,RP003,D005,27,3,0,0,1,0,99.0
20251130,RP003,D005,36,4,1,1,1,0,83.95
20251231,RP003,D005,55,0,0,0,0,0,96.88
20260131,RP003,D005,29,0,0,0,1,0,93.86
20260228,RP003,D005,33,0,1,0,1,0,90.81
20260331,RP003,D005,33,1,0,0,2,0,96.44
20260430,RP003,D005,23,2,0,0,1,0,94.44
20260531,RP003,D005,49,3,0,0,0,0,96.37
20250131,RP003,D006,27,1,0,0,2,0,93.64
20250228,RP003,D006,37,4,0,0,1,0,91.55
20250331,RP003,D006,35,5,0,0,0,0,91.18
20250430,RP003,D006,44,4,0,0,0,0,91.96
20250531,RP003,D006,47,2,0,0,0,0,97.36
20250630,RP003,D006,32,0,1,0,1,0,89.85
20250731,RP003,D006,42,2,0,0,1,0,92.8
20250831,RP003,D006,43,3,0,0,2,0,91.75
20250930,RP003,D006,37,1,0,0,1,0,93.62
20251031,RP003,D006,33,0,0,0,0,1,88.48
20251130,RP003,D006,32,0,0,1,2,0,88.75
20251231,RP003,D006,13,2,0,0,1,0,95.23
20260131,RP003,D006,44,1,1,0,2,0,88.36
20260228,RP003,D006,33,5,0,0,2,0,92.52
20260331,RP003,D006,25,0,1,0,1,0,92.32
20260430,RP003,D006,33,1,1,1,1,0,84.72
20260531,RP003,D006,46,0,0,0,0,0,93.34
20250131,RP003,D007,24,2,1,0,1,0,86.5
20250228,RP003,D007,35,0,0,1,2,0,90.86
20250331,RP003,D007,42,0,0,0,0,0,88.77
20250430,RP003,D007,29,1,0,0,1,0,93.44
20250531,RP003,D007,49,0,0,0,4,0,89.0
20250630,RP003,D007,28,0,0,0,0,0,95.37
20250731,RP003,D007,19,1,0,0,1,0,91.14
20250831,RP003,D007,10,1,0,0,0,0,95.48
20250930,RP003,D007,29,0,1,0,2,0,85.75
20251031,RP003,D007,32,2,0,0,0,0,96.18
20251130,RP003,D007,34,1,0,0,2,0,91.4
20251231,RP003,D007,39,1,0,1,3,0,85.29
20260131,RP003,D007,19,1,1,0,1,0,89.92
20260228,RP003,D007,23,0,0,0,1,0,93.28
20260331,RP003,D007,34,2,1,1,0,0,84.82
20260430,RP003,D007,42,3,0,0,0,0,98.62
20260531,RP003,D007,31,4,0,0,2,0,94.52
20250131,RP003,D008,14,3,0,0,1,0,92.28
20250228,RP003,D008,16,1,0,0,0,0,96.98
20250331,RP003,D008,18,1,1,0,0,0,92.18
20250430,RP003,D008,41,2,0,0,1,0,91.34
20250531,RP003,D008,30,3,0,0,2,0,92.48
20250630,RP003,D008,40,3,0,0,3,0,94.2
20250731,RP003,D008,33,1,0,0,0,0,99.0
20250831,RP003,D008,40,4,0,1,1,0,91.87
20250930,RP003,D008,31,2,0,1,2,0,86.38
20251031,RP003,D008,60,2,0,1,1,1,83.28
20251130,RP003,D008,45,0,0,0,1,0,92.64
20251231,RP003,D008,40,2,0,0,0,0,93.81
20260131,RP003,D008,29,3,0,0,2,0,92.78
20260228,RP003,D008,28,4,0,0,3,0,88.22
20260331,RP003,D008,35,3,1,0,2,0,86.13
20260430,RP003,D008,33,1,0,0,0,0,99.0
20260531,RP003,D008,34,0,1,0,0,0,93.78
20250131,RP004,D001,41,3,0,0,0,0,96.41
20250228,RP004,D001,18,2,0,0,1,0,94.73
20250331,RP004,D001,44,3,0,0,1,0,89.26
20250430,RP004,D001,38,0,1,0,2,0,89.82
20250531,RP004,D001,49,5,1,0,0,0,87.87
20250630,RP004,D001,44,0,0,0,1,0,95.97
20250731,RP004,D001,31,2,0,1,0,0,95.71
20250831,RP004,D001,21,0,0,0,0,0,99.0
20250930,RP004,D001,31,3,1,1,0,1,82.08
20251031,RP004,D001,16,0,0,1,2,0,87.35
20251130,RP004,D001,31,0,0,0,0,0,96.12
20251231,RP004,D001,19,2,1,0,1,0,84.0
20260131,RP004,D001,31,0,1,0,1,0,90.39
20260228,RP004,D001,40,2,0,0,1,0,94.86
20260331,RP004,D001,40,4,0,0,2,0,93.55
20260430,RP004,D001,27,2,0,0,3,0,88.95
20260531,RP004,D001,27,2,0,0,1,0,92.55
20250131,RP004,D002,52,3,1,0,1,0,89.95
20250228,RP004,D002,57,1,1,0,1,0,85.62
20250331,RP004,D002,47,2,0,0,2,0,88.35
20250430,RP004,D002,24,1,0,0,2,0,93.15
20250531,RP004,D002,32,0,0,0,1,0,92.23
20250630,RP004,D002,35,2,0,0,2,0,93.17
20250731,RP004,D002,28,5,0,0,1,0,95.68
20250831,RP004,D002,43,4,0,0,2,0,90.25
20250930,RP004,D002,25,0,0,0,0,0,96.87
20251031,RP004,D002,6,1,0,0,2,0,96.77
20251130,RP004,D002,31,0,0,0,1,0,93.71
20251231,RP004,D002,40,0,0,0,1,0,96.04
20260131,RP004,D002,26,2,0,0,2,0,90.0
20260228,RP004,D002,46,4,0,0,0,0,95.77
20260331,RP004,D002,34,7,1,0,1,0,89.26
20260430,RP004,D002,43,0,0,0,1,1,89.09
20260531,RP004,D002,26,1,0,0,2,0,90.62
20250131,RP004,D003,22,0,0,0,0,0,99.0
20250228,RP004,D003,22,2,0,0,1,0,91.68
20250331,RP004,D003,21,2,1,1,4,0,77.18
20250430,RP004,D003,33,4,0,0,1,0,94.8
20250531,RP004,D003,18,1,0,0,1,0,93.58
20250630,RP004,D003,30,2,1,0,1,0,89.18
20250731,RP004,D003,33,4,1,0,1,0,87.47
20250831,RP004,D003,35,0,0,1,0,0,92.39
20250930,RP004,D003,47,0,0,0,0,0,94.86
20251031,RP004,D003,21,2,0,0,1,0,94.63
20251130,RP004,D003,21,2,0,0,1,0,92.7
20251231,RP004,D003,34,4,0,0,1,0,92.31
20260131,RP004,D003,49,2,0,0,3,0,96.21
20260228,RP004,D003,29,4,0,0,1,0,95.13
20260331,RP004,D003,45,2,1,0,2,0,82.95
20260430,RP004,D003,23,1,0,0,1,0,96.55
20260531,RP004,D003,31,0,0,0,1,0,93.55
20250131,RP004,D004,22,0,0,0,0,0,97.04
20250228,RP004,D004,38,1,0,0,1,0,94.88
20250331,RP004,D004,43,4,0,0,1,0,94.14
20250430,RP004,D004,33,4,0,0,0,0,95.78
20250531,RP004,D004,32,1,0,0,2,0,90.75
20250630,RP004,D004,26,0,0,0,0,0,97.1
20250731,RP004,D004,29,3,1,0,2,0,90.47
20250831,RP004,D004,25,1,0,2,0,0,84.16
20250930,RP004,D004,35,1,1,0,2,1,82.66
20251031,RP004,D004,29,0,0,0,0,0,97.46
20251130,RP004,D004,48,3,0,2,2,0,81.39
20251231,RP004,D004,44,0,1,0,1,0,86.95
20260131,RP004,D004,44,3,0,0,0,0,93.41
20260228,RP004,D004,26,5,0,0,0,0,96.29
20260331,RP004,D004,38,5,0,0,2,0,94.74
20260430,RP004,D004,27,2,0,1,1,0,89.16
20260531,RP004,D004,34,2,0,0,1,0,95.45
20250131,RP004,D005,54,4,0,0,1,0,96.94
20250228,RP004,D005,45,3,0,0,1,0,93.61
20250331,RP004,D005,22,2,0,0,1,0,94.6
20250430,RP004,D005,43,2,0,0,0,0,98.26
20250531,RP004,D005,39,2,1,0,1,0,91.14
20250630,RP004,D005,21,3,1,1,2,0,81.93
20250731,RP004,D005,26,0,0,0,1,0,96.02
20250831,RP004,D005,29,3,0,1,1,1,84.2
20250930,RP004,D005,36,3,2,1,0,0,82.56
20251031,RP004,D005,20,0,0,0,1,0,94.79
20251130,RP004,D005,23,5,0,0,0,0,95.82
20251231,RP004,D005,45,3,0,0,1,0,92.58
20260131,RP004,D005,47,4,0,0,0,0,95.88
20260228,RP004,D005,15,2,0,0,1,0,93.83
20260331,RP004,D005,38,1,0,0,1,0,94.2
20260430,RP004,D005,35,0,0,0,1,0,94.17
20260531,RP004,D005,19,2,0,0,3,0,86.98
20250131,RP004,D006,31,0,0,0,2,0,90.55
20250228,RP004,D006,37,2,0,0,0,0,98.95
20250331,RP004,D006,49,1,1,0,2,0,84.81
20250430,RP004,D006,25,3,0,0,2,0,87.1
20250531,RP004,D006,24,4,1,0,3,0,82.96
20250630,RP004,D006,54,3,0,0,1,0,90.94
20250731,RP004,D006,40,0,1,0,2,0,87.55
20250831,RP004,D006,44,3,0,1,1,0,90.3
20250930,RP004,D006,38,2,0,0,1,0,96.63
20251031,RP004,D006,42,1,1,0,1,0,88.12
20251130,RP004,D006,38,3,0,0,2,0,91.73
20251231,RP004,D006,41,5,0,0,1,0,99.0
20260131,RP004,D006,41,0,0,0,2,0,93.43
20260228,RP004,D006,34,0,0,0,2,0,90.57
20260331,RP004,D006,13,4,1,0,1,0,86.67
20260430,RP004,D006,28,2,0,0,0,0,97.05
20260531,RP004,D006,51,2,0,0,0,0,97.81
20250131,RP004,D007,21,4,0,1,2,0,92.38
20250228,RP004,D007,41,1,0,0,2,0,91.58
20250331,RP004,D007,38,5,1,0,1,0,95.25
20250430,RP004,D007,19,4,0,0,1,0,93.2
20250531,RP004,D007,18,3,0,0,2,1,83.02
20250630,RP004,D007,19,1,0,0,0,0,91.72
20250731,RP004,D007,16,1,0,0,2,1,81.13
20250831,RP004,D007,47,0,0,0,0,0,93.41
20250930,RP004,D007,22,1,0,1,0,0,91.22
20251031,RP004,D007,39,2,0,0,2,0,90.86
20251130,RP004,D007,22,1,0,1,2,0,91.5
20251231,RP004,D007,38,2,1,0,1,0,89.34
20260131,RP004,D007,42,0,0,0,0,0,94.35
20260228,RP004,D007,25,2,0,0,0,0,95.44
20260331,RP004,D007,33,3,0,0,1,0,91.35
20260430,RP004,D007,22,0,0,0,0,0,95.59
20260531,RP004,D007,38,3,0,1,1,0,87.1
20250131,RP004,D008,37,2,0,1,1,0,90.64
20250228,RP004,D008,54,2,0,0,2,0,95.76
20250331,RP004,D008,33,3,0,1,1,0,89.84
20250430,RP004,D008,36,0,0,0,2,0,94.04
20250531,RP004,D008,43,3,0,1,1,0,92.46
20250630,RP004,D008,30,1,0,0,1,0,92.9
20250731,RP004,D008,26,4,0,1,2,0,89.57
20250831,RP004,D008,20,0,0,0,3,0,87.21
20250930,RP004,D008,29,3,0,0,2,0,89.99
20251031,RP004,D008,30,0,0,0,2,0,89.05
20251130,RP004,D008,36,1,0,0,1,0,94.46
20251231,RP004,D008,31,5,0,0,0,0,94.21
20260131,RP004,D008,17,2,0,0,0,0,92.47
20260228,RP004,D008,47,0,0,0,2,0,93.55
20260331,RP004,D008,32,1,0,0,0,0,95.14
20260430,RP004,D008,35,0,0,0,2,0,89.45
20260531,RP004,D008,28,2,0,0,2,0,91.54
20250131,RP005,D001,27,5,0,0,2,0,90.64
20250228,RP005,D001,49,6,0,0,0,0,93.24
20250331,RP005,D001,33,6,1,0,0,0,91.59
20250430,RP005,D001,24,6,0,1,0,0,97.18
20250531,RP005,D001,42,5,0,2,1,0,86.39
20250630,RP005,D001,48,6,0,2,1,0,85.85
20250731,RP005,D001,51,1,0,0,1,0,96.35
20250831,RP005,D001,21,7,0,1,0,0,92.66
20250930,RP005,D001,17,1,0,0,1,0,92.95
20251031,RP005,D001,17,4,0,0,2,0,91.04
20251130,RP005,D001,21,6,1,1,1,0,83.37
20251231,RP005,D001,35,7,0,0,0,0,94.12
20260131,RP005,D001,29,4,1,0,1,1,85.41
20260228,RP005,D001,16,7,0,1,1,0,89.26
20260331,RP005,D001,31,8,0,0,0,0,95.87
20260430,RP005,D001,45,5,0,3,2,0,75.0
20260531,RP005,D001,38,3,1,1,0,0,86.79
20250131,RP005,D002,35,4,0,0,0,0,99.0
20250228,RP005,D002,49,5,0,0,0,0,94.33
20250331,RP005,D002,29,7,0,0,0,0,95.12
20250430,RP005,D002,25,4,0,0,1,0,93.3
20250531,RP005,D002,8,1,0,0,0,0,92.54
20250630,RP005,D002,24,2,0,1,0,0,85.45
20250731,RP005,D002,29,5,0,1,0,0,90.45
20250831,RP005,D002,24,3,0,0,1,0,93.36
20250930,RP005,D002,35,5,0,0,0,0,91.13
20251031,RP005,D002,55,3,0,0,0,0,93.33
20251130,RP005,D002,30,4,0,0,0,0,93.28
20251231,RP005,D002,46,4,0,0,0,0,95.93
20260131,RP005,D002,31,2,0,0,1,0,92.09
20260228,RP005,D002,56,4,0,1,1,0,90.39
20260331,RP005,D002,38,1,0,1,2,0,86.32
20260430,RP005,D002,46,7,0,0,0,0,95.13
20260531,RP005,D002,22,3,1,0,0,0,88.64
20250131,RP005,D003,45,5,0,1,1,0,90.83
20250228,RP005,D003,35,3,2,2,0,0,78.15
20250331,RP005,D003,25,5,0,1,1,0,88.7
20250430,RP005,D003,21,9,0,0,0,0,97.69
20250531,RP005,D003,38,4,0,0,1,0,92.83
20250630,RP005,D003,39,7,0,0,1,0,89.95
20250731,RP005,D003,31,5,0,0,1,0,94.16
20250831,RP005,D003,39,4,0,0,1,1,87.4
20250930,RP005,D003,33,7,0,1,1,0,87.51
20251031,RP005,D003,40,7,0,0,3,0,92.06
20251130,RP005,D003,33,5,1,0,0,0,90.29
20251231,RP005,D003,33,4,0,0,2,0,96.88
20260131,RP005,D003,17,4,0,0,1,0,92.7
20260228,RP005,D003,25,4,0,0,1,0,95.26
20260331,RP005,D003,49,1,0,1,1,1,77.83
20260430,RP005,D003,36,6,0,0,0,0,98.11
20260531,RP005,D003,37,6,0,0,0,0,97.35
20250131,RP005,D004,31,6,0,0,1,0,94.87
20250228,RP005,D004,28,4,0,0,2,0,93.1
20250331,RP005,D004,25,7,0,0,2,0,93.68
20250430,RP005,D004,38,5,0,1,2,0,90.3
20250531,RP005,D004,25,2,1,1,0,0,87.47
20250630,RP005,D004,34,5,1,1,0,0,89.2
20250731,RP005,D004,23,5,1,1,1,0,84.2
20250831,RP005,D004,43,5,0,1,1,0,88.69
20250930,RP005,D004,29,7,1,0,1,0,88.62
20251031,RP005,D004,38,7,0,0,0,0,92.65
20251130,RP005,D004,25,6,0,0,3,0,86.53
20251231,RP005,D004,25,3,0,1,0,0,90.41
20260131,RP005,D004,28,3,0,0,1,0,93.35
20260228,RP005,D004,34,3,0,1,0,0,95.25
20260331,RP005,D004,50,3,0,1,0,0,92.08
20260430,RP005,D004,48,2,0,0,1,1,87.67
20260531,RP005,D004,29,4,0,0,2,0,87.48
20250131,RP005,D005,21,2,0,1,0,0,93.8
20250228,RP005,D005,50,4,1,1,0,0,87.63
20250331,RP005,D005,35,8,0,1,0,1,85.1
20250430,RP005,D005,24,9,0,1,0,0,91.52
20250531,RP005,D005,23,3,0,1,1,0,91.84
20250630,RP005,D005,37,5,0,2,0,0,89.79
20250731,RP005,D005,53,6,0,0,1,0,96.38
20250831,RP005,D005,45,6,0,0,0,0,95.88
20250930,RP005,D005,37,5,0,0,0,0,94.09
20251031,RP005,D005,51,5,0,0,0,0,94.53
20251130,RP005,D005,33,5,0,1,0,0,97.12
20251231,RP005,D005,49,4,0,1,1,0,90.83
20260131,RP005,D005,32,4,0,1,1,0,92.33
20260228,RP005,D005,30,2,0,0,0,0,98.45
20260331,RP005,D005,32,4,0,1,0,0,91.85
20260430,RP005,D005,37,5,0,1,0,0,93.59
20260531,RP005,D005,36,5,0,0,0,0,94.34
20250131,RP005,D006,29,1,0,0,0,0,99.0
20250228,RP005,D006,22,6,0,0,0,0,98.38
20250331,RP005,D006,19,3,1,0,1,0,89.23
20250430,RP005,D006,47,3,1,1,2,0,86.28
20250531,RP005,D006,45,3,0,2,0,0,89.92
20250630,RP005,D006,41,4,1,0,2,0,87.28
20250731,RP005,D006,38,5,0,0,1,0,95.29
20250831,RP005,D006,10,6,0,0,1,0,94.22
20250930,RP005,D006,27,4,0,0,1,0,94.21
20251031,RP005,D006,32,5,0,0,0,0,98.19
20251130,RP005,D006,23,4,0,2,1,0,85.4
20251231,RP005,D006,18,0,1,0,0,0,90.25
20260131,RP005,D006,7,5,2,2,1,0,72.58
20260228,RP005,D006,39,3,0,1,1,0,92.83
20260331,RP005,D006,43,0,1,2,0,0,80.86
20260430,RP005,D006,31,4,1,2,1,0,77.97
20260531,RP005,D006,33,3,0,1,0,0,89.1
20250131,RP005,D007,41,7,1,0,0,0,90.53
20250228,RP005,D007,29,2,0,0,0,0,96.16
20250331,RP005,D007,24,4,0,0,1,0,94.65
20250430,RP005,D007,22,3,0,1,0,0,86.84
20250531,RP005,D007,36,2,0,0,1,1,87.28
20250630,RP005,D007,43,5,0,0,0,0,97.1
20250731,RP005,D007,32,5,0,0,0,0,93.47
20250831,RP005,D007,37,2,0,2,0,0,89.74
20250930,RP005,D007,31,4,0,0,2,0,89.54
20251031,RP005,D007,44,4,2,1,1,0,84.6
20251130,RP005,D007,47,3,0,0,0,0,97.22
20251231,RP005,D007,64,5,1,0,0,0,84.69
20260131,RP005,D007,39,9,0,0,0,0,95.81
20260228,RP005,D007,19,7,0,1,0,0,87.74
20260331,RP005,D007,29,1,0,1,0,0,91.43
20260430,RP005,D007,18,4,0,1,0,0,99.0
20260531,RP005,D007,39,3,0,0,0,0,96.75
20250131,RP005,D008,18,3,0,1,2,0,89.28
20250228,RP005,D008,57,4,0,0,1,0,92.84
20250331,RP005,D008,46,3,0,0,0,0,97.58
20250430,RP005,D008,27,6,0,1,2,0,86.76
20250531,RP005,D008,21,4,0,0,0,0,95.86
20250630,RP005,D008,43,4,0,1,0,0,86.79
20250731,RP005,D008,40,7,0,0,0,0,95.93
20250831,RP005,D008,30,7,0,1,2,0,84.91
20250930,RP005,D008,16,4,0,2,0,0,91.63
20251031,RP005,D008,42,2,1,1,2,0,83.8
20251130,RP005,D008,33,4,0,0,0,0,98.51
20251231,RP005,D008,26,4,0,2,2,0,85.17
20260131,RP005,D008,33,4,0,1,0,0,90.61
20260228,RP005,D008,58,7,0,0,0,0,96.65
20260331,RP005,D008,27,7,1,0,0,1,81.26
20260430,RP005,D008,55,6,0,1,1,0,92.84
20260531,RP005,D008,48,4,0,1,0,0,90.18
20250131,RP006,D001,59,5,1,0,1,0,88.41
20250228,RP006,D001,56,1,0,1,0,0,89.6
20250331,RP006,D001,64,4,1,0,1,0,90.37
20250430,RP006,D001,36,3,0,0,0,0,92.79
20250531,RP006,D001,59,3,0,0,0,0,94.61
20250630,RP006,D001,71,2,0,2,0,0,85.86
20250731,RP006,D001,68,1,0,0,0,0,96.81
20250831,RP006,D001,46,2,0,0,1,0,97.5
20250930,RP006,D001,67,6,0,1,2,1,82.23
20251031,RP006,D001,30,2,0,0,1,0,94.61
20251130,RP006,D001,45,5,0,0,0,0,97.28
20251231,RP006,D001,40,4,0,0,2,0,94.62
20260131,RP006,D001,70,4,0,0,0,0,95.55
20260228,RP006,D001,48,7,0,0,0,0,99.0
20260331,RP006,D001,75,4,1,0,1,0,91.76
20260430,RP006,D001,44,5,0,0,1,0,94.86
20260531,RP006,D001,69,5,0,0,0,0,99.0
20250131,RP006,D002,39,5,0,0,0,0,99.0
20250228,RP006,D002,54,0,0,0,0,0,99.0
20250331,RP006,D002,59,2,2,0,0,0,85.87
20250430,RP006,D002,57,5,1,0,1,0,89.43
20250531,RP006,D002,68,3,0,1,0,0,94.1
20250630,RP006,D002,66,9,0,1,1,0,85.26
20250731,RP006,D002,58,5,0,2,1,0,90.97
20250831,RP006,D002,48,8,0,0,2,0,90.15
20250930,RP006,D002,53,3,0,0,1,0,92.43
20251031,RP006,D002,52,8,0,0,0,0,99.0
20251130,RP006,D002,58,7,1,0,1,0,91.37
20251231,RP006,D002,62,3,0,0,0,0,94.64
20260131,RP006,D002,56,3,0,1,2,0,92.79
20260228,RP006,D002,52,3,0,0,0,0,96.39
20260331,RP006,D002,30,2,0,0,0,0,96.32
20260430,RP006,D002,31,4,0,2,1,0,83.75
20260531,RP006,D002,55,4,0,2,1,0,80.39
20250131,RP006,D003,76,4,0,0,1,0,94.72
20250228,RP006,D003,61,2,1,0,1,0,86.5
20250331,RP006,D003,49,3,0,3,0,0,84.94
20250430,RP006,D003,36,4,0,0,0,0,96.69
20250531,RP006,D003,70,6,0,0,1,0,97.44
20250630,RP006,D003,45,6,1,1,0,0,87.63
20250731,RP006,D003,56,3,0,0,1,0,96.58
20250831,RP006,D003,57,0,0,1,0,0,90.79
20250930,RP006,D003,53,4,1,3,0,0,73.58
20251031,RP006,D003,41,3,0,2,0,0,87.02
20251130,RP006,D003,42,1,0,0,1,0,94.8
20251231,RP006,D003,52,1,0,0,0,0,97.25
20260131,RP006,D003,51,5,0,1,0,0,91.39
20260228,RP006,D003,63,6,1,0,0,0,86.09
20260331,RP006,D003,61,4,0,0,1,0,94.93
20260430,RP006,D003,64,6,0,0,0,0,96.06
20260531,RP006,D003,66,5,0,1,1,0,88.34
20250131,RP006,D004,55,6,0,0,0,0,99.0
20250228,RP006,D004,61,5,0,0,0,0,99.0
20250331,RP006,D004,48,7,0,2,0,0,87.12
20250430,RP006,D004,60,2,0,1,0,0,93.4
20250531,RP006,D004,60,2,0,2,1,0,85.64
20250630,RP006,D004,50,3,2,0,2,0,80.63
20250731,RP006,D004,62,5,0,0,0,0,99.0
20250831,RP006,D004,43,6,0,0,1,0,94.08
20250930,RP006,D004,58,5,1,1,0,0,88.51
20251031,RP006,D004,70,2,0,0,0,0,96.45
20251130,RP006,D004,42,7,0,0,0,0,97.83
20251231,RP006,D004,62,6,0,0,1,0,96.17
20260131,RP006,D004,65,4,0,1,0,0,94.46
20260228,RP006,D004,63,3,0,0,3,0,88.37
20260331,RP006,D004,63,1,0,0,0,0,93.35
20260430,RP006,D004,41,5,1,2,0,0,84.49
20260531,RP006,D004,45,7,0,0,1,0,94.0
20250131,RP006,D005,48,7,0,1,0,0,92.15
20250228,RP006,D005,44,2,0,1,1,0,89.16
20250331,RP006,D005,52,6,1,1,0,0,89.88
20250430,RP006,D005,49,5,0,2,1,0,90.82
20250531,RP006,D005,64,2,0,1,1,0,88.72
20250630,RP006,D005,43,5,0,1,1,0,88.93
20250731,RP006,D005,63,1,0,1,1,0,87.13
20250831,RP006,D005,46,7,0,0,0,0,99.0
20250930,RP006,D005,60,5,0,1,2,0,93.82
20251031,RP006,D005,51,4,0,0,0,0,95.56
20251130,RP006,D005,55,7,2,0,1,0,85.19
20251231,RP006,D005,58,3,0,0,1,0,94.73
20260131,RP006,D005,60,6,0,0,1,0,90.52
20260228,RP006,D005,66,5,0,0,0,0,93.95
20260331,RP006,D005,58,6,0,1,0,0,91.99
20260430,RP006,D005,42,6,0,1,0,0,90.78
20260531,RP006,D005,47,2,0,0,0,0,97.35
20250131,RP006,D006,31,4,0,0,0,0,91.47
20250228,RP006,D006,65,8,2,0,0,0,89.56
20250331,RP006,D006,57,6,1,1,2,0,85.11
20250430,RP006,D006,49,9,0,0,1,0,90.91
20250531,RP006,D006,56,6,0,0,0,0,97.96
20250630,RP006,D006,70,6,0,0,1,0,95.26
20250731,RP006,D006,57,6,0,2,1,0,83.24
20250831,RP006,D006,51,4,0,1,1,0,96.33
20250930,RP006,D006,60,5,0,0,0,0,93.62
20251031,RP006,D006,53,4,0,1,1,0,90.92
20251130,RP006,D006,43,6,0,0,1,0,96.55
20251231,RP006,D006,40,5,0,0,0,0,98.27
20260131,RP006,D006,57,3,0,1,0,0,92.74
20260228,RP006,D006,77,3,0,0,0,0,98.67
20260331,RP006,D006,76,4,0,1,0,0,92.48
20260430,RP006,D006,57,2,0,1,2,0,88.28
20260531,RP006,D006,69,5,0,1,2,0,89.43
20250131,RP006,D007,59,4,0,1,0,0,91.42
20250228,RP006,D007,57,2,1,2,1,0,83.62
20250331,RP006,D007,60,3,1,0,1,1,80.61
20250430,RP006,D007,41,6,0,1,0,0,91.22
20250531,RP006,D007,52,5,0,0,1,0,97.33
20250630,RP006,D007,58,2,0,1,0,0,94.87
20250731,RP006,D007,52,4,0,1,0,0,89.15
20250831,RP006,D007,55,5,0,1,1,0,89.2
20250930,RP006,D007,54,3,0,1,1,0,94.89
20251031,RP006,D007,68,4,0,0,1,0,95.77
20251130,RP006,D007,64,2,0,0,1,0,99.0
20251231,RP006,D007,55,2,1,0,1,0,91.43
20260131,RP006,D007,53,0,0,0,0,1,90.55
20260228,RP006,D007,54,4,0,1,1,0,91.67
20260331,RP006,D007,52,4,0,0,0,0,95.45
20260430,RP006,D007,70,6,1,1,1,0,83.71
20260531,RP006,D007,59,5,0,1,0,0,93.69
20250131,RP006,D008,52,4,0,1,1,0,92.04
20250228,RP006,D008,73,3,1,0,3,0,85.05
20250331,RP006,D008,56,4,0,3,1,0,80.45
20250430,RP006,D008,60,3,0,0,1,0,91.12
20250531,RP006,D008,31,3,0,0,1,0,93.72
20250630,RP006,D008,47,5,0,1,0,0,96.56
20250731,RP006,D008,32,3,0,0,0,0,93.32
20250831,RP006,D008,36,7,1,0,0,0,86.82
20250930,RP006,D008,56,6,0,1,0,0,92.34
20251031,RP006,D008,63,6,0,1,0,0,93.06
20251130,RP006,D008,64,2,1,1,3,0,79.17
20251231,RP006,D008,59,3,0,1,1,0,89.99
20260131,RP006,D008,74,2,0,1,1,0,85.24
20260228,RP006,D008,54,5,0,1,0,0,90.94
20260331,RP006,D008,65,4,0,1,1,1,77.36
20260430,RP006,D008,54,2,0,0,0,0,97.54
20260531,RP006,D008,68,4,1,0,1,0,85.63
20250131,RP007,D001,39,0,0,0,0,0,94.22
20250228,RP007,D001,15,1,1,0,2,0,86.74
20250331,RP007,D001,8,0,1,0,1,1,83.05
20250430,RP007,D001,39,5,0,0,1,0,93.49
20250531,RP007,D001,15,0,0,0,1,0,91.72
20250630,RP007,D001,41,1,1,0,2,0,85.46
20250731,RP007,D001,33,0,0,0,0,0,94.29
20250831,RP007,D001,28,0,1,0,0,0,91.21
20250930,RP007,D001,49,0,0,2,0,0,91.72
20251031,RP007,D001,37,0,0,0,0,0,95.51
20251130,RP007,D001,54,0,0,1,1,0,93.39
20251231,RP007,D001,37,0,1,0,3,0,85.12
20260131,RP007,D001,22,6,0,0,0,0,93.86
20260228,RP007,D001,12,1,0,0,0,0,93.23
20260331,RP007,D001,33,1,0,0,0,0,97.71
20260430,RP007,D001,23,0,0,0,1,0,97.21
20260531,RP007,D001,37,1,0,0,2,0,86.21
20250131,RP007,D002,29,0,0,0,1,0,96.21
20250228,RP007,D002,43,0,1,0,4,0,80.28
20250331,RP007,D002,48,2,0,0,1,0,94.65
20250430,RP007,D002,15,2,0,0,1,0,89.6
20250531,RP007,D002,42,1,2,0,2,0,82.76
20250630,RP007,D002,33,2,0,0,1,0,95.53
20250731,RP007,D002,17,4,0,0,1,0,91.72
20250831,RP007,D002,27,2,0,0,1,0,91.9
20250930,RP007,D002,33,0,1,0,2,0,90.05
20251031,RP007,D002,43,0,0,2,3,0,79.96
20251130,RP007,D002,36,0,0,1,2,0,88.93
20251231,RP007,D002,30,3,0,0,0,0,88.53
20260131,RP007,D002,35,0,0,0,0,0,99.0
20260228,RP007,D002,35,1,0,0,0,0,94.96
20260331,RP007,D002,43,2,0,0,1,0,96.8
20260430,RP007,D002,70,2,0,0,0,0,92.41
20260531,RP007,D002,28,3,0,0,0,0,96.95
20250131,RP007,D003,45,6,1,1,2,0,81.66
20250228,RP007,D003,30,4,0,0,3,0,89.9
20250331,RP007,D003,27,3,0,0,1,0,95.84
20250430,RP007,D003,19,3,0,0,1,0,91.12
20250531,RP007,D003,28,2,0,0,1,0,95.96
20250630,RP007,D003,23,2,0,0,1,0,95.02
20250731,RP007,D003,41,1,1,0,0,0,87.62
20250831,RP007,D003,22,3,0,0,0,1,87.89
20250930,RP007,D003,4,3,0,0,1,0,94.5
20251031,RP007,D003,39,4,1,0,1,0,94.1
20251130,RP007,D003,35,0,0,1,0,0,90.66
20251231,RP007,D003,33,3,0,0,1,0,94.29
20260131,RP007,D003,29,4,0,1,1,0,92.95
20260228,RP007,D003,30,4,0,0,1,0,96.96
20260331,RP007,D003,39,1,1,0,2,0,85.04
20260430,RP007,D003,53,2,0,0,2,0,93.91
20260531,RP007,D003,21,3,1,1,0,0,89.99
20250131,RP007,D004,44,0,0,1,0,0,93.05
20250228,RP007,D004,44,1,0,0,2,0,93.3
20250331,RP007,D004,18,0,0,0,1,0,94.65
20250430,RP007,D004,20,0,1,1,1,0,83.21
20250531,RP007,D004,38,1,0,1,2,0,84.76
20250630,RP007,D004,38,5,0,0,1,0,94.46
20250731,RP007,D004,38,5,0,1,1,0,94.47
20250831,RP007,D004,33,2,0,0,1,0,91.47
20250930,RP007,D004,24,0,1,0,1,0,88.8
20251031,RP007,D004,53,3,0,0,1,0,94.06
20251130,RP007,D004,45,0,0,0,2,0,91.79
20251231,RP007,D004,54,1,0,1,0,0,97.19
20260131,RP007,D004,28,1,0,0,2,0,88.93
20260228,RP007,D004,19,0,1,0,1,0,92.83
20260331,RP007,D004,49,1,0,0,1,0,93.82
20260430,RP007,D004,19,1,0,1,0,0,90.49
20260531,RP007,D004,19,3,0,0,1,0,95.61
20250131,RP007,D005,29,2,0,0,1,0,92.22
20250228,RP007,D005,28,2,1,0,2,0,88.46
20250331,RP007,D005,18,0,1,1,1,0,82.35
20250430,RP007,D005,37,0,0,1,1,0,92.34
20250531,RP007,D005,14,5,1,0,1,0,88.27
20250630,RP007,D005,31,3,1,1,1,0,82.57
20250731,RP007,D005,35,3,1,0,1,0,88.33
20250831,RP007,D005,42,2,1,0,0,0,90.09
20250930,RP007,D005,38,3,1,0,3,0,84.85
20251031,RP007,D005,47,0,0,0,2,0,89.88
20251130,RP007,D005,19,2,0,0,1,0,97.83
20251231,RP007,D005,48,1,0,1,0,0,88.81
20260131,RP007,D005,40,3,1,0,1,0,93.54
20260228,RP007,D005,25,0,0,1,2,0,87.4
20260331,RP007,D005,25,2,0,0,1,0,93.47
20260430,RP007,D005,46,3,0,0,1,0,95.81
20260531,RP007,D005,38,4,0,0,0,0,96.83
20250131,RP007,D006,34,2,1,0,3,0,81.83
20250228,RP007,D006,37,0,0,0,1,0,99.0
20250331,RP007,D006,32,1,0,0,1,0,91.7
20250430,RP007,D006,30,3,0,0,0,0,95.11
20250531,RP007,D006,26,0,0,0,2,0,88.3
20250630,RP007,D006,30,5,0,0,1,0,91.7
20250731,RP007,D006,31,1,0,0,1,0,91.67
20250831,RP007,D006,48,1,0,1,1,0,86.56
20250930,RP007,D006,40,3,0,0,2,0,92.98
20251031,RP007,D006,29,4,0,0,1,1,84.5
20251130,RP007,D006,35,0,0,0,2,0,93.19
20251231,RP007,D006,44,3,1,1,0,0,85.33
20260131,RP007,D006,23,2,1,1,0,0,83.36
20260228,RP007,D006,37,3,0,0,0,0,99.0
20260331,RP007,D006,24,1,0,0,3,0,91.83
20260430,RP007,D006,30,1,0,1,3,0,87.24
20260531,RP007,D006,23,2,0,0,2,0,93.58
20250131,RP007,D007,22,0,0,1,2,0,90.49
20250228,RP007,D007,46,0,0,0,1,0,95.16
20250331,RP007,D007,34,0,1,0,2,0,87.64
20250430,RP007,D007,40,0,1,0,2,0,83.59
20250531,RP007,D007,49,1,0,0,2,0,91.94
20250630,RP007,D007,17,1,1,0,0,0,92.86
20250731,RP007,D007,42,2,0,1,3,0,85.7
20250831,RP007,D007,18,0,0,0,3,0,87.08
20250930,RP007,D007,36,3,0,1,2,0,87.15
20251031,RP007,D007,24,4,0,1,2,0,85.0
20251130,RP007,D007,39,2,0,1,0,0,90.33
20251231,RP007,D007,46,3,0,0,3,0,89.67
20260131,RP007,D007,19,0,0,0,1,0,95.68
20260228,RP007,D007,18,0,0,0,0,0,97.55
20260331,RP007,D007,35,3,1,0,0,0,93.52
20260430,RP007,D007,39,2,0,0,0,0,91.53
20260531,RP007,D007,39,0,0,0,1,0,95.05
20250131,RP007,D008,40,0,0,0,0,0,96.84
20250228,RP007,D008,35,1,0,0,2,0,96.89
20250331,RP007,D008,46,0,0,0,2,0,94.79
20250430,RP007,D008,54,2,1,0,1,0,89.71
20250531,RP007,D008,33,1,0,0,0,0,99.0
20250630,RP007,D008,38,4,0,0,0,0,97.41
20250731,RP007,D008,38,0,0,0,1,0,89.36
20250831,RP007,D008,28,2,1,0,2,0,89.46
20250930,RP007,D008,41,1,0,2,2,0,83.1
20251031,RP007,D008,42,3,1,1,0,0,83.08
20251130,RP007,D008,33,7,0,0,0,0,97.63
20251231,RP007,D008,29,3,0,0,0,0,96.56
20260131,RP007,D008,52,0,0,0,1,0,94.19
20260228,RP007,D008,43,0,0,1,2,0,88.38
20260331,RP007,D008,23,0,1,0,1,1,78.71
20260430,RP007,D008,37,3,0,0,1,0,91.78
20260531,RP007,D008,53,2,0,0,0,0,94.11
20250131,RP008,D001,41,5,1,1,1,0,85.04
20250228,RP008,D001,37,2,0,1,2,0,86.73
20250331,RP008,D001,42,6,0,0,2,1,81.49
20250430,RP008,D001,33,6,1,1,1,0,85.66
20250531,RP008,D001,43,1,0,1,1,1,84.3
20250630,RP008,D001,30,7,2,0,2,0,78.55
20250731,RP008,D001,50,3,1,1,1,0,88.42
20250831,RP008,D001,28,1,2,1,3,0,74.25
20250930,RP008,D001,21,7,0,0,1,0,95.83
20251031,RP008,D001,46,6,1,0,0,0,89.31
20251130,RP008,D001,34,6,0,0,0,0,96.31
20251231,RP008,D001,34,3,1,3,2,0,76.12
20260131,RP008,D001,15,6,0,0,0,0,98.14
20260228,RP008,D001,42,3,2,2,2,0,72.12
20260331,RP008,D001,29,3,0,0,2,0,90.02
20260430,RP008,D001,34,5,0,0,1,1,83.91
20260531,RP008,D001,42,5,1,0,1,0,90.81
20250131,RP008,D002,24,3,0,1,1,1,84.99
20250228,RP008,D002,60,7,1,1,1,1,76.33
20250331,RP008,D002,35,5,1,2,0,1,80.26
20250430,RP008,D002,34,6,0,0,3,1,79.89
20250531,RP008,D002,31,8,1,0,2,0,89.88
20250630,RP008,D002,45,6,1,1,3,0,80.05
20250731,RP008,D002,31,5,0,1,0,0,90.09
20250831,RP008,D002,53,9,0,0,1,0,90.13
20250930,RP008,D002,21,11,0,0,2,0,91.66
20251031,RP008,D002,27,6,1,0,0,0,96.54
20251130,RP008,D002,42,5,1,1,2,0,85.68
20251231,RP008,D002,35,5,1,1,0,0,90.84
20260131,RP008,D002,28,5,1,0,2,1,79.12
20260228,RP008,D002,30,4,1,0,4,0,83.56
20260331,RP008,D002,42,3,0,1,2,0,88.68
20260430,RP008,D002,12,3,0,0,2,0,90.82
20260531,RP008,D002,12,6,0,0,2,0,91.2
20250131,RP008,D003,28,3,0,1,2,0,88.75
20250228,RP008,D003,51,2,0,1,0,0,94.14
20250331,RP008,D003,16,3,1,0,0,0,88.25
20250430,RP008,D003,21,3,0,2,1,1,81.04
20250531,RP008,D003,33,7,1,0,2,0,89.66
20250630,RP008,D003,54,8,0,2,0,0,86.42
20250731,RP008,D003,42,8,1,0,1,1,83.9
20250831,RP008,D003,35,5,0,2,0,0,88.05
20250930,RP008,D003,41,3,1,0,0,0,92.45
20251031,RP008,D003,46,7,0,1,0,0,91.93
20251130,RP008,D003,32,3,1,0,2,0,90.42
20251231,RP008,D003,33,3,2,0,3,0,77.85
20260131,RP008,D003,33,2,1,1,2,0,84.86
20260228,RP008,D003,41,6,0,1,2,1,75.5
20260331,RP008,D003,30,0,1,1,0,0,88.57
20260430,RP008,D003,44,1,1,0,1,0,89.82
20260531,RP008,D003,46,4,0,1,4,0,87.57
20250131,RP008,D004,48,4,0,1,1,0,93.3
20250228,RP008,D004,23,4,0,1,0,0,92.09
20250331,RP008,D004,29,4,0,1,0,1,83.09
20250430,RP008,D004,43,4,1,1,0,0,83.86
20250531,RP008,D004,47,2,2,0,0,0,89.12
20250630,RP008,D004,47,0,1,0,0,1,85.55
20250731,RP008,D004,39,3,1,0,1,0,89.36
20250831,RP008,D004,33,4,1,1,1,0,85.46
20250930,RP008,D004,46,5,0,1,1,0,91.36
20251031,RP008,D004,38,6,0,1,2,0,82.28
20251130,RP008,D004,64,5,1,0,1,0,84.87
20251231,RP008,D004,14,3,1,1,2,1,77.21
20260131,RP008,D004,38,8,0,0,1,0,93.67
20260228,RP008,D004,15,2,1,2,0,0,82.02
20260331,RP008,D004,8,6,0,0,1,0,94.65
20260430,RP008,D004,10,3,1,0,0,0,93.62
20260531,RP008,D004,42,6,1,1,1,0,85.2
20250131,RP008,D005,32,4,1,0,1,0,88.82
20250228,RP008,D005,41,5,1,0,1,0,90.65
20250331,RP008,D005,36,5,1,0,2,0,89.02
20250430,RP008,D005,52,5,0,1,1,1,85.06
20250531,RP008,D005,45,3,0,1,3,0,83.64
20250630,RP008,D005,24,6,0,0,3,0,87.95
20250731,RP008,D005,44,5,0,1,1,0,89.97
20250831,RP008,D005,34,7,0,0,2,0,92.6
20250930,RP008,D005,40,6,0,0,1,0,92.53
20251031,RP008,D005,39,6,0,0,2,1,85.2
20251130,RP008,D005,39,3,0,0,2,0,91.33
20251231,RP008,D005,48,5,1,1,0,0,86.79
20260131,RP008,D005,39,4,1,0,4,1,75.42
20260228,RP008,D005,21,5,0,1,1,0,87.47
20260331,RP008,D005,37,4,0,0,1,0,94.94
20260430,RP008,D005,49,4,1,0,0,0,90.39
20260531,RP008,D005,28,4,1,0,2,1,75.68
20250131,RP008,D006,43,3,0,1,0,0,92.87
20250228,RP008,D006,28,1,0,0,2,1,87.25
20250331,RP008,D006,40,6,2,1,0,0,81.39
20250430,RP008,D006,33,5,1,0,2,0,83.82
20250531,RP008,D006,22,1,0,0,3,1,79.82
20250630,RP008,D006,24,6,1,2,0,0,81.59
20250731,RP008,D006,46,3,1,0,1,0,90.44
20250831,RP008,D006,47,3,0,1,3,0,86.28
20250930,RP008,D006,26,4,1,1,0,0,83.18
20251031,RP008,D006,56,1,1,0,1,0,89.39
20251130,RP008,D006,43,2,0,2,1,0,88.73
20251231,RP008,D006,35,3,1,0,2,0,88.21
20260131,RP008,D006,17,10,1,1,0,0,85.4
20260228,RP008,D006,21,1,1,0,0,0,88.03
20260331,RP008,D006,41,4,1,1,0,0,83.61
20260430,RP008,D006,30,2,1,1,2,0,83.95
20260531,RP008,D006,28,1,0,1,2,0,90.49
20250131,RP008,D007,27,4,1,2,1,0,80.96
20250228,RP008,D007,25,1,1,0,1,0,87.83
20250331,RP008,D007,51,7,1,0,1,0,84.15
20250430,RP008,D007,38,7,1,1,0,0,83.62
20250531,RP008,D007,35,9,0,2,2,0,82.66
20250630,RP008,D007,29,7,3,0,1,0,76.59
20250731,RP008,D007,20,4,0,2,2,1,75.37
20250831,RP008,D007,36,6,0,2,1,0,85.41
20250930,RP008,D007,36,7,0,0,1,0,93.67
20251031,RP008,D007,33,4,0,0,1,0,94.46
20251130,RP008,D007,29,7,0,0,0,0,94.4
20251231,RP008,D007,41,7,0,0,1,1,82.52
20260131,RP008,D007,45,9,0,0,0,0,98.94
20260228,RP008,D007,25,4,0,0,3,0,92.23
20260331,RP008,D007,45,3,1,1,1,0,86.43
20260430,RP008,D007,13,7,0,0,0,0,91.39
20260531,RP008,D007,37,2,1,0,0,1,80.0
20250131,RP008,D008,44,7,1,0,1,0,92.09
20250228,RP008,D008,43,5,0,0,0,0,93.76
20250331,RP008,D008,39,5,1,0,3,0,83.92
20250430,RP008,D008,16,4,1,1,2,0,78.24
20250531,RP008,D008,30,4,1,0,3,0,86.44
20250630,RP008,D008,42,3,0,2,1,0,90.08
20250731,RP008,D008,37,3,0,1,1,0,89.59
20250831,RP008,D008,51,3,1,1,1,1,83.69
20250930,RP008,D008,50,4,1,0,2,0,88.9
20251031,RP008,D008,9,2,0,0,3,0,92.93
20251130,RP008,D008,25,3,1,0,1,0,89.33
20251231,RP008,D008,17,4,0,2,2,1,78.54
20260131,RP008,D008,28,2,0,1,2,0,91.37
20260228,RP008,D008,42,7,1,0,2,1,79.03
20260331,RP008,D008,29,5,0,0,3,0,93.37
20260430,RP008,D008,13,4,0,1,0,0,89.37
20260531,RP008,D008,21,5,0,0,1,0,97.67
20250131,RP009,D001,32,2,0,0,1,0,90.37
20250228,RP009,D001,41,5,0,0,1,0,96.09
20250331,RP009,D001,25,0,0,0,0,0,96.51
20250430,RP009,D001,27,0,0,0,1,0,93.73
20250531,RP009,D001,29,1,0,0,0,0,97.68
20250630,RP009,D001,4,0,1,0,1,0,89.94
20250731,RP009,D001,60,1,0,0,0,0,94.69
20250831,RP009,D001,46,3,0,1,0,0,89.66
20250930,RP009,D001,55,0,0,0,0,0,94.35
20251031,RP009,D001,50,2,0,0,0,0,99.0
20251130,RP009,D001,17,3,0,1,0,1,83.08
20251231,RP009,D001,23,0,0,0,0,0,95.99
20260131,RP009,D001,45,0,0,0,0,0,98.15
20260228,RP009,D001,35,2,0,0,0,0,95.12
20260331,RP009,D001,32,3,0,0,0,0,93.48
20260430,RP009,D001,39,2,0,0,0,0,96.82
20260531,RP009,D001,30,2,0,0,0,0,94.47
20250131,RP009,D002,30,0,0,0,0,0,97.73
20250228,RP009,D002,37,3,1,0,1,0,92.45
20250331,RP009,D002,30,1,1,0,0,0,87.63
20250430,RP009,D002,21,3,0,0,0,0,96.34
20250531,RP009,D002,24,4,0,0,2,1,85.91
20250630,RP009,D002,39,2,0,0,0,0,96.99
20250731,RP009,D002,25,4,1,0,0,0,86.72
20250831,RP009,D002,32,7,1,0,0,0,87.68
20250930,RP009,D002,37,1,1,0,0,0,90.86
20251031,RP009,D002,44,0,1,0,0,0,89.89
20251130,RP009,D002,26,0,0,1,0,0,90.45
20251231,RP009,D002,35,0,0,0,0,0,99.0
20260131,RP009,D002,25,0,0,0,0,0,96.01
20260228,RP009,D002,23,1,0,0,1,0,94.34
20260331,RP009,D002,43,0,2,0,0,0,90.35
20260430,RP009,D002,40,6,2,0,0,0,86.02
20260531,RP009,D002,19,2,0,0,0,0,99.0
20250131,RP009,D003,46,2,0,0,2,0,94.52
20250228,RP009,D003,31,3,0,1,1,0,89.8
20250331,RP009,D003,47,2,0,0,0,0,96.28
20250430,RP009,D003,27,4,0,0,0,0,94.34
20250531,RP009,D003,41,0,2,0,1,0,84.79
20250630,RP009,D003,47,0,1,1,2,0,86.69
20250731,RP009,D003,24,5,0,1,1,0,89.86
20250831,RP009,D003,33,4,0,1,1,0,88.51
20250930,RP009,D003,24,0,0,0,0,0,91.67
20251031,RP009,D003,20,5,0,0,1,0,93.0
20251130,RP009,D003,36,1,0,0,0,0,90.61
20251231,RP009,D003,40,1,0,0,0,0,98.27
20260131,RP009,D003,29,3,0,0,1,0,95.44
20260228,RP009,D003,33,2,0,0,0,0,96.74
20260331,RP009,D003,38,3,0,0,0,0,97.06
20260430,RP009,D003,37,1,1,0,1,0,86.25
20260531,RP009,D003,45,0,1,0,1,0,88.9
20250131,RP009,D004,40,0,2,0,1,0,82.46
20250228,RP009,D004,7,1,0,0,1,0,93.57
20250331,RP009,D004,39,1,1,0,1,0,83.61
20250430,RP009,D004,27,0,0,0,0,0,97.75
20250531,RP009,D004,52,1,0,0,0,0,99.0
20250630,RP009,D004,38,1,0,0,0,0,93.91
20250731,RP009,D004,16,1,0,0,2,0,96.3
20250831,RP009,D004,35,1,0,2,1,1,75.41
20250930,RP009,D004,31,4,0,0,0,0,97.66
20251031,RP009,D004,30,0,0,0,0,0,93.17
20251130,RP009,D004,24,1,1,0,0,0,91.07
20251231,RP009,D004,39,4,0,0,0,0,97.01
20260131,RP009,D004,39,0,1,0,1,0,86.95
20260228,RP009,D004,40,2,1,0,1,0,83.84
20260331,RP009,D004,41,4,0,0,0,0,99.0
20260430,RP009,D004,31,3,0,1,0,0,92.9
20260531,RP009,D004,27,4,1,0,0,0,90.42
20250131,RP009,D005,46,2,0,0,0,0,99.0
20250228,RP009,D005,25,2,0,0,0,0,97.69
20250331,RP009,D005,40,4,0,0,2,0,90.96
20250430,RP009,D005,29,0,0,0,1,0,94.29
20250531,RP009,D005,28,0,0,0,2,0,92.63
20250630,RP009,D005,26,3,1,0,0,0,95.8
20250731,RP009,D005,27,4,0,0,0,0,95.12
20250831,RP009,D005,51,1,0,1,0,0,94.19
20250930,RP009,D005,20,4,0,1,1,0,86.52
20251031,RP009,D005,27,1,0,1,1,0,88.84
20251130,RP009,D005,25,4,0,0,0,0,99.0
20251231,RP009,D005,18,3,0,0,1,0,90.81
20260131,RP009,D005,48,1,1,0,0,0,89.08
20260228,RP009,D005,26,4,0,1,3,0,88.98
20260331,RP009,D005,26,0,0,0,1,0,95.29
20260430,RP009,D005,60,1,0,1,0,0,90.45
20260531,RP009,D005,4,1,0,0,0,0,93.04
20250131,RP009,D006,31,3,0,1,0,0,93.27
20250228,RP009,D006,32,1,0,1,2,0,89.31
20250331,RP009,D006,11,0,0,0,1,0,93.32
20250430,RP009,D006,41,4,0,1,1,0,84.62
20250531,RP009,D006,44,3,0,0,0,0,92.48
20250630,RP009,D006,33,2,0,0,0,0,98.31
20250731,RP009,D006,8,0,0,0,0,0,96.69
20250831,RP009,D006,30,5,0,0,0,0,90.55
20250930,RP009,D006,34,3,0,0,0,0,91.65
20251031,RP009,D006,56,0,0,0,1,0,91.79
20251130,RP009,D006,53,1,0,0,0,0,95.67
20251231,RP009,D006,57,4,0,0,1,0,96.72
20260131,RP009,D006,39,3,0,0,1,0,93.4
20260228,RP009,D006,41,2,1,0,2,0,84.15
20260331,RP009,D006,26,0,0,0,0,0,96.7
20260430,RP009,D006,32,2,0,0,0,0,97.39
20260531,RP009,D006,59,4,0,0,1,0,96.25
20250131,RP009,D007,48,2,0,0,0,0,95.18
20250228,RP009,D007,44,5,0,2,0,0,86.62
20250331,RP009,D007,50,1,1,0,0,0,92.15
20250430,RP009,D007,48,4,0,0,0,0,99.0
20250531,RP009,D007,46,0,0,0,0,0,95.26
20250630,RP009,D007,42,2,1,0,0,0,87.96
20250731,RP009,D007,45,2,1,0,0,0,93.25
20250831,RP009,D007,17,0,0,0,1,0,94.2
20250930,RP009,D007,35,3,0,0,1,0,93.41
20251031,RP009,D007,33,2,0,0,0,0,94.19
20251130,RP009,D007,23,4,0,0,0,1,89.35
20251231,RP009,D007,33,6,0,0,1,0,93.39
20260131,RP009,D007,48,0,0,1,1,0,90.39
20260228,RP009,D007,29,4,0,0,1,0,97.96
20260331,RP009,D007,23,6,1,0,0,0,90.08
20260430,RP009,D007,31,0,1,0,1,0,90.24
20260531,RP009,D007,30,1,0,0,0,0,94.87
20250131,RP009,D008,24,3,1,0,1,0,87.61
20250228,RP009,D008,37,2,0,0,0,0,96.08
20250331,RP009,D008,39,2,0,0,0,0,95.29
20250430,RP009,D008,21,2,0,0,0,0,92.38
20250531,RP009,D008,44,5,1,1,0,0,92.23
20250630,RP009,D008,32,3,0,0,0,0,93.82
20250731,RP009,D008,13,0,1,0,1,0,88.84
20250831,RP009,D008,40,2,1,0,0,0,90.71
20250930,RP009,D008,28,5,0,1,0,0,91.18
20251031,RP009,D008,43,2,1,0,0,0,99.0
20251130,RP009,D008,41,5,0,0,0,0,99.0
20251231,RP009,D008,41,0,0,0,0,0,99.0
20260131,RP009,D008,42,4,1,0,2,0,90.46
20260228,RP009,D008,43,0,0,0,1,0,96.34
20260331,RP009,D008,46,2,0,0,1,0,93.32
20260430,RP009,D008,38,3,1,0,0,0,89.82
20260531,RP009,D008,39,1,0,0,0,0,99.0
