DateKey,DatasetKey,DeptKey,LedgerAmount,SubledgerAmount,VarianceAmount,VariancePct,ReconciliationStatus,AgingBucket
20250131,DS001,D007,30191754.13,30265809.88,-74055.75,-0.002453,Pass,0-2 days
20250131,DS001,D003,27446003.68,27299537.81,146465.87,0.005337,Watch,6-10 days
20250131,DS001,D006,30317803.17,30289622.13,28181.04,0.00093,Pass,0-2 days
20250228,DS001,D003,26860038.15,26869306.68,-9268.53,-0.000345,Pass,0-2 days
20250228,DS001,D007,30683463.33,30671141.59,12321.74,0.000402,Pass,0-2 days
20250228,DS001,D005,28803125.47,28902987.88,-99862.41,-0.003467,Watch,0-2 days
20250331,DS001,D002,28025965.12,27939591.68,86373.44,0.003082,Watch,3-5 days
20250331,DS001,D005,23120902.76,23526276.45,-405373.69,-0.017533,Fail,0-2 days
20250331,DS001,D004,26306988.19,26300564.4,6423.79,0.000244,Pass,0-2 days
20250430,DS001,D001,25073800.51,25424622.9,-350822.39,-0.013992,Fail,6-10 days
20250430,DS001,D004,26394700.08,26338118.24,56581.85,0.002144,Pass,0-2 days
20250430,DS001,D008,26664668.91,26560600.98,104067.93,0.003903,Watch,0-2 days
20250531,DS001,D002,30388024.63,30396270.02,-8245.39,-0.000271,Pass,6-10 days
20250531,DS001,D007,29622995.5,29556286.82,66708.68,0.002252,Pass,0-2 days
20250531,DS001,D001,29392060.91,29391196.67,864.24,2.9e-05,Pass,0-2 days
20250630,DS001,D004,28555707.3,28647305.08,-91597.78,-0.003208,Watch,3-5 days
20250630,DS001,D001,33502588.78,33502823.72,-234.94,-7e-06,Pass,0-2 days
20250630,DS001,D005,23529943.81,23492774.26,37169.56,0.00158,Pass,3-5 days
20250731,DS001,D003,28940151.94,28932818.7,7333.24,0.000253,Pass,3-5 days
20250731,DS001,D008,31350504.31,31301546.54,48957.77,0.001562,Pass,0-2 days
20250731,DS001,D001,27303603.12,27348946.93,-45343.82,-0.001661,Pass,6-10 days
20250831,DS001,D006,27479290.7,27495433.97,-16143.27,-0.000587,Pass,0-2 days
20250831,DS001,D003,30592922.12,30414406.8,178515.32,0.005835,Watch,0-2 days
20250831,DS001,D005,30023908.62,30101596.68,-77688.06,-0.002588,Watch,0-2 days
20250930,DS001,D003,26882889.31,26846171.15,36718.16,0.001366,Pass,3-5 days
20250930,DS001,D001,27803589.9,27770520.4,33069.5,0.001189,Pass,0-2 days
20250930,DS001,D004,29613920.45,29543950.65,69969.79,0.002363,Pass,0-2 days
20251031,DS001,D004,26285804.32,26381914.61,-96110.29,-0.003656,Watch,3-5 days
20251031,DS001,D005,30590148.15,30817494.09,-227345.95,-0.007432,Fail,3-5 days
20251031,DS001,D006,28392833.1,28392281.91,551.19,1.9e-05,Pass,0-2 days
20251130,DS001,D006,27822824.63,27822716.65,107.98,4e-06,Pass,3-5 days
20251130,DS001,D001,29300781.03,29262915.24,37865.79,0.001292,Pass,0-2 days
20251130,DS001,D004,25000197.29,25037981.54,-37784.26,-0.001511,Pass,0-2 days
20251231,DS001,D004,26912799.01,26994858.39,-82059.38,-0.003049,Watch,0-2 days
20251231,DS001,D006,26688235.41,26740703.2,-52467.78,-0.001966,Pass,0-2 days
20251231,DS001,D001,26597419.27,26563505.53,33913.75,0.001275,Pass,0-2 days
20260131,DS001,D003,31130411.77,31179376.11,-48964.34,-0.001573,Pass,3-5 days
20260131,DS001,D006,25108259.64,25125385.63,-17125.99,-0.000682,Pass,0-2 days
20260131,DS001,D008,25245757.24,25271450.61,-25693.37,-0.001018,Pass,6-10 days
20260228,DS001,D005,27210408.31,27545724.58,-335316.27,-0.012323,Fail,10+ days
20260228,DS001,D002,28893611.44,28932724.6,-39113.16,-0.001354,Pass,0-2 days
20260228,DS001,D007,26178875.3,26279653.46,-100778.16,-0.00385,Watch,0-2 days
20260331,DS001,D001,25205434.8,25220886.96,-15452.16,-0.000613,Pass,0-2 days
20260331,DS001,D007,25355070.86,25380227.01,-25156.14,-0.000992,Pass,0-2 days
20260331,DS001,D006,31136704.24,31288302.71,-151598.47,-0.004869,Watch,3-5 days
20260430,DS001,D004,30042650.78,30011694.81,30955.97,0.00103,Pass,0-2 days
20260430,DS001,D003,25556214.15,25497145.75,59068.41,0.002311,Pass,0-2 days
20260430,DS001,D002,29055239.15,29051101.35,4137.8,0.000142,Pass,3-5 days
20260531,DS001,D005,22165732.46,22260938.59,-95206.13,-0.004295,Watch,6-10 days
20260531,DS001,D002,28768819.8,28721774.57,47045.23,0.001635,Pass,3-5 days
20260531,DS001,D003,22842774.82,22793527.96,49246.86,0.002156,Pass,0-2 days
20250131,DS002,D007,29624294.16,29669404.92,-45110.77,-0.001523,Pass,3-5 days
20250131,DS002,D003,27966501.33,27972452.98,-5951.65,-0.000213,Pass,10+ days
20250131,DS002,D006,25210379.49,25234649.56,-24270.06,-0.000963,Pass,0-2 days
20250228,DS002,D003,29063354.61,29130816.04,-67461.43,-0.002321,Pass,0-2 days
20250228,DS002,D007,30439957.12,30411440.97,28516.14,0.000937,Pass,6-10 days
20250228,DS002,D005,27660147.42,27712159.5,-52012.08,-0.00188,Pass,0-2 days
20250331,DS002,D002,27938766.8,27984997.77,-46230.97,-0.001655,Pass,3-5 days
20250331,DS002,D005,28599299.5,28559381.35,39918.15,0.001396,Pass,0-2 days
20250331,DS002,D004,27247264.83,27273839.11,-26574.28,-0.000975,Pass,6-10 days
20250430,DS002,D001,25760847.35,25787709.54,-26862.19,-0.001043,Pass,0-2 days
20250430,DS002,D004,28414488.23,28326563.5,87924.73,0.003094,Watch,3-5 days
20250430,DS002,D008,30258188.63,30188262.7,69925.93,0.002311,Pass,6-10 days
20250531,DS002,D002,32870509.33,32750378.26,120131.07,0.003655,Watch,0-2 days
20250531,DS002,D007,26583982.19,26617793.46,-33811.27,-0.001272,Pass,0-2 days
20250531,DS002,D001,27008051.73,26913113.37,94938.36,0.003515,Watch,10+ days
20250630,DS002,D004,28450897.26,28376524.32,74372.95,0.002614,Watch,0-2 days
20250630,DS002,D001,28901087.53,28982039.75,-80952.22,-0.002801,Watch,3-5 days
20250630,DS002,D005,29166962.84,29105400.73,61562.11,0.002111,Pass,0-2 days
20250731,DS002,D003,29971507.11,29914421.18,57085.94,0.001905,Pass,0-2 days
20250731,DS002,D008,25369751.78,25321037.02,48714.77,0.00192,Pass,10+ days
20250731,DS002,D001,28639947.47,28797238.94,-157291.48,-0.005492,Watch,6-10 days
20250831,DS002,D006,30175885.58,30092814.27,83071.31,0.002753,Watch,0-2 days
20250831,DS002,D003,26701242.78,26648393.91,52848.87,0.001979,Pass,6-10 days
20250831,DS002,D005,28288012.98,28379345.6,-91332.61,-0.003229,Watch,6-10 days
20250930,DS002,D003,28290322.15,28241980.01,48342.13,0.001709,Pass,0-2 days
20250930,DS002,D001,25537710.66,25475314.3,62396.36,0.002443,Pass,0-2 days
20250930,DS002,D004,26196733.58,26247931.86,-51198.28,-0.001954,Pass,0-2 days
20251031,DS002,D004,29841490.76,29840055.14,1435.62,4.8e-05,Pass,3-5 days
20251031,DS002,D005,26876902.81,26870136.06,6766.74,0.000252,Pass,0-2 days
20251031,DS002,D006,28844219.84,28888618.11,-44398.27,-0.001539,Pass,3-5 days
20251130,DS002,D006,29560447.89,29550629.99,9817.9,0.000332,Pass,3-5 days
20251130,DS002,D001,28078618.42,28046914.75,31703.67,0.001129,Pass,6-10 days
20251130,DS002,D004,28453582.99,28522784.15,-69201.16,-0.002432,Pass,0-2 days
20251231,DS002,D004,27496243.29,27451635.32,44607.97,0.001622,Pass,6-10 days
20251231,DS002,D006,29639200.1,29610576.06,28624.04,0.000966,Pass,3-5 days
20251231,DS002,D001,27756046.68,27827830.46,-71783.78,-0.002586,Watch,3-5 days
20260131,DS002,D003,29333340.89,29254448.47,78892.42,0.00269,Watch,6-10 days
20260131,DS002,D006,30625886.25,30581062.43,44823.82,0.001464,Pass,6-10 days
20260131,DS002,D008,29008141.39,29002383.29,5758.1,0.000198,Pass,0-2 days
20260228,DS002,D005,29158776.04,29172537.72,-13761.68,-0.000472,Pass,0-2 days
20260228,DS002,D002,28860469.36,28862315.96,-1846.61,-6.4e-05,Pass,6-10 days
20260228,DS002,D007,29855642.45,29892414.84,-36772.39,-0.001232,Pass,0-2 days
20260331,DS002,D001,25871161.77,25796933.04,74228.73,0.002869,Watch,0-2 days
20260331,DS002,D007,30888343.05,30928606.33,-40263.27,-0.001304,Pass,6-10 days
20260331,DS002,D006,30277030.91,30350437.32,-73406.41,-0.002424,Pass,10+ days
20260430,DS002,D004,27190537.66,27307967.96,-117430.3,-0.004319,Watch,6-10 days
20260430,DS002,D003,26511109.15,26605584.88,-94475.73,-0.003564,Watch,0-2 days
20260430,DS002,D002,27512510.52,27529561.04,-17050.52,-0.00062,Pass,0-2 days
20260531,DS002,D005,23273522.25,23249034.43,24487.82,0.001052,Pass,0-2 days
20260531,DS002,D002,29563771.64,29572206.45,-8434.81,-0.000285,Pass,0-2 days
20260531,DS002,D003,32011094.2,32079006.72,-67912.52,-0.002122,Pass,6-10 days
20250131,DS003,D007,26403369.88,26387672.3,15697.59,0.000595,Pass,0-2 days
20250131,DS003,D003,29204151.27,29302964.33,-98813.06,-0.003384,Watch,3-5 days
20250131,DS003,D006,28403293.86,28356717.31,46576.55,0.00164,Pass,3-5 days
20250228,DS003,D003,28429724.86,28425208.43,4516.43,0.000159,Pass,6-10 days
20250228,DS003,D007,25947135.46,25961701.73,-14566.26,-0.000561,Pass,0-2 days
20250228,DS003,D005,25926049.22,25903512.02,22537.2,0.000869,Pass,10+ days
20250331,DS003,D002,31546162.36,31507576.32,38586.05,0.001223,Pass,0-2 days
20250331,DS003,D005,25027429.63,25079121.28,-51691.65,-0.002065,Pass,6-10 days
20250331,DS003,D004,27346607.44,27307314.7,39292.75,0.001437,Pass,0-2 days
20250430,DS003,D001,28927092.0,28907054.32,20037.68,0.000693,Pass,3-5 days
20250430,DS003,D004,30570480.29,30548868.65,21611.64,0.000707,Pass,0-2 days
20250430,DS003,D008,32166549.84,32272477.74,-105927.9,-0.003293,Watch,0-2 days
20250531,DS003,D002,28737577.4,28718523.13,19054.27,0.000663,Pass,3-5 days
20250531,DS003,D007,30917518.44,30936305.94,-18787.51,-0.000608,Pass,3-5 days
20250531,DS003,D001,26303022.16,26349207.72,-46185.55,-0.001756,Pass,0-2 days
20250630,DS003,D004,28934425.16,28940138.92,-5713.75,-0.000197,Pass,0-2 days
20250630,DS003,D001,30056087.17,30095227.74,-39140.57,-0.001302,Pass,3-5 days
20250630,DS003,D005,28242165.36,28276152.46,-33987.1,-0.001203,Pass,10+ days
20250731,DS003,D003,26684244.17,26690584.19,-6340.01,-0.000238,Pass,3-5 days
20250731,DS003,D008,26268931.62,26247134.85,21796.76,0.00083,Pass,0-2 days
20250731,DS003,D001,28548248.87,28507880.2,40368.67,0.001414,Pass,0-2 days
20250831,DS003,D006,31347787.73,31331604.71,16183.02,0.000516,Pass,0-2 days
20250831,DS003,D003,24984042.83,25011305.63,-27262.8,-0.001091,Pass,6-10 days
20250831,DS003,D005,28611783.48,28489571.8,122211.68,0.004271,Watch,0-2 days
20250930,DS003,D003,29074971.93,29009109.73,65862.2,0.002265,Pass,3-5 days
20250930,DS003,D001,26534248.06,26421390.83,112857.23,0.004253,Watch,0-2 days
20250930,DS003,D004,31950342.26,31943294.15,7048.11,0.000221,Pass,0-2 days
20251031,DS003,D004,26891390.38,26830093.81,61296.57,0.002279,Pass,0-2 days
20251031,DS003,D005,27383318.04,27398529.73,-15211.69,-0.000556,Pass,0-2 days
20251031,DS003,D006,25364888.6,25388314.09,-23425.49,-0.000924,Pass,0-2 days
20251130,DS003,D006,26820580.06,26943045.92,-122465.85,-0.004566,Watch,0-2 days
20251130,DS003,D001,26097138.85,26054884.38,42254.47,0.001619,Pass,3-5 days
20251130,DS003,D004,32366773.0,32387994.5,-21221.5,-0.000656,Pass,10+ days
20251231,DS003,D004,31937403.37,31768961.53,168441.85,0.005274,Watch,0-2 days
20251231,DS003,D006,29554313.18,29584267.85,-29954.67,-0.001014,Pass,0-2 days
20251231,DS003,D001,26754042.88,26777875.64,-23832.76,-0.000891,Pass,0-2 days
20260131,DS003,D003,25328809.42,25245814.7,82994.72,0.003277,Watch,3-5 days
20260131,DS003,D006,26377710.0,26377220.56,489.44,1.9e-05,Pass,3-5 days
20260131,DS003,D008,27510090.3,27442911.89,67178.41,0.002442,Pass,0-2 days
20260228,DS003,D005,32401836.04,32525980.56,-124144.53,-0.003831,Watch,3-5 days
20260228,DS003,D002,28136191.63,28068980.56,67211.07,0.002389,Pass,3-5 days
20260228,DS003,D007,27483546.79,27546363.83,-62817.04,-0.002286,Pass,0-2 days
20260331,DS003,D001,25064712.28,25080286.28,-15574.0,-0.000621,Pass,0-2 days
20260331,DS003,D007,27485030.76,27398002.22,87028.54,0.003166,Watch,6-10 days
20260331,DS003,D006,24651064.99,24590086.94,60978.05,0.002474,Pass,0-2 days
20260430,DS003,D004,27726494.92,27723227.72,3267.2,0.000118,Pass,0-2 days
20260430,DS003,D003,30812115.35,30879268.39,-67153.04,-0.002179,Pass,0-2 days
20260430,DS003,D002,24967077.75,24863915.16,103162.59,0.004132,Watch,0-2 days
20260531,DS003,D005,26412097.91,26435246.93,-23149.02,-0.000876,Pass,0-2 days
20260531,DS003,D002,27470270.53,27437480.37,32790.16,0.001194,Pass,3-5 days
20260531,DS003,D003,28526718.34,28645463.72,-118745.38,-0.004163,Watch,3-5 days
20250131,DS004,D007,25618704.77,25583343.45,35361.32,0.00138,Pass,0-2 days
20250131,DS004,D003,31719220.99,31784075.17,-64854.18,-0.002045,Pass,3-5 days
20250131,DS004,D006,25791383.91,25801027.86,-9643.96,-0.000374,Pass,0-2 days
20250228,DS004,D003,30759798.63,30645336.4,114462.22,0.003721,Watch,6-10 days
20250228,DS004,D007,23931587.39,23958582.85,-26995.47,-0.001128,Pass,3-5 days
20250228,DS004,D005,26825072.33,26790564.19,34508.14,0.001286,Pass,0-2 days
20250331,DS004,D002,29689545.36,29440772.8,248772.56,0.008379,Fail,6-10 days
20250331,DS004,D005,27686450.46,28052994.6,-366544.14,-0.013239,Fail,0-2 days
20250331,DS004,D004,32325309.9,32380922.55,-55612.65,-0.00172,Pass,0-2 days
20250430,DS004,D001,26232707.47,26231655.19,1052.28,4e-05,Pass,10+ days
20250430,DS004,D004,32328432.76,32311505.27,16927.5,0.000524,Pass,0-2 days
20250430,DS004,D008,32356800.85,32247727.83,109073.02,0.003371,Watch,0-2 days
20250531,DS004,D002,28834747.85,28805023.3,29724.55,0.001031,Pass,0-2 days
20250531,DS004,D007,27749404.38,27744852.69,4551.69,0.000164,Pass,0-2 days
20250531,DS004,D001,27911376.36,27893240.34,18136.01,0.00065,Pass,0-2 days
20250630,DS004,D004,28961259.16,28931854.27,29404.89,0.001015,Pass,0-2 days
20250630,DS004,D001,33496109.88,33507015.66,-10905.78,-0.000326,Pass,0-2 days
20250630,DS004,D005,30432391.78,30469888.77,-37496.99,-0.001232,Pass,0-2 days
20250731,DS004,D003,28267538.09,28362345.79,-94807.7,-0.003354,Watch,0-2 days
20250731,DS004,D008,23544118.98,23577888.44,-33769.46,-0.001434,Pass,0-2 days
20250731,DS004,D001,24566399.49,24499945.15,66454.34,0.002705,Watch,0-2 days
20250831,DS004,D006,28790000.15,28756579.79,33420.37,0.001161,Pass,10+ days
20250831,DS004,D003,32764870.55,32785090.51,-20219.97,-0.000617,Pass,10+ days
20250831,DS004,D005,29731450.29,29749009.82,-17559.53,-0.000591,Pass,0-2 days
20250930,DS004,D003,29416327.3,29311400.65,104926.64,0.003567,Watch,3-5 days
20250930,DS004,D001,24791829.39,24807875.76,-16046.37,-0.000647,Pass,0-2 days
20250930,DS004,D004,25608699.56,25842453.83,-233754.27,-0.009128,Fail,0-2 days
20251031,DS004,D004,27549186.03,27607798.12,-58612.1,-0.002128,Pass,0-2 days
20251031,DS004,D005,29892497.45,29941943.82,-49446.37,-0.001654,Pass,3-5 days
20251031,DS004,D006,30545470.2,30555116.43,-9646.24,-0.000316,Pass,0-2 days
20251130,DS004,D006,31086553.05,30957813.35,128739.69,0.004141,Watch,3-5 days
20251130,DS004,D001,26438885.45,26405845.38,33040.08,0.00125,Pass,10+ days
20251130,DS004,D004,28581331.35,28359729.81,221601.55,0.007753,Fail,0-2 days
20251231,DS004,D004,29252790.08,29201181.82,51608.25,0.001764,Pass,3-5 days
20251231,DS004,D006,26832992.36,26820386.42,12605.94,0.00047,Pass,10+ days
20251231,DS004,D001,33178065.12,33176656.05,1409.07,4.2e-05,Pass,0-2 days
20260131,DS004,D003,29007795.56,28988719.62,19075.94,0.000658,Pass,0-2 days
20260131,DS004,D006,30465797.68,30458630.28,7167.4,0.000235,Pass,0-2 days
20260131,DS004,D008,28741807.85,28679098.01,62709.83,0.002182,Pass,0-2 days
20260228,DS004,D005,27284738.66,27330872.72,-46134.06,-0.001691,Pass,0-2 days
20260228,DS004,D002,31851804.02,31843057.01,8747.01,0.000275,Pass,0-2 days
20260228,DS004,D007,29139326.11,29139948.64,-622.53,-2.1e-05,Pass,0-2 days
20260331,DS004,D001,27847580.32,27809489.19,38091.13,0.001368,Pass,3-5 days
20260331,DS004,D007,29933842.18,29845853.58,87988.6,0.002939,Watch,0-2 days
20260331,DS004,D006,24697289.29,24544131.05,153158.24,0.006201,Fail,0-2 days
20260430,DS004,D004,27767790.99,27875437.48,-107646.49,-0.003877,Watch,0-2 days
20260430,DS004,D003,23574618.9,23602309.94,-27691.05,-0.001175,Pass,0-2 days
20260430,DS004,D002,25709914.4,25859645.16,-149730.76,-0.005824,Watch,0-2 days
20260531,DS004,D005,31357093.56,31353544.74,3548.82,0.000113,Pass,3-5 days
20260531,DS004,D002,32884845.31,32870648.14,14197.16,0.000432,Pass,6-10 days
20260531,DS004,D003,19974180.09,19904293.95,69886.14,0.003499,Watch,0-2 days
20250131,DS005,D007,29074517.19,29042656.16,31861.03,0.001096,Pass,0-2 days
20250131,DS005,D003,26685369.76,26744028.53,-58658.77,-0.002198,Pass,0-2 days
20250131,DS005,D006,28612854.37,28641849.72,-28995.35,-0.001013,Pass,6-10 days
20250228,DS005,D003,31113247.08,31150800.13,-37553.04,-0.001207,Pass,0-2 days
20250228,DS005,D007,29563595.34,29694549.94,-130954.6,-0.00443,Watch,3-5 days
20250228,DS005,D005,27739419.25,27696812.69,42606.56,0.001536,Pass,3-5 days
20250331,DS005,D002,26340880.59,26453968.93,-113088.33,-0.004293,Watch,3-5 days
20250331,DS005,D005,28606588.19,28595704.55,10883.64,0.00038,Pass,3-5 days
20250331,DS005,D004,26163279.23,26249700.86,-86421.63,-0.003303,Watch,3-5 days
20250430,DS005,D001,26818595.29,26882811.89,-64216.61,-0.002394,Pass,0-2 days
20250430,DS005,D004,25734633.35,25731805.72,2827.63,0.00011,Pass,3-5 days
20250430,DS005,D008,25831800.45,25814815.79,16984.66,0.000658,Pass,3-5 days
20250531,DS005,D002,26492283.08,26431100.02,61183.07,0.002309,Pass,0-2 days
20250531,DS005,D007,30468725.47,30206213.85,262511.62,0.008616,Fail,3-5 days
20250531,DS005,D001,29587155.01,29534577.14,52577.87,0.001777,Pass,0-2 days
20250630,DS005,D004,24944764.1,24858178.24,86585.86,0.003471,Watch,3-5 days
20250630,DS005,D001,23658320.47,23686028.38,-27707.91,-0.001171,Pass,0-2 days
20250630,DS005,D005,24728976.01,24708294.07,20681.94,0.000836,Pass,0-2 days
20250731,DS005,D003,26990058.86,26881761.13,108297.73,0.004013,Watch,3-5 days
20250731,DS005,D008,28500436.4,28519140.86,-18704.46,-0.000656,Pass,0-2 days
20250731,DS005,D001,29973614.45,30021030.73,-47416.29,-0.001582,Pass,3-5 days
20250831,DS005,D006,27608708.73,27671914.62,-63205.89,-0.002289,Pass,3-5 days
20250831,DS005,D003,25264315.14,25174536.19,89778.95,0.003554,Watch,10+ days
20250831,DS005,D005,24368151.26,24354254.75,13896.51,0.00057,Pass,3-5 days
20250930,DS005,D003,29233005.76,29114970.43,118035.32,0.004038,Watch,3-5 days
20250930,DS005,D001,27120776.41,26705348.28,415428.14,0.015318,Fail,3-5 days
20250930,DS005,D004,27807502.18,27854017.75,-46515.57,-0.001673,Pass,0-2 days
20251031,DS005,D004,25839842.32,25824998.42,14843.9,0.000574,Pass,0-2 days
20251031,DS005,D005,28263778.16,28159812.06,103966.1,0.003678,Watch,0-2 days
20251031,DS005,D006,28819738.88,29148174.95,-328436.08,-0.011396,Fail,0-2 days
20251130,DS005,D006,28935524.91,28930515.25,5009.65,0.000173,Pass,0-2 days
20251130,DS005,D001,26412865.65,26458752.64,-45887.0,-0.001737,Pass,0-2 days
20251130,DS005,D004,31335224.09,31098957.13,236266.95,0.00754,Fail,0-2 days
20251231,DS005,D004,22853843.31,22861383.72,-7540.41,-0.00033,Pass,0-2 days
20251231,DS005,D006,27438971.4,27466878.02,-27906.62,-0.001017,Pass,0-2 days
20251231,DS005,D001,24062441.38,24144916.18,-82474.8,-0.003428,Watch,0-2 days
20260131,DS005,D003,30860043.56,30809691.27,50352.29,0.001632,Pass,0-2 days
20260131,DS005,D006,32518074.98,32636328.75,-118253.77,-0.003637,Watch,0-2 days
20260131,DS005,D008,30253584.48,30431020.6,-177436.13,-0.005865,Watch,3-5 days
20260228,DS005,D005,28725869.3,28671272.2,54597.1,0.001901,Pass,0-2 days
20260228,DS005,D002,23896549.8,23792072.98,104476.82,0.004372,Watch,0-2 days
20260228,DS005,D007,27530615.09,27467145.08,63470.02,0.002305,Pass,0-2 days
20260331,DS005,D001,27474720.76,27421920.44,52800.33,0.001922,Pass,0-2 days
20260331,DS005,D007,27288418.75,27262527.13,25891.62,0.000949,Pass,0-2 days
20260331,DS005,D006,27571479.98,27584192.18,-12712.2,-0.000461,Pass,6-10 days
20260430,DS005,D004,27728394.32,27799138.41,-70744.09,-0.002551,Watch,0-2 days
20260430,DS005,D003,31864898.72,31999335.55,-134436.83,-0.004219,Watch,3-5 days
20260430,DS005,D002,29557388.03,29572213.58,-14825.56,-0.000502,Pass,0-2 days
20260531,DS005,D005,26203516.57,26134241.95,69274.62,0.002644,Watch,0-2 days
20260531,DS005,D002,30050903.32,30102842.08,-51938.76,-0.001728,Pass,10+ days
20260531,DS005,D003,22901353.26,22906925.6,-5572.33,-0.000243,Pass,3-5 days
20250131,DS006,D007,24708638.15,24794008.55,-85370.4,-0.003455,Watch,0-2 days
20250131,DS006,D003,23760521.69,23855790.72,-95269.03,-0.00401,Watch,0-2 days
20250131,DS006,D006,28512686.89,28509008.49,3678.41,0.000129,Pass,3-5 days
20250228,DS006,D003,29808090.77,29882542.38,-74451.62,-0.002498,Pass,3-5 days
20250228,DS006,D007,29651945.33,29720285.27,-68339.94,-0.002305,Pass,3-5 days
20250228,DS006,D005,28059501.77,28047372.39,12129.38,0.000432,Pass,0-2 days
20250331,DS006,D002,23273010.99,23613833.0,-340822.0,-0.014645,Fail,6-10 days
20250331,DS006,D005,32227779.43,32170133.44,57645.99,0.001789,Pass,0-2 days
20250331,DS006,D004,27623650.94,27654808.9,-31157.96,-0.001128,Pass,0-2 days
20250430,DS006,D001,31507408.08,31503089.16,4318.91,0.000137,Pass,0-2 days
20250430,DS006,D004,29342725.32,29391021.53,-48296.21,-0.001646,Pass,0-2 days
20250430,DS006,D008,23753669.95,23726355.45,27314.5,0.00115,Pass,6-10 days
20250531,DS006,D002,28574906.56,28611392.78,-36486.22,-0.001277,Pass,0-2 days
20250531,DS006,D007,24639666.3,24528377.8,111288.49,0.004517,Watch,6-10 days
20250531,DS006,D001,27668060.02,27647239.17,20820.85,0.000753,Pass,0-2 days
20250630,DS006,D004,28929502.59,28919845.76,9656.83,0.000334,Pass,6-10 days
20250630,DS006,D001,28252951.31,28232107.69,20843.62,0.000738,Pass,0-2 days
20250630,DS006,D005,31400853.16,31350011.91,50841.26,0.001619,Pass,0-2 days
20250731,DS006,D003,26928588.71,26886516.04,42072.67,0.001562,Pass,6-10 days
20250731,DS006,D008,30186940.64,30148507.93,38432.71,0.001273,Pass,0-2 days
20250731,DS006,D001,26768276.13,26704162.6,64113.53,0.002395,Pass,3-5 days
20250831,DS006,D006,30691012.42,30584126.58,106885.83,0.003483,Watch,0-2 days
20250831,DS006,D003,30787465.03,30916631.83,-129166.8,-0.004195,Watch,3-5 days
20250831,DS006,D005,28652442.52,28619694.46,32748.07,0.001143,Pass,0-2 days
20250930,DS006,D003,28577168.08,28586333.18,-9165.1,-0.000321,Pass,0-2 days
20250930,DS006,D001,27254709.36,27227241.39,27467.98,0.001008,Pass,3-5 days
20250930,DS006,D004,29793139.66,29657356.87,135782.79,0.004558,Watch,0-2 days
20251031,DS006,D004,26336910.69,26280877.8,56032.89,0.002128,Pass,0-2 days
20251031,DS006,D005,30028921.42,29976539.82,52381.6,0.001744,Pass,3-5 days
20251031,DS006,D006,30001822.76,30039585.6,-37762.83,-0.001259,Pass,0-2 days
20251130,DS006,D006,28274097.22,28257662.08,16435.14,0.000581,Pass,3-5 days
20251130,DS006,D001,26739364.84,26665851.06,73513.78,0.002749,Watch,0-2 days
20251130,DS006,D004,26912315.54,26891571.17,20744.37,0.000771,Pass,0-2 days
20251231,DS006,D004,28627373.78,28702854.56,-75480.78,-0.002637,Watch,0-2 days
20251231,DS006,D006,28997411.62,29085505.52,-88093.91,-0.003038,Watch,0-2 days
20251231,DS006,D001,31233886.53,31184187.07,49699.46,0.001591,Pass,0-2 days
20260131,DS006,D003,27493152.06,27493791.35,-639.29,-2.3e-05,Pass,3-5 days
20260131,DS006,D006,23380016.52,23388029.18,-8012.66,-0.000343,Pass,0-2 days
20260131,DS006,D008,28694514.1,28701342.06,-6827.96,-0.000238,Pass,0-2 days
20260228,DS006,D005,27215925.23,27316209.47,-100284.24,-0.003685,Watch,10+ days
20260228,DS006,D002,23847983.53,23899973.98,-51990.44,-0.00218,Pass,6-10 days
20260228,DS006,D007,33305317.8,33283980.53,21337.27,0.000641,Pass,0-2 days
20260331,DS006,D001,29544850.24,29570416.72,-25566.48,-0.000865,Pass,0-2 days
20260331,DS006,D007,25897398.38,25933922.67,-36524.29,-0.00141,Pass,10+ days
20260331,DS006,D006,26683968.84,26682240.76,1728.08,6.5e-05,Pass,0-2 days
20260430,DS006,D004,27195492.66,27107107.72,88384.93,0.00325,Watch,0-2 days
20260430,DS006,D003,24857015.62,24582052.41,274963.21,0.011062,Fail,10+ days
20260430,DS006,D002,30977414.17,31064071.52,-86657.35,-0.002797,Watch,0-2 days
20260531,DS006,D005,30759838.63,30711482.01,48356.62,0.001572,Pass,10+ days
20260531,DS006,D002,30723924.66,30651914.74,72009.92,0.002344,Pass,0-2 days
20260531,DS006,D003,34345633.69,34329754.71,15878.97,0.000462,Pass,6-10 days
20250131,DS007,D007,9474534.1,9519361.1,-44827.0,-0.004731,Watch,3-5 days
20250131,DS007,D003,6241404.63,6242904.34,-1499.71,-0.00024,Pass,0-2 days
20250131,DS007,D006,6236641.42,6250196.45,-13555.03,-0.002173,Pass,0-2 days
20250228,DS007,D003,6783254.63,6785833.84,-2579.21,-0.00038,Pass,0-2 days
20250228,DS007,D007,7340246.42,7334614.69,5631.73,0.000767,Pass,3-5 days
20250228,DS007,D005,6607283.32,6647254.67,-39971.35,-0.00605,Fail,3-5 days
20250331,DS007,D002,6088554.82,6065739.33,22815.5,0.003747,Watch,0-2 days
20250331,DS007,D005,9921521.67,9891052.78,30468.89,0.003071,Watch,3-5 days
20250331,DS007,D004,5973515.5,5955826.52,17688.97,0.002961,Watch,0-2 days
20250430,DS007,D001,5683985.21,5677677.02,6308.19,0.00111,Pass,0-2 days
20250430,DS007,D004,5266039.45,5291754.23,-25714.79,-0.004883,Watch,3-5 days
20250430,DS007,D008,7668255.98,7675858.29,-7602.31,-0.000991,Pass,0-2 days
20250531,DS007,D002,7157802.84,7153910.18,3892.66,0.000544,Pass,3-5 days
20250531,DS007,D007,9146986.32,9122137.05,24849.27,0.002717,Watch,0-2 days
20250531,DS007,D001,10669088.16,10953778.92,-284690.76,-0.026684,Fail,3-5 days
20250630,DS007,D004,8185151.77,8218778.47,-33626.7,-0.004108,Watch,3-5 days
20250630,DS007,D001,8717238.47,8701445.18,15793.29,0.001812,Pass,3-5 days
20250630,DS007,D005,3423681.41,3415723.59,7957.82,0.002324,Pass,0-2 days
20250731,DS007,D003,7467823.57,7488259.49,-20435.92,-0.002737,Watch,10+ days
20250731,DS007,D008,1721986.27,1728796.41,-6810.14,-0.003955,Watch,0-2 days
20250731,DS007,D001,8761059.43,8771182.85,-10123.42,-0.001156,Pass,0-2 days
20250831,DS007,D006,8268223.74,8242450.3,25773.44,0.003117,Watch,0-2 days
20250831,DS007,D003,6252908.04,6263012.61,-10104.57,-0.001616,Pass,0-2 days
20250831,DS007,D005,5543908.27,5526022.15,17886.12,0.003226,Watch,6-10 days
20250930,DS007,D003,6509468.11,6522246.46,-12778.35,-0.001963,Pass,3-5 days
20250930,DS007,D001,8832077.48,8835490.33,-3412.86,-0.000386,Pass,3-5 days
20250930,DS007,D004,9461744.23,9470647.49,-8903.26,-0.000941,Pass,3-5 days
20251031,DS007,D004,8002394.78,7955356.14,47038.64,0.005878,Watch,6-10 days
20251031,DS007,D005,8425692.12,8426178.42,-486.3,-5.8e-05,Pass,6-10 days
20251031,DS007,D006,7465824.38,7471985.68,-6161.3,-0.000825,Pass,0-2 days
20251130,DS007,D006,6080136.99,6086986.94,-6849.95,-0.001127,Pass,0-2 days
20251130,DS007,D001,7491059.25,7477644.27,13414.98,0.001791,Pass,3-5 days
20251130,DS007,D004,8098718.08,7897541.21,201176.87,0.024841,Fail,0-2 days
20251231,DS007,D004,9531884.18,9545187.06,-13302.88,-0.001396,Pass,3-5 days
20251231,DS007,D006,9265915.73,9274458.61,-8542.88,-0.000922,Pass,3-5 days
20251231,DS007,D001,10380109.25,10379373.24,736.01,7.1e-05,Pass,3-5 days
20260131,DS007,D003,3168124.6,3145362.19,22762.41,0.007185,Fail,3-5 days
20260131,DS007,D006,7386171.48,7354952.96,31218.52,0.004227,Watch,0-2 days
20260131,DS007,D008,5815781.3,5805474.92,10306.38,0.001772,Pass,10+ days
20260228,DS007,D005,12366162.54,12352607.16,13555.38,0.001096,Pass,0-2 days
20260228,DS007,D002,8055885.8,8021051.96,34833.84,0.004324,Watch,6-10 days
20260228,DS007,D007,5309248.99,5327931.0,-18682.01,-0.003519,Watch,0-2 days
20260331,DS007,D001,7438431.74,7428677.72,9754.02,0.001311,Pass,0-2 days
20260331,DS007,D007,8966755.53,8940704.25,26051.27,0.002905,Watch,3-5 days
20260331,DS007,D006,13084500.02,13058969.09,25530.93,0.001951,Pass,6-10 days
20260430,DS007,D004,10248132.42,10262066.19,-13933.77,-0.00136,Pass,0-2 days
20260430,DS007,D003,8399014.75,8396512.37,2502.39,0.000298,Pass,0-2 days
20260430,DS007,D002,13316022.97,13360677.57,-44654.6,-0.003353,Watch,3-5 days
20260531,DS007,D005,5605355.05,5615964.22,-10609.18,-0.001893,Pass,0-2 days
20260531,DS007,D002,6513662.3,6509108.0,4554.3,0.000699,Pass,0-2 days
20260531,DS007,D003,3984485.24,3971973.29,12511.95,0.00314,Watch,3-5 days
20250131,DS008,D007,11595078.08,11618374.23,-23296.15,-0.002009,Pass,0-2 days
20250131,DS008,D003,9735971.87,9766394.1,-30422.23,-0.003125,Watch,3-5 days
20250131,DS008,D006,6676711.17,6680001.81,-3290.64,-0.000493,Pass,0-2 days
20250228,DS008,D003,9253422.62,9269267.36,-15844.74,-0.001712,Pass,0-2 days
20250228,DS008,D007,4943732.09,4900790.9,42941.19,0.008686,Fail,0-2 days
20250228,DS008,D005,10085694.78,10059514.72,26180.06,0.002596,Watch,0-2 days
20250331,DS008,D002,7830967.67,7810969.87,19997.79,0.002554,Watch,3-5 days
20250331,DS008,D005,7044243.86,7048705.69,-4461.83,-0.000633,Pass,3-5 days
20250331,DS008,D004,4339656.18,4354760.21,-15104.04,-0.00348,Watch,0-2 days
20250430,DS008,D001,6736642.33,6739243.86,-2601.54,-0.000386,Pass,0-2 days
20250430,DS008,D004,3200194.62,3196031.66,4162.97,0.001301,Pass,0-2 days
20250430,DS008,D008,9360141.2,9575294.61,-215153.41,-0.022986,Fail,0-2 days
20250531,DS008,D002,6109229.07,6058136.94,51092.13,0.008363,Fail,3-5 days
20250531,DS008,D007,820754.91,826434.54,-5679.63,-0.00692,Fail,0-2 days
20250531,DS008,D001,10152294.7,10162251.04,-9956.34,-0.000981,Pass,6-10 days
20250630,DS008,D004,10278338.75,10295478.08,-17139.33,-0.001668,Pass,0-2 days
20250630,DS008,D001,9511094.45,9537260.96,-26166.51,-0.002751,Watch,0-2 days
20250630,DS008,D005,8649583.66,8630835.81,18747.85,0.002167,Pass,3-5 days
20250731,DS008,D003,5082489.82,5098104.2,-15614.38,-0.003072,Watch,3-5 days
20250731,DS008,D008,6489287.9,6487894.85,1393.05,0.000215,Pass,3-5 days
20250731,DS008,D001,10113508.1,10067576.84,45931.26,0.004542,Watch,10+ days
20250831,DS008,D006,8689678.15,8488935.75,200742.4,0.023101,Fail,0-2 days
20250831,DS008,D003,8777380.54,8790205.01,-12824.47,-0.001461,Pass,6-10 days
20250831,DS008,D005,8257761.94,8285367.67,-27605.73,-0.003343,Watch,0-2 days
20250930,DS008,D003,9352774.92,9346862.79,5912.14,0.000632,Pass,0-2 days
20250930,DS008,D001,6716835.21,6698454.52,18380.69,0.002737,Watch,0-2 days
20250930,DS008,D004,9098709.84,9102765.29,-4055.44,-0.000446,Pass,0-2 days
20251031,DS008,D004,8055175.22,8075126.19,-19950.96,-0.002477,Pass,0-2 days
20251031,DS008,D005,6908932.21,6889783.42,19148.79,0.002772,Watch,3-5 days
20251031,DS008,D006,10259448.94,10300320.25,-40871.32,-0.003984,Watch,0-2 days
20251130,DS008,D006,6220636.67,6224610.96,-3974.29,-0.000639,Pass,0-2 days
20251130,DS008,D001,4815068.79,4793367.0,21701.78,0.004507,Watch,0-2 days
20251130,DS008,D004,6578966.25,6605599.93,-26633.69,-0.004048,Watch,3-5 days
20251231,DS008,D004,9522463.46,9501918.88,20544.58,0.002157,Pass,0-2 days
20251231,DS008,D006,6400592.38,6422461.59,-21869.21,-0.003417,Watch,6-10 days
20251231,DS008,D001,3838104.11,3797520.63,40583.48,0.010574,Fail,3-5 days
20260131,DS008,D003,5010698.3,5179082.42,-168384.13,-0.033605,Fail,0-2 days
20260131,DS008,D006,5980224.1,5987722.04,-7497.94,-0.001254,Pass,3-5 days
20260131,DS008,D008,4967068.14,4951404.46,15663.69,0.003154,Watch,0-2 days
20260228,DS008,D005,9479954.91,9481234.57,-1279.66,-0.000135,Pass,3-5 days
20260228,DS008,D002,9121618.78,9123975.02,-2356.24,-0.000258,Pass,0-2 days
20260228,DS008,D007,10669263.5,10661340.84,7922.66,0.000743,Pass,0-2 days
20260331,DS008,D001,7755746.6,7526635.63,229110.97,0.029541,Fail,0-2 days
20260331,DS008,D007,7616184.02,7624800.04,-8616.03,-0.001131,Pass,3-5 days
20260331,DS008,D006,3239708.53,3287085.01,-47376.48,-0.014624,Fail,6-10 days
20260430,DS008,D004,4471636.8,4504289.27,-32652.47,-0.007302,Fail,0-2 days
20260430,DS008,D003,6785576.42,6757432.0,28144.42,0.004148,Watch,0-2 days
20260430,DS008,D002,9881277.25,9921957.52,-40680.27,-0.004117,Watch,0-2 days
20260531,DS008,D005,5993195.76,5959143.61,34052.15,0.005682,Watch,3-5 days
20260531,DS008,D002,10011097.39,9856951.6,154145.8,0.015397,Fail,0-2 days
20260531,DS008,D003,8242262.08,8262582.0,-20319.92,-0.002465,Pass,0-2 days
20250131,DS009,D007,10099432.62,10081044.22,18388.4,0.001821,Pass,0-2 days
20250131,DS009,D003,6541954.21,6521853.35,20100.86,0.003073,Watch,0-2 days
20250131,DS009,D006,8232404.55,8212380.71,20023.84,0.002432,Pass,0-2 days
20250228,DS009,D003,8525287.76,8537831.13,-12543.36,-0.001471,Pass,10+ days
20250228,DS009,D007,4309540.87,4315156.85,-5615.97,-0.001303,Pass,0-2 days
20250228,DS009,D005,5547468.55,5542822.65,4645.9,0.000837,Pass,0-2 days
20250331,DS009,D002,9831006.56,9808471.28,22535.28,0.002292,Pass,0-2 days
20250331,DS009,D005,7131400.57,7130460.2,940.37,0.000132,Pass,0-2 days
20250331,DS009,D004,6127389.16,6108201.66,19187.51,0.003131,Watch,0-2 days
20250430,DS009,D001,7582760.03,7621966.44,-39206.41,-0.00517,Watch,0-2 days
20250430,DS009,D004,10084809.51,10095970.13,-11160.63,-0.001107,Pass,3-5 days
20250430,DS009,D008,8217167.82,8207984.92,9182.9,0.001118,Pass,0-2 days
20250531,DS009,D002,7960989.84,7949596.27,11393.58,0.001431,Pass,0-2 days
20250531,DS009,D007,6713287.03,6700199.33,13087.7,0.00195,Pass,0-2 days
20250531,DS009,D001,5987354.96,5992340.0,-4985.04,-0.000833,Pass,0-2 days
20250630,DS009,D004,7658426.83,7661084.08,-2657.25,-0.000347,Pass,3-5 days
20250630,DS009,D001,11607798.99,11572301.85,35497.13,0.003058,Watch,3-5 days
20250630,DS009,D005,4405462.7,4426005.45,-20542.75,-0.004663,Watch,0-2 days
20250731,DS009,D003,4732909.41,4720020.12,12889.28,0.002723,Watch,0-2 days
20250731,DS009,D008,11778669.92,11731497.43,47172.49,0.004005,Watch,3-5 days
20250731,DS009,D001,8068947.01,8054434.04,14512.97,0.001799,Pass,6-10 days
20250831,DS009,D006,9331655.79,9321273.52,10382.28,0.001113,Pass,0-2 days
20250831,DS009,D003,8608941.55,8576882.86,32058.69,0.003724,Watch,0-2 days
20250831,DS009,D005,12462441.31,12435144.86,27296.45,0.00219,Pass,3-5 days
20250930,DS009,D003,10450707.36,10426809.62,23897.73,0.002287,Pass,0-2 days
20250930,DS009,D001,5359954.44,5351049.28,8905.17,0.001661,Pass,0-2 days
20250930,DS009,D004,6260598.4,6280733.67,-20135.27,-0.003216,Watch,0-2 days
20251031,DS009,D004,9530913.53,9512818.85,18094.68,0.001899,Pass,0-2 days
20251031,DS009,D005,8274352.79,8300598.73,-26245.94,-0.003172,Watch,0-2 days
20251031,DS009,D006,8014512.75,8012772.96,1739.8,0.000217,Pass,10+ days
20251130,DS009,D006,7094594.25,7115871.66,-21277.41,-0.002999,Watch,0-2 days
20251130,DS009,D001,9801221.03,9778098.53,23122.5,0.002359,Pass,0-2 days
20251130,DS009,D004,5962965.34,5997933.56,-34968.23,-0.005864,Watch,0-2 days
20251231,DS009,D004,5013687.96,5009640.98,4046.98,0.000807,Pass,0-2 days
20251231,DS009,D006,9108312.85,9136438.66,-28125.81,-0.003088,Watch,0-2 days
20251231,DS009,D001,7932819.94,7932384.49,435.46,5.5e-05,Pass,3-5 days
20260131,DS009,D003,9301215.65,9449943.77,-148728.12,-0.01599,Fail,0-2 days
20260131,DS009,D006,9544178.33,9527152.97,17025.36,0.001784,Pass,0-2 days
20260131,DS009,D008,7534930.78,7519271.99,15658.78,0.002078,Pass,6-10 days
20260228,DS009,D005,9335680.81,9331950.8,3730.0,0.0004,Pass,0-2 days
20260228,DS009,D002,6858925.41,6862748.66,-3823.25,-0.000557,Pass,0-2 days
20260228,DS009,D007,9080657.38,9059403.43,21253.95,0.002341,Pass,0-2 days
20260331,DS009,D001,7561011.35,7547520.28,13491.08,0.001784,Pass,0-2 days
20260331,DS009,D007,6761460.34,6800186.22,-38725.88,-0.005727,Watch,0-2 days
20260331,DS009,D006,9350410.76,9367037.23,-16626.47,-0.001778,Pass,0-2 days
20260430,DS009,D004,8479357.4,8497908.96,-18551.56,-0.002188,Pass,3-5 days
20260430,DS009,D003,7036725.16,7029850.85,6874.31,0.000977,Pass,6-10 days
20260430,DS009,D002,6647420.22,6600238.63,47181.59,0.007098,Fail,0-2 days
20260531,DS009,D005,6235620.96,6212013.88,23607.08,0.003786,Watch,0-2 days
20260531,DS009,D002,8958967.26,8972862.11,-13894.85,-0.001551,Pass,6-10 days
20260531,DS009,D003,11066332.1,11080208.5,-13876.4,-0.001254,Pass,0-2 days
20250131,DS010,D007,29653762.78,29664869.94,-11107.16,-0.000375,Pass,0-2 days
20250131,DS010,D003,27254357.39,27242285.68,12071.71,0.000443,Pass,3-5 days
20250131,DS010,D006,30204873.11,30214918.79,-10045.68,-0.000333,Pass,0-2 days
20250228,DS010,D003,23696641.68,23645403.03,51238.65,0.002162,Pass,0-2 days
20250228,DS010,D007,24491298.32,24473278.59,18019.72,0.000736,Pass,0-2 days
20250228,DS010,D005,25941047.61,25983700.82,-42653.21,-0.001644,Pass,0-2 days
20250331,DS010,D002,30416673.01,30476414.91,-59741.9,-0.001964,Pass,0-2 days
20250331,DS010,D005,30288800.25,30274980.61,13819.64,0.000456,Pass,0-2 days
20250331,DS010,D004,32363782.41,32360425.49,3356.92,0.000104,Pass,6-10 days
20250430,DS010,D001,25659311.9,25758579.03,-99267.13,-0.003869,Watch,6-10 days
20250430,DS010,D004,25468930.76,25497672.81,-28742.04,-0.001129,Pass,0-2 days
20250430,DS010,D008,30257774.76,30216669.12,41105.65,0.001359,Pass,0-2 days
20250531,DS010,D002,29064454.91,28929795.62,134659.29,0.004633,Watch,0-2 days
20250531,DS010,D007,25769960.76,25768470.02,1490.75,5.8e-05,Pass,0-2 days
20250531,DS010,D001,27541397.01,27554951.01,-13553.99,-0.000492,Pass,0-2 days
20250630,DS010,D004,29473931.42,29468895.0,5036.42,0.000171,Pass,0-2 days
20250630,DS010,D001,28823338.35,28765237.51,58100.84,0.002016,Pass,0-2 days
20250630,DS010,D005,30565622.35,30579617.26,-13994.91,-0.000458,Pass,0-2 days
20250731,DS010,D003,31343637.3,31482015.41,-138378.11,-0.004415,Watch,0-2 days
20250731,DS010,D008,33672873.71,33629165.36,43708.35,0.001298,Pass,0-2 days
20250731,DS010,D001,26064282.98,26029390.19,34892.79,0.001339,Pass,0-2 days
20250831,DS010,D006,26057954.51,26028056.41,29898.1,0.001147,Pass,0-2 days
20250831,DS010,D003,32692571.35,32626471.62,66099.72,0.002022,Pass,0-2 days
20250831,DS010,D005,23542600.47,23629058.83,-86458.37,-0.003672,Watch,0-2 days
20250930,DS010,D003,30821093.78,30846948.02,-25854.23,-0.000839,Pass,0-2 days
20250930,DS010,D001,27097128.92,27218097.99,-120969.08,-0.004464,Watch,3-5 days
20250930,DS010,D004,23583872.35,23640818.21,-56945.86,-0.002415,Pass,0-2 days
20251031,DS010,D004,24521772.99,24537966.62,-16193.63,-0.00066,Pass,10+ days
20251031,DS010,D005,29085608.42,29065676.31,19932.11,0.000685,Pass,0-2 days
20251031,DS010,D006,29290692.05,29374250.15,-83558.1,-0.002853,Watch,0-2 days
20251130,DS010,D006,32212617.71,32155694.04,56923.67,0.001767,Pass,0-2 days
20251130,DS010,D001,26044384.05,26165855.53,-121471.48,-0.004664,Watch,0-2 days
20251130,DS010,D004,26238429.65,26212355.19,26074.46,0.000994,Pass,3-5 days
20251231,DS010,D004,29799684.8,29836038.5,-36353.7,-0.00122,Pass,6-10 days
20251231,DS010,D006,27875392.56,27912437.12,-37044.56,-0.001329,Pass,0-2 days
20251231,DS010,D001,27192304.71,27304533.9,-112229.19,-0.004127,Watch,3-5 days
20260131,DS010,D003,24775018.86,24779509.77,-4490.91,-0.000181,Pass,0-2 days
20260131,DS010,D006,30055125.75,30279360.96,-224235.21,-0.007461,Fail,6-10 days
20260131,DS010,D008,29406213.31,29464702.27,-58488.95,-0.001989,Pass,0-2 days
20260228,DS010,D005,30551742.37,30656175.74,-104433.37,-0.003418,Watch,0-2 days
20260228,DS010,D002,26324625.93,26311285.56,13340.37,0.000507,Pass,0-2 days
20260228,DS010,D007,27843074.15,27835308.08,7766.07,0.000279,Pass,0-2 days
20260331,DS010,D001,26138250.28,25722268.76,415981.53,0.015915,Fail,0-2 days
20260331,DS010,D007,28825153.52,28705674.83,119478.69,0.004145,Watch,3-5 days
20260331,DS010,D006,26262195.39,26225519.59,36675.8,0.001397,Pass,6-10 days
20260430,DS010,D004,32605323.89,32684904.77,-79580.89,-0.002441,Pass,0-2 days
20260430,DS010,D003,27450243.84,27337029.68,113214.16,0.004124,Watch,0-2 days
20260430,DS010,D002,29241203.43,29160754.81,80448.62,0.002751,Watch,3-5 days
20260531,DS010,D005,28340791.2,28291435.39,49355.81,0.001742,Pass,0-2 days
20260531,DS010,D002,28847225.75,29040386.55,-193160.8,-0.006696,Fail,0-2 days
20260531,DS010,D003,27804279.02,27534573.05,269705.97,0.0097,Fail,3-5 days
20250131,DS011,D007,6130782.2,6183837.74,-53055.54,-0.008654,Fail,0-2 days
20250131,DS011,D003,11338441.26,11310996.26,27445.0,0.002421,Pass,0-2 days
20250131,DS011,D006,5061728.8,5084419.5,-22690.71,-0.004483,Watch,3-5 days
20250228,DS011,D003,7989792.44,7976180.59,13611.85,0.001704,Pass,6-10 days
20250228,DS011,D007,7748764.71,7760323.34,-11558.63,-0.001492,Pass,0-2 days
20250228,DS011,D005,8771063.0,8772500.65,-1437.66,-0.000164,Pass,3-5 days
20250331,DS011,D002,8388635.83,8662710.07,-274074.23,-0.032672,Fail,0-2 days
20250331,DS011,D005,10385884.45,10393312.59,-7428.14,-0.000715,Pass,3-5 days
20250331,DS011,D004,8872870.96,8855087.46,17783.5,0.002004,Pass,6-10 days
20250430,DS011,D001,9942072.76,9979077.86,-37005.09,-0.003722,Watch,0-2 days
20250430,DS011,D004,6072857.72,6061433.16,11424.56,0.001881,Pass,3-5 days
20250430,DS011,D008,4444718.66,4453095.62,-8376.95,-0.001885,Pass,3-5 days
20250531,DS011,D002,3960667.46,3955316.58,5350.88,0.001351,Pass,0-2 days
20250531,DS011,D007,3993260.6,3973040.13,20220.47,0.005064,Watch,0-2 days
20250531,DS011,D001,6770549.2,6767338.35,3210.85,0.000474,Pass,3-5 days
20250630,DS011,D004,9392263.57,9407970.22,-15706.65,-0.001672,Pass,3-5 days
20250630,DS011,D001,1910844.45,1921956.0,-11111.55,-0.005815,Watch,0-2 days
20250630,DS011,D005,5625513.09,5861414.51,-235901.42,-0.041934,Fail,0-2 days
20250731,DS011,D003,9324435.18,9087904.74,236530.44,0.025367,Fail,0-2 days
20250731,DS011,D008,7973108.03,7938735.44,34372.58,0.004311,Watch,6-10 days
20250731,DS011,D001,9360568.24,9622901.61,-262333.37,-0.028025,Fail,10+ days
20250831,DS011,D006,6659329.55,6636296.81,23032.75,0.003459,Watch,0-2 days
20250831,DS011,D003,6213598.57,6245763.15,-32164.57,-0.005176,Watch,0-2 days
20250831,DS011,D005,6246933.92,6209158.19,37775.73,0.006047,Fail,0-2 days
20250930,DS011,D003,6706615.54,6682118.32,24497.22,0.003653,Watch,0-2 days
20250930,DS011,D001,5121535.12,5149252.04,-27716.92,-0.005412,Watch,3-5 days
20250930,DS011,D004,9105417.78,9086908.98,18508.8,0.002033,Pass,0-2 days
20251031,DS011,D004,7466205.56,7444190.2,22015.36,0.002949,Watch,6-10 days
20251031,DS011,D005,7179056.19,6942680.5,236375.7,0.032926,Fail,0-2 days
20251031,DS011,D006,11893143.33,11889689.55,3453.78,0.00029,Pass,0-2 days
20251130,DS011,D006,7211737.09,7196711.3,15025.79,0.002084,Pass,0-2 days
20251130,DS011,D001,9698133.11,9681829.85,16303.27,0.001681,Pass,10+ days
20251130,DS011,D004,9666619.2,9648338.48,18280.71,0.001891,Pass,0-2 days
20251231,DS011,D004,7348465.98,7330745.1,17720.89,0.002412,Pass,0-2 days
20251231,DS011,D006,6201142.2,6168345.39,32796.81,0.005289,Watch,0-2 days
20251231,DS011,D001,7515299.76,7450792.34,64507.42,0.008583,Fail,3-5 days
20260131,DS011,D003,5577750.01,5602494.1,-24744.1,-0.004436,Watch,0-2 days
20260131,DS011,D006,10900614.37,10915743.56,-15129.19,-0.001388,Pass,0-2 days
20260131,DS011,D008,4749049.43,4950439.79,-201390.36,-0.042406,Fail,0-2 days
20260228,DS011,D005,10190531.77,10164167.64,26364.13,0.002587,Watch,6-10 days
20260228,DS011,D002,7285355.49,7283679.38,1676.11,0.00023,Pass,0-2 days
20260228,DS011,D007,11309882.79,11277807.57,32075.22,0.002836,Watch,0-2 days
20260331,DS011,D001,9413017.61,9436654.05,-23636.44,-0.002511,Watch,10+ days
20260331,DS011,D007,7782407.92,7751417.1,30990.82,0.003982,Watch,6-10 days
20260331,DS011,D006,8181516.24,8223238.98,-41722.74,-0.0051,Watch,0-2 days
20260430,DS011,D004,7223347.85,7208110.16,15237.69,0.00211,Pass,0-2 days
20260430,DS011,D003,6582314.65,6627116.1,-44801.45,-0.006806,Fail,3-5 days
20260430,DS011,D002,10263057.5,10066979.08,196078.43,0.019105,Fail,0-2 days
20260531,DS011,D005,6677069.38,6664783.47,12285.91,0.00184,Pass,3-5 days
20260531,DS011,D002,5824303.19,5764042.83,60260.37,0.010346,Fail,0-2 days
20260531,DS011,D003,7773396.47,7729039.2,44357.27,0.005706,Watch,0-2 days
20250131,DS012,D007,6059969.88,6026362.61,33607.27,0.005546,Watch,0-2 days
20250131,DS012,D003,4631204.51,4679643.02,-48438.51,-0.010459,Fail,0-2 days
20250131,DS012,D006,6095145.0,6080884.67,14260.33,0.00234,Pass,0-2 days
20250228,DS012,D003,6051214.9,6060289.97,-9075.07,-0.0015,Pass,10+ days
20250228,DS012,D007,6708415.91,6715493.54,-7077.63,-0.001055,Pass,0-2 days
20250228,DS012,D005,7786575.53,7783644.13,2931.4,0.000376,Pass,3-5 days
20250331,DS012,D002,7951472.32,8125678.25,-174205.93,-0.021909,Fail,3-5 days
20250331,DS012,D005,3208091.35,3153522.6,54568.75,0.01701,Fail,6-10 days
20250331,DS012,D004,2384343.56,2373532.26,10811.3,0.004534,Watch,6-10 days
20250430,DS012,D001,11034840.2,11005740.47,29099.73,0.002637,Watch,3-5 days
20250430,DS012,D004,3758414.44,3773948.25,-15533.81,-0.004133,Watch,3-5 days
20250430,DS012,D008,9470425.9,9513155.29,-42729.39,-0.004512,Watch,0-2 days
20250531,DS012,D002,5803287.91,6060432.78,-257144.87,-0.04431,Fail,0-2 days
20250531,DS012,D007,7283726.83,7307577.41,-23850.58,-0.003275,Watch,3-5 days
20250531,DS012,D001,6269429.69,6266514.55,2915.14,0.000465,Pass,0-2 days
20250630,DS012,D004,6654420.13,6640504.68,13915.46,0.002091,Pass,3-5 days
20250630,DS012,D001,10513634.11,10523503.19,-9869.08,-0.000939,Pass,0-2 days
20250630,DS012,D005,9849767.8,9869407.72,-19639.92,-0.001994,Pass,0-2 days
20250731,DS012,D003,5529689.97,5540773.63,-11083.67,-0.002004,Pass,6-10 days
20250731,DS012,D008,11051551.05,11315479.28,-263928.23,-0.023882,Fail,0-2 days
20250731,DS012,D001,9446636.16,9123787.06,322849.1,0.034176,Fail,3-5 days
20250831,DS012,D006,4014969.24,3997958.52,17010.72,0.004237,Watch,0-2 days
20250831,DS012,D003,9977255.0,9907079.87,70175.13,0.007034,Fail,0-2 days
20250831,DS012,D005,6184829.36,6417846.67,-233017.31,-0.037676,Fail,0-2 days
20250930,DS012,D003,3699415.82,3738480.88,-39065.06,-0.01056,Fail,0-2 days
20250930,DS012,D001,2396689.35,2398249.81,-1560.46,-0.000651,Pass,6-10 days
20250930,DS012,D004,3447660.2,3434532.4,13127.79,0.003808,Watch,0-2 days
20251031,DS012,D004,7372364.17,7351672.93,20691.24,0.002807,Watch,0-2 days
20251031,DS012,D005,3976763.5,3764398.25,212365.25,0.053402,Fail,0-2 days
20251031,DS012,D006,4354518.55,4380787.52,-26268.97,-0.006033,Fail,3-5 days
20251130,DS012,D006,13510549.08,13527735.86,-17186.78,-0.001272,Pass,0-2 days
20251130,DS012,D001,7900020.43,7883665.46,16354.97,0.00207,Pass,0-2 days
20251130,DS012,D004,5649944.65,5654957.68,-5013.03,-0.000887,Pass,0-2 days
20251231,DS012,D004,7868283.9,7853650.16,14633.74,0.00186,Pass,3-5 days
20251231,DS012,D006,6055446.88,6074863.97,-19417.09,-0.003207,Watch,0-2 days
20251231,DS012,D001,5773061.3,5775401.87,-2340.57,-0.000405,Pass,0-2 days
20260131,DS012,D003,7292448.33,7281373.01,11075.32,0.001519,Pass,6-10 days
20260131,DS012,D006,6229543.96,6239768.05,-10224.09,-0.001641,Pass,0-2 days
20260131,DS012,D008,7915541.35,7801156.73,114384.63,0.014451,Fail,3-5 days
20260228,DS012,D005,8251392.0,8248767.26,2624.74,0.000318,Pass,6-10 days
20260228,DS012,D002,2168103.26,2223493.71,-55390.45,-0.025548,Fail,6-10 days
20260228,DS012,D007,4541227.38,4526453.37,14774.01,0.003253,Watch,0-2 days
20260331,DS012,D001,9585543.08,9598776.66,-13233.59,-0.001381,Pass,0-2 days
20260331,DS012,D007,6500898.11,6512558.79,-11660.68,-0.001794,Pass,3-5 days
20260331,DS012,D006,11779661.85,11756685.07,22976.78,0.001951,Pass,3-5 days
20260430,DS012,D004,7986503.62,8001082.85,-14579.23,-0.001825,Pass,3-5 days
20260430,DS012,D003,7218162.5,7261983.66,-43821.16,-0.006071,Fail,6-10 days
20260430,DS012,D002,8004332.83,7993733.17,10599.66,0.001324,Pass,3-5 days
20260531,DS012,D005,9330902.92,9349441.61,-18538.69,-0.001987,Pass,0-2 days
20260531,DS012,D002,6039070.47,6119310.07,-80239.6,-0.013287,Fail,0-2 days
20260531,DS012,D003,13947150.56,13947496.98,-346.42,-2.5e-05,Pass,0-2 days
